PC Histogram size:74783
8002db78 1
80000d7c 1
8002dfce 1
80000d78 1
8002db98 1
8002dfca 1
8002db90 1
8002dfc2 1
8002db8c 1
8002dfbe 1
8002dfba 1
8002db84 1
8002dfb6 1
8002dfd2 1
8002dfaa 1
80000d54 1
8002dfa6 1
80000d30 1
8002df82 1
8001970c 1
80000d2c 1
8002df7e 1
80000cfc 1
800005fe 1
80000cf4 1
8002e036 1
80015240 1
8002d954 1
8001523c 1
8002dc18 1
8002e04a 1
8002dc14 1
8002e046 1
8002dc10 1
8002dc0c 1
8002e03e 1
8002d940 1
8002dc04 1
8002df46 1
8002dc00 1
8002e032 1
8002dbfc 1
8002dbf8 1
8002e02a 1
8002d92c 1
8002dbf0 1
8002e022 1
8002a75a 1
80000d80 1
8002dba0 1
8002d780 1
80000c58 1
8001821a 1
8000055e 1
8002d7a8 1
80000556 1
8002d7a4 1
8002d7a0 1
8002d79c 1
8002d790 1
8002d78c 1
8002d788 1
800181ea 1
8002d7b8 1
8000052a 1
80000c1c 1
80000522 1
8000051a 1
80000516 1
80000512 1
80000c08 1
8002d760 1
8000050e 1
8002d758 1
80018ee2 1
8001927a 1
800005fa 1
80000cf0 1
8002df42 1
800005f6 1
80000cec 1
8002df3e 1
80029fbc 1
800005e2 1
80000cd8 1
8002df26 1
800005da 1
8002dc2c 1
8002df22 1
8002d7f4 1
80029f70 1
80000596 1
80029f68 1
8000058e 1
8002d7d8 1
8002d7d4 1
8002d7d0 1
80018b1c 1
8002d7bc 1
8002da18 1
80018fc2 1
800198b0 1
8002dcec 1
8002e11e 1
80018fba 1
8002dce8 1
8002e11a 1
8002dce4 1
8002e116 1
8002da1c 1
8002dce0 1
8002e112 1
8002e126 1
8002c092 1
8002bbb8 1
8002ef46 1
8001a6d0 1
8002f378 1
8002dcd8 1
8002e10a 1
8002ef42 1
8002f374 1
8002e0c6 1
8002d9cc 1
80018fd6 1
8001533c 1
8002da50 1
8002dd14 1
8002e146 1
80018fe2 1
80015334 1
8002dd10 1
8002e142 1
80018fde 1
8002dd0c 1
8002dd08 1
8002e13a 1
8002e0c2 1
8002dd00 1
8002e132 1
80018fce 1
8002dcfc 1
8002e12e 1
80018fca 1
8002da34 1
8002dcf8 1
8002e12a 1
80018fc6 1
8002dcf4 1
80015268 1
8002e096 1
8002d990 1
80015278 1
8002dc54 1
80015274 1
8002dc50 1
8002e082 1
80015270 1
8002d984 1
8001526c 1
8002dc48 1
8002e07a 1
8002dc64 1
8002dc44 1
8002e076 1
80015264 1
8002dc40 1
8002d978 1
80015260 1
8002dc3c 1
8002e06e 1
8002dc34 1
8002e066 1
8002d96c 1
8002d9b4 1
8002d9c8 1
8002dc8c 1
8002e0be 1
8002dc88 1
8002e0ba 1
80018b20 1
8002dc84 1
8002dc80 1
8002e0b2 1
80018b18 1
8002e0ae 1
80000506 1
8002dc78 1
8002e0aa 1
80000e54 1
80000e50 1
8002dc70 1
8002dc6c 1
8002e09e 1
8001528c 1
80000e48 1
8002dc68 1
80000e44 1
80000146 1
80018b32 1
80000156 1
8002d3a4 1
80018b2e 1
80000152 1
8002d3a0 1
80018b2a 1
8000014e 1
8002a21e 1
80000844 1
8002d398 1
80018b22 1
8002d3a8 1
8002d394 1
80000142 1
8002d390 1
8000013e 1
8002d38c 1
80018b16 1
8000013a 1
8002d384 1
80018b0e 1
8002d380 1
80018b0a 1
8002d3bc 1
8002d3e4 1
8002d3dc 1
80000880 1
80017e42 1
8002d3d8 1
8002d3d4 1
8002d3d0 1
8002d3c8 1
8002d3c4 1
80000172 1
8002d3c0 1
8000016e 1
800186d4 1
8000016a 1
8002d3b4 1
80000162 1
8003e676 1
8002d3b0 1
80018b3a 1
8000015e 1
80001abe 1
8002ed10 1
8002d3ac 1
8000015a 1
8002d348 1
8002d35c 1
80018ae6 1
8002bf86 1
80017710 1
8002d354 1
80018ade 1
8001770c 1
8002d350 1
80018ada 1
8002bf7e 1
8002d34c 1
80018ad6 1
80017718 1
80018ad2 1
8002d340 1
80018aca 1
8002d33c 1
80018ac6 1
8002d338 1
80018ac2 1
8002d334 1
80018abe 1
8002f0f6 1
8002d32c 1
80017728 1
8002d37c 1
80018b06 1
8002d378 1
80018b02 1
8003e63a 1
8001772c 1
8002d370 1
80018afa 1
80029af8 1
8000011e 1
8002bf9e 1
80017e4e 1
8002d36c 1
80018af6 1
80029af4 1
8000011a 1
8002d368 1
80018af2 1
80000116 1
8002bf96 1
80017720 1
8002d364 1
80018aee 1
8002d670 1
8002d6d4 1
8002d6d0 1
8002d6cc 1
8002d6ac 1
8002d6a8 1
8002d6a4 1
8002d69c 1
8002d680 1
8002d67c 1
8002a4fa 1
80000b20 1
8002d674 1
8002d6d8 1
8002d650 1
8002d64c 1
8002d648 1
8002d644 1
8002a4be 1
80000ae4 1
800180a6 1
8001809e 1
80000ad0 1
8002d624 1
8002d620 1
8002d730 1
8002d754 1
80018ede 1
80000502 1
8002d750 1
800004fe 1
800004fa 1
800004f2 1
800004ee 1
800004ea 1
80000be0 1
800004e6 1
80000bd8 1
8002d61c 1
8002d72c 1
8002d728 1
8002d724 1
8002a59e 1
80000bc4 1
8002d700 1
8002d6fc 1
8002d6f8 1
8002d6f4 1
8002a56e 1
80000b94 1
8002d42c 1
8002d4c0 1
8002d45c 1
8002d458 1
8002d454 1
8002d44c 1
8002d448 1
8002d444 1
8002d440 1
8002d43c 1
800008e0 1
8002d434 1
8002d430 1
8002d4c8 1
8002d40c 1
800008b0 1
8002d408 1
8002d404 1
8002d400 1
8002d3f8 1
8002d3f0 1
80017e56 1
80018744 1
8002d3ec 1
8002d3e8 1
80017f52 1
80000abc 1
8002d614 1
80000a94 1
80017ffe 1
8002d162 1
80017ff6 1
8002d15a 1
80017ff2 1
80018884 1
800009ac 1
80017f5a 1
80018fea 1
8002d0b6 1
8002d0b2 1
8002d4e0 1
80018834 1
8002d4dc 1
8001882c 1
8002d4d4 1
8002d4d0 1
8002d4cc 1
80017f32 1
80018820 1
8002c054 1
8002c068 1
800177f2 1
8002c49a 1
80020c4a 1
8002c064 1
800177ee 1
8002c496 1
8002c05e 1
8002c490 1
8002c05a 1
800177e4 1
8002c48c 1
8002c49e 1
800177de 1
8002c486 1
800177d8 1
8002c04a 1
8002c042 1
8002c03e 1
8002c03a 1
8002c036 1
8002c02e 1
8002c02c 1
8002c028 1
80017808 1
8002c09c 1
8002c4ce 1
80017c58 1
8002c09a 1
8002c4c6 1
8002c4c2 1
8002c4be 1
8002c4ba 1
8002c086 1
8002c082 1
8001780c 1
8002c07e 1
8002c458 1
8002c4b0 1
80017804 1
8002c4ac 1
8002c076 1
80017800 1
8002c4a6 1
8002c4a2 1
8002c06e 1
800177f8 1
8002c06c 1
800177f6 1
8002c406 1
8002c424 1
8002bff0 1
8001777a 1
8002c420 1
8002c41c 1
80017770 1
8002c418 1
8002c412 1
80020bc4 1
8002c40e 1
8002bfd8 1
8002c40a 1
8002c428 1
8002c402 1
8002bfcc 1
8002c3fe 1
8002bfb8 1
8002c3ea 1
8002bfb0 1
8002c3e2 1
8002bfaa 1
8002c3da 1
8002db54 1
80000ff8 1
8002c43c 1
8002c024 1
8002c020 1
8002c450 1
8002c01c 1
80016eb4 1
8002c448 1
8002c014 1
8002c444 1
8002c440 1
8002c00c 1
80017796 1
8002c09e 1
8002c438 1
8002c004 1
8001778e 1
8002c434 1
8002c000 1
8001778a 1
80017786 1
8002c42c 1
80016e94 1
8002bff8 1
80017782 1
8002c12a 1
8002c576 1
8002c572 1
800178c8 1
8002c13c 1
8002c56a 1
800178c0 1
8002c566 1
8002c132 1
800178bc 1
8002c12e 1
800178b8 1
8002c55e 1
8002c57a 1
800178b4 1
800211e8 1
800178b0 1
800211e4 1
8002c556 1
80020d06 1
8002c552 1
8002c11a 1
8002c54c 1
8002bc40 1
8002c116 1
8002c5a6 1
8002c5be 1
80017d48 1
8002c5ba 1
80017d44 1
80020d6a 1
8002c5b6 1
80017d40 1
8002c5b2 1
8002c17e 1
8002c5ae 1
8002c176 1
8002c174 1
8002c548 1
8002bc9a 1
8002c59e 1
8002c59a 1
8002c596 1
800178ea 1
8002c592 1
800178e2 1
8002c58a 1
8002c582 1
8002bc76 1
8002c57e 1
8002c4e6 1
8002c0d0 1
8002c502 1
8002c0c8 1
8002c4fa 1
80017c84 1
8002c0c0 1
8002c4f2 1
80017c7c 1
8002c0bc 1
8002c4ee 1
80017c78 1
8002c0b4 1
8002c0d2 1
80017c70 1
8002c0b0 1
8002c0ae 1
8002c4e0 1
80017c6a 1
80020c92 1
8002c0ac 1
8002c4d8 1
8002c0a4 1
8002c4d4 1
80017c5e 1
8002c528 1
8002c112 1
8002c544 1
8002c10e 1
8002c540 1
8002c53c 1
8002c106 1
8002c538 1
8002c104 1
8002c100 1
8002c530 1
8002c0f8 1
8001586e 1
8002c0f4 1
8002c520 1
8002c0ec 1
8002bc12 1
8002c0e6 1
8002c0e4 1
8002c516 1
8002c0dc 1
8002c50e 1
8002c0d8 1
8002c50a 1
8002daa4 1
8002e1b2 1
8002dab8 1
800153a0 1
80000f5c 1
8002e1ae 1
80019938 1
80000f58 1
80000f54 1
8002e1a6 1
80000f50 1
80000f4c 1
8002e19e 1
80000f60 1
80000f48 1
8002e19a 1
80000f44 1
8002dd64 1
80000f40 1
8002dd60 1
8002e192 1
8001991c 1
80000f3c 1
8002da94 1
80000f38 1
8002a94a 1
8002dda0 1
8002a956 1
80000f7c 1
8002dd9c 1
8002e1ce 1
8002a952 1
80000f78 1
8002e1ca 1
8002dad0 1
8002a94e 1
80000f74 1
8002dacc 1
8002dd58 1
80000f70 1
8002e1c2 1
8002a946 1
80000f6c 1
80000f68 1
8002e1ba 1
80019944 1
80000f64 1
8002e1b6 1
80019940 1
800153a4 1
80018ff6 1
8002da70 1
80015358 1
8002dd34 1
8002da6c 1
80015354 1
8002dd30 1
8002e162 1
8002da68 1
80015350 1
8001534c 1
8002dd28 1
8002e15a 1
8002e16a 1
80015348 1
80000f04 1
8002dd24 1
8002e156 1
80018ff2 1
80015344 1
8002dd20 1
80015340 1
80000efc 1
8002dd1c 1
8002e14e 1
80000f28 1
8002e18a 1
80019914 1
80000f34 1
8002e186 1
80000f30 1
8002dd50 1
8002e182 1
80000f2c 1
8002dd4c 1
8002e17e 1
8002da84 1
80000f80 1
8002dd48 1
8002da80 1
80000f24 1
8002dd44 1
8002e176 1
80000f20 1
8002dd3c 1
8002e16e 1
8001535c 1
80000f18 1
8002dd38 1
8002e222 1
8002ddfc 1
8002e22e 1
8002db34 1
80000fd8 1
8001584e 1
80000fd4 1
8001584a 1
8002ddf4 1
8002e226 1
8002db2c 1
80000fd0 1
80015846 1
80000fdc 1
80000fcc 1
80015842 1
8002ddec 1
8002e21e 1
8002db24 1
8001540c 1
80000fc8 1
8001583e 1
8002dde8 1
8002e21a 1
8002db20 1
80000fe8 1
8002e24a 1
8002db50 1
80000ff4 1
8002de14 1
80000ff0 1
80015866 1
8002de10 1
8001959a 1
8002e242 1
8002db48 1
80000fec 1
80015862 1
80015408 1
8001585e 1
8002de08 1
8002e23a 1
8002db40 1
80000fe4 1
8001585a 1
8002e236 1
80000fe0 1
80015856 1
8002de00 1
8002db38 1
8002ddb0 1
8002dafc 1
8002e1f2 1
8002daf8 1
8002daf4 1
8002ddb8 1
8002e1ea 1
80019086 1
8002ddb4 1
8002e1e6 1
8002daec 1
80018988 1
80000f90 1
8002e1f6 1
8002e1e2 1
8002dae8 1
80018984 1
80000f8c 1
8002e1de 1
80000f88 1
8002dae0 1
80000f84 1
8002dda4 1
8002e1d6 1
8002a95a 1
8002ddd8 1
80000fc4 1
80000fc0 1
80015836 1
8002dde0 1
8002e212 1
8002db18 1
80000fbc 1
80015832 1
8002e20e 1
80000fb8 1
8001582e 1
80018ab6 1
8002e20a 1
8002db10 1
80000fb4 1
8001582a 1
8002e206 1
80000fb0 1
80015826 1
80000fac 1
8002e1fe 1
8002db04 1
8002e1fa 1
80018672 1
8002dbdc 1
8002e00e 1
8002d06e 1
8002c0ce 1
80016f4c 1
80020880 1
80000d4c 1
800011c4 1
8002e416 1
80019ba0 1
8002e848 1
8002cee8 1
8002d918 1
8000038c 1
8002c0ca 1
80000d48 1
8002db68 1
8002df9a 1
80019724 1
80019b9c 1
8002e844 1
8002cee4 1
80018a70 1
8002dbd4 1
8002e272 1
80001028 1
8000145a 1
8002e27a 1
8002e6ac 1
8002bdac 1
8002cd48 1
80001024 1
80001456 1
8002cd44 1
80015896 1
80001020 1
80001452 1
8000050a 1
800199fc 1
8002e6a4 1
8002bda4 1
80000d50 1
8002db70 1
8002dfa2 1
8001972c 1
8002e41a 1
80019ba4 1
8002e84c 1
8002bf4c 1
80001492 1
80029c56 1
8000027c 1
800010b4 1
800014e6 1
8002d49c 1
80000940 1
8002d284 1
8002cd84 1
8001850e 1
800158d6 1
8002aa3a 1
80001060 1
80019f7e 1
8001541a 1
80015d08 1
8002bde4 1
8001756e 1
80000ce8 1
80001592 1
80015e08 1
8002e3b2 1
80019b3c 1
8002e7e4 1
8002ce84 1
800010b8 1
8002bc94 1
8002c0c6 1
8002cde0 1
800010bc 1
800014ee 1
80015476 1
8002e30e 1
8002e740 1
8002d072 1
8002d4a4 1
8002cddc 1
8001589e 1
800014ea 1
80015472 1
8002be3c 1
8002d4a0 1
80000602 1
80000cf8 1
8002df4a 1
80015e18 1
8002e3c2 1
80019b4c 1
8002e7f4 1
8001745c 1
8002bcda 1
80017464 1
8002dee0 1
80001384 1
8002e5d6 1
8002bcd6 1
80017460 1
8002d0b0 1
8002cc72 1
80001380 1
8002c18e 1
8002bcd2 1
80001388 1
8002d0ac 1
80020d98 1
8002c10c 1
8002a766 1
80000d8c 1
8002dbac 1
8002dfde 1
8002b010 1
80001636 1
80015eac 1
80019be0 1
80017472 1
8002d48c 1
8002cc80 1
8002bce0 1
8001746a 1
8002d488 1
8002a306 1
8000092c 1
8002ecd2 1
8002c3d2 1
8001524c 1
8002dc28 1
8002e05a 1
8002e888 1
8002d484 1
8002c3ce 1
8002d960 1
80015248 1
8002dc24 1
8002e056 1
80018ef2 1
8000055a 1
8001746e 1
8002cc7a 1
8002dee4 1
8000102c 1
8000149a 1
80015422 1
80015d10 1
8002e2ba 1
8002e6ec 1
8002bdec 1
80017576 1
80001644 1
80015eba 1
80016a00 1
8002cd50 1
800158a2 1
80001068 1
8000145e 1
8002e27e 1
80019a08 1
8002db7c 1
8002dfae 1
80019bb0 1
8002e858 1
8002dbe8 1
8002d07a 1
8000051e 1
800001f0 1
80015d14 1
800001f8 1
80001030 1
80001462 1
8002e6b4 1
8002bdb4 1
8002d080 1
800158e2 1
8002aa46 1
8000106c 1
8000149e 1
80015426 1
80000ce4 1
8002e2be 1
8002e6f0 1
80019e7a 1
80001648 1
80015ebe 1
8002e89a 1
8002d0bc 1
8002cd8c 1
80018516 1
800158de 1
8002aa42 1
8002e800 1
800012cc 1
8002bc1e 1
800173a8 1
8002cde8 1
800010c4 1
800014f6 1
8002e748 1
8002be48 1
8002d4ac 1
800182ca 1
8002df56 1
80019b58 1
8002de28 1
8001969c 1
8002cdbc 1
80018546 1
80029c3a 1
80000260 1
80001098 1
800014ca 1
8002e2ea 1
8002e89e 1
8002ecd0 1
8002be1c 1
8002e804 1
800177e6 1
8002cdec 1
80000290 1
800010c8 1
800014fa 1
8002be4c 1
80017f1a 1
8002d4b0 1
80000954 1
8002df5a 1
8002e3d2 1
80019b5c 1
80015244 1
80019f8e 1
8002bf04 1
800014ce 1
8002e720 1
80019eaa 1
8002b45c 1
80001a82 1
800162f8 1
8002be20 1
8002d468 1
8002cbbe 1
8002dba4 1
8002e718 1
80019ea2 1
8002be18 1
8002d460 1
8002a2de 1
80000904 1
8002cbb6 1
800012c4 1
80015b3a 1
8002e516 1
8002a75e 1
80000d84 1
8002e2e6 1
8002b008 1
8000162e 1
800155b6 1
8002e44e 1
80019bd8 1
8002e880 1
8002cd74 1
800184fe 1
800158c6 1
8002aa2a 1
80001050 1
8002b00c 1
8002dc20 1
8002e052 1
80018eee 1
8002d464 1
8002de24 1
800195ae 1
800012c8 1
8002bc1a 1
800173a4 1
8002a762 1
80000d88 1
8002c05c 1
80001632 1
800155ba 1
8002e452 1
8002e884 1
8002bf84 1
800010c0 1
800014f2 1
8002be44 1
8002df52 1
80001094 1
800014c6 1
8002de38 1
80001586 1
80015dfc 1
80019b30 1
8002e7d8 1
8002ce78 1
80018602 1
8002bed8 1
8002cdd0 1
800010ac 1
800014de 1
8002e2fe 1
8002d478 1
8002df2e 1
800012dc 1
80015b52 1
8002e52e 1
8002e852 1
8002bc36 1
800010a8 1
800014da 1
8002e2fa 1
8002e72c 1
800195c8 1
8002b468 1
80019b34 1
8002df36 1
8000158e 1
80015e04 1
8002e3ae 1
80019b38 1
8002e7e0 1
8002bee0 1
800005ea 1
80000ce0 1
8000158a 1
80015e00 1
8002e3aa 1
80001a8e 1
8002e7dc 1
8002ce7c 1
80000320 1
8002bedc 1
8002d146 1
80015820 1
800013dc 1
8002e62e 1
80016bd2 1
8002bd36 1
80000cdc 1
8002e724 1
8000006a 1
8002de30 1
800012d4 1
8002e526 1
8002bc26 1
800173b0 1
8002cdc4 1
8001854e 1
80029c42 1
80000268 1
800010a0 1
800014d2 1
8002cbc6 1
800195c0 1
80019eae 1
8002b460 1
80001a86 1
800162fc 1
8002e8a6 1
8002ecd8 1
8002be24 1
8002cbc2 1
8002de2c 1
800012d0 1
8002cbd2 1
8002ece0 1
8002be2c 1
8002d474 1
80000918 1
8002cbca 1
800012d8 1
80015b4e 1
8002e52a 1
8002e84e 1
8002bb1c 1
8002bf4e 1
8002cc84 1
8002bc32 1
8002cdc8 1
80018552 1
800010a4 1
800014d6 1
8002b464 1
80001a8a 1
80016300 1
8002ecdc 1
8002be28 1
8002d470 1
8002cdb4 1
80018596 1
8002be6c 1
80029c86 1
800002ac 1
8002be68 1
8002ce04 1
8002be64 1
8002ce00 1
80001ac2 1
8002e8e2 1
8002ed14 1
8002be60 1
8002ce0c 1
80001090 1
800014c2 1
8002cdb0 1
8002ae98 1
800014be 1
8002e710 1
800195ac 1
80019e9a 1
8002be10 1
80001088 1
8002ae94 1
8002e77c 1
8002e356 1
8002e788 1
8002ce24 1
800185ae 1
800002c8 1
80001532 1
8002e352 1
8002e784 1
8000152e 1
8002ce1c 1
800185a6 1
8000152a 1
800014ba 1
8002be7c 1
8002ce18 1
800185a2 1
80001526 1
8002e778 1
80001522 1
8002be74 1
8002ce10 1
8001859a 1
800002b4 1
8002be70 1
8001542a 1
800014a6 1
8001542e 1
8002e6f8 1
80019e82 1
8002cd94 1
8001851e 1
80000238 1
800158e6 1
8002aa4a 1
80001070 1
8002ae7c 1
800014a2 1
80001074 1
80015d18 1
8002e2c2 1
8002e6f4 1
80019e7e 1
8002bdf4 1
8001757e 1
8002cd88 1
80018512 1
800158da 1
8002aa3e 1
80001064 1
80018526 1
8002e70c 1
800195a8 1
80019e96 1
8002be0c 1
8002cda4 1
8001852e 1
8002be04 1
8002ae88 1
800014ae 1
8002be00 1
8002cd9c 1
80001536 1
800158ee 1
8002aa52 1
80001078 1
800014aa 1
8002e6fc 1
80019e86 1
8002bdfc 1
80017586 1
8002cd98 1
80018522 1
8002aa4e 1
80018a6e 1
8002d2f8 1
80018a82 1
8002c358 1
8002d2f4 1
80018a7e 1
8002d2f0 1
80018a7a 1
8002c350 1
8002d2e8 1
80018a72 1
8003e5aa 1
8002d2e4 1
80017d62 1
8002d2e0 1
80018a6a 1
8002d2dc 1
80018a66 1
8002d2d4 1
80018a5e 1
8002a152 1
80000778 1
8002d2d0 1
80018a5a 1
80020fbc 1
8002d310 1
8002d328 1
80018ab2 1
8002d324 1
80018aae 1
8003e5e6 1
8002d320 1
80018aaa 1
8002d318 1
80018aa2 1
8002d314 1
80018a9e 1
80018668 1
8002d2cc 1
80018a9a 1
8002d30c 1
80018a96 1
8002d308 1
80018a92 1
80017d6e 1
8002d304 1
80018a8e 1
8002d2fc 1
80018a86 1
8002c35c 1
80017a82 1
8000005a 1
80020f94 1
8002c308 1
8002d2a4 1
8002d2a0 1
80020f8c 1
8002c300 1
8002d29c 1
80020f88 1
8002c2fc 1
8002d298 1
8002c2f8 1
8002d2ac 1
8002c2f4 1
80017a7e 1
8002d290 1
8002d28c 1
8002c2ec 1
8002d288 1
8002c2e8 1
8002d278 1
8002ce2c 1
800185b6 1
8002be8c 1
80020fa4 1
80018a56 1
80020fb8 1
8002d2c8 1
80018a52 1
80029a50 1
80000076 1
8002d2c0 1
80018a4a 1
8000006e 1
8002d2b8 1
80000066 1
80001496 1
8002c318 1
80017aa2 1
8002d2b4 1
80000062 1
80020fa0 1
8002c314 1
80017a9e 1
8002d2b0 1
8000005e 1
80020f9c 1
8002c310 1
800005d6 1
8002d13a 1
800005de 1
8002ccfc 1
8000140a 1
8002e65c 1
8002bd5c 1
8002d9e0 1
80018b40 1
8002e0d6 1
8002f0f2 1
80001406 1
8002d9dc 1
8002e0da 1
8002ccf4 1
80000198 1
8002addc 1
80001402 1
8002e654 1
8002bd54 1
8002dc9c 1
8002e0ce 1
80019858 1
800005d2 1
8002ccca 1
8002d142 1
8000141e 1
800153a6 1
8002e670 1
8002bd70 1
8002e0ea 1
8002d14a 1
800005ee 1
80001416 1
8001539e 1
8002e668 1
8002dcb0 1
8002e0e2 1
800013d8 1
800005e6 1
8002cd04 1
80001412 1
8002bd64 1
8002dcac 1
8003dbbc 1
8002cd00 1
8000140e 1
8002e660 1
800152cc 1
8002dca8 1
8002c12c 1
800013a4 1
80015c1a 1
8002e5f6 1
8002bcf6 1
80017480 1
80000136 1
8002defc 1
800013a0 1
80015c16 1
8002e5f2 1
8002bcf2 1
8001747c 1
8002c134 1
800178b6 1
8002cc90 1
8002d066 1
8002d498 1
8002cc8c 1
8002bcec 1
80017476 1
80029b06 1
8000012c 1
8002d490 1
8002e8a8 1
8002bd22 1
8002ccc6 1
800013d4 1
8002e626 1
8002bd26 1
800174b0 1
80016bca 1
8002bd2e 1
800166f0 1
80000166 1
800013d0 1
8002e622 1
800001b4 1
800174ac 1
8002d0fc 1
8002cc9a 1
8002df04 1
800013a8 1
80015c1e 1
8002bcfa 1
80017484 1
8002cca2 1
8002bd02 1
8001748c 1
8002e6b8 1
80019a18 1
8002e6c0 1
8002bdc0 1
8002cd5c 1
80000200 1
800158ae 1
80001038 1
8000146a 1
8002bdbc 1
8002cd58 1
80001034 1
80001466 1
8002e28e 1
8002bdb8 1
80015892 1
8000101c 1
8000144e 1
8002cd3c 1
8001588e 1
80001018 1
8000144a 1
8002e26a 1
8002bd9c 1
8002cd38 1
800184ee 1
8001541e 1
80015d0c 1
8002e6e8 1
8002cd68 1
800184f2 1
80001044 1
80001476 1
80019132 1
8002e6c8 1
8002bdc8 1
8002cd64 1
800001dc 1
80000208 1
800158b6 1
80001040 1
80001472 1
8001912e 1
8002e292 1
8002bdc4 1
800158b2 1
8000103c 1
8000146e 1
8001912a 1
80000606 1
8002d166 1
8000060a 1
8002c1c6 1
8001587a 1
80001004 1
80001436 1
800153be 1
8002e256 1
8002e688 1
8002bd88 1
8002dcd0 1
8002e102 1
8002bbb0 1
80001422 1
800153aa 1
8002e674 1
8002bd74 1
8002dcbc 1
8002e0ee 1
8002d14e 1
800005f2 1
80020e3a 1
8002c1ae 1
8002cd10 1
800199e8 1
8001588a 1
80001014 1
80001446 1
800199f0 1
8002e698 1
8002bd98 1
8002cd30 1
8000100c 1
8000143e 1
800153c6 1
8002e25e 1
80017d4c 1
8002e690 1
8002bd90 1
8002cd2c 1
8001587e 1
80001008 1
8000143a 1
800153c2 1
8002bd8c 1
8002dcd4 1
8002e106 1
8002c08a 1
8002cf36 1
8002cf82 1
8002cf7e 1
8002cf7a 1
8002cf72 1
8002cf6e 1
8002cf66 1
8002cf62 1
8002cf5a 1
8002cf4e 1
8002cf46 1
800186d0 1
8002cf3a 1
8002cf8a 1
8002cf2e 1
8002cf2a 1
8002cf26 1
8002cf1e 1
8002cf1a 1
8002cf16 1
8002cf12 1
8002cf0e 1
8002cf06 1
8002cf02 1
8002cefa 1
8002cfbe 1
8002cffa 1
8002cff2 1
8002cfee 1
8002cfea 1
8002cfe6 1
8002cfda 1
8002cfd6 1
80018760 1
8002cfd2 1
8001875c 1
8002cfc6 1
80018750 1
8002cef6 1
80018748 1
8002cfb6 1
80017e52 1
80018740 1
8002cfae 1
80018738 1
8002cfaa 1
8002cfa2 1
8002cf9e 1
8002cf96 1
8002cf92 1
8002ce3a 1
8002ce7a 1
80018604 1
8002ce72 1
800185fc 1
8002ce6a 1
8002ce66 1
8002ce5e 1
8002ce56 1
8002ce52 1
8002ce4a 1
8002ce42 1
8002ce3e 1
80018608 1
8002ce2e 1
8002ce26 1
8002ce22 1
8002ce16 1
8002ce12 1
8002ce06 1
8002cdfe 1
8002cdfa 1
8002cdee 1
80017c8a 1
8002cde6 1
8002ceaa 1
8002ceee 1
8002cee2 1
8001866c 1
8002ceda 1
8002ced6 1
8002ceca 1
8002cec2 1
8002cebe 1
8002ceb6 1
8002ceb2 1
8002ceae 1
8002cffe 1
8002cea2 1
8002ce9e 1
8002ce96 1
80018620 1
8002ce8e 1
80018618 1
8002ce86 1
80018610 1
8002ce82 1
8001860c 1
8002ce7e 1
8002cd0a 1
8002d186 1
8002d182 1
8002d17a 1
8002d176 1
8002d16e 1
8002cd32 1
8002cd2a 1
8002d15c 1
8002cd26 1
8002d158 1
8002cd1e 1
8002cd16 1
8002d18a 1
8002d134 1
8002ccfe 1
8002d130 1
8002d12a 1
8002d122 1
8002d11e 1
8002d116 1
8002d10e 1
8002d10a 1
80018894 1
8002d102 1
80018958 1
8002d21e 1
8002d21a 1
8002d212 1
8002d206 1
8002d1fe 1
8002d1f2 1
8002d1ee 1
8002d1e2 1
8002d1da 1
8002d1d6 1
8002d1d2 1
8002d1ce 1
8001888c 1
8002d1c6 1
80018950 1
8002d1c2 1
8001894c 1
8002d1ba 1
8002d1b2 1
8002d1aa 1
8002d1a6 1
8002d1a2 1
8002d19e 1
8002d196 1
8002d02e 1
8002cc42 1
8002d074 1
8002d06c 1
8002cc36 1
8002d068 1
8002d060 1
8002cc2a 1
8002cc22 1
8002cc1e 1
8002cc16 1
8002d03a 1
8002d036 1
8001880c 1
8002d02a 1
8002d022 1
8002d01e 1
800187a8 1
8002d01a 1
800187a4 1
8002d016 1
8002d00e 1
8002d00a 1
8002d006 1
8002d002 1
8002cc86 1
8002d0fe 1
80018888 1
8002d0f6 1
80018880 1
8002d0e6 1
8002d0e2 1
8002d0da 1
8002d0d2 1
8002d0ce 1
8002d0c6 1
8002d0c2 1
8002cde2 1
8002d0b8 1
8002d0ae 1
8002d09e 1
80018828 1
8002d09a 1
80018824 1
8002d092 1
8001881c 1
8002d08e 1
80018818 1
8002d082 1
8002cbf4 1
8002c7d4 1
80017f5e 1
8002c7d0 1
8002cc02 1
8002cc00 1
8001838a 1
8002cbfe 1
8002cbfc 1
80018386 1
8002c7c8 1
8002cbf8 1
80018382 1
80018392 1
8002c7c0 1
8002cbf2 1
8001837c 1
8002cbf0 1
8002c7bc 1
8002cbee 1
80018378 1
8002cbec 1
80018376 1
8002c7b8 1
8002cbe8 1
8002c7ec 1
8002c806 1
8002cc38 1
8002c804 1
8002c800 1
8001769a 1
8002c7fe 1
8002cc30 1
8002c7fa 1
8002cc2c 1
8002c7f6 1
8002cc28 1
8002cc24 1
8002c7b4 1
8002cc1c 1
8002cc18 1
8002c7e4 1
8002c7e0 1
8002cc12 1
8002cc10 1
8002cc0c 1
8002c7d8 1
80017f62 1
8002cc0a 1
8002cc08 1
8002cb82 1
8002cba2 1
8002c76c 1
8002cb9e 1
8002cb9a 1
8002c764 1
8002cb96 1
8002c75c 1
8002cb8e 1
8002cb8a 1
8002c754 1
8002cb86 1
8002c750 1
8002c770 1
8002cb7c 1
8002cb78 1
8002cb74 1
8002cb70 1
8002c73a 1
8002cb6c 1
8002cb66 1
8002c730 1
8002c72c 1
8002cb5e 1
8002c728 1
80017f2e 1
8002cbe6 1
8002cbe4 1
8002cbe2 1
8002cbe0 1
8002c7ac 1
80017f36 1
8002cbde 1
80017a7a 1
8002cbdc 1
8002cbd8 1
8002c7a4 1
8002cc3c 1
8002cbd0 1
8002cbcc 1
8002cbc8 1
8002cbc4 1
8002cbc0 1
8002cbbc 1
8002cbb8 1
8002c77c 1
8002cbae 1
8002c778 1
8002cbaa 1
8002c8cc 1
800184f8 1
8002cd6a 1
800184f4 1
8002cd62 1
8002cd5e 1
8002cd52 1
8002cd4e 1
8002cd4a 1
8002cd3e 1
8002cd36 1
8002c8d8 1
8002c8d4 1
8002cd6e 1
8002c8c4 1
8002ccf6 1
8002ccf2 1
8002ccea 1
8002cce6 1
8002c8b0 1
8002cce2 1
8002c8ac 1
8002ccde 1
8002c8a8 1
8002ccd6 1
8002cda2 1
8002cdda 1
8002cdd6 1
8002cdce 1
8002cdc2 1
8002cdba 1
80017c56 1
8002cdb6 1
80018540 1
8002cdae 1
80018538 1
8002cdaa 1
80018534 1
8002cccc 1
8001852c 1
8002cd96 1
8002cd8e 1
8002cd8a 1
80018514 1
8002cd82 1
8001850c 1
8002cd7a 1
80018504 1
8002cd76 1
80018500 1
8002cc56 1
8002cc6e 1
8002c83a 1
8002cc6c 1
8002c836 1
8002cc68 1
8002cc66 1
8002c832 1
8002cc64 1
8002cc62 1
8002c82a 1
8002cc5c 1
8002cc5a 1
8002cc74 1
8002c822 1
8002cc54 1
8002cc50 1
8002cc4e 1
8002cc4a 1
8002c816 1
8002cc48 1
8002c812 1
8002cc44 1
8002c810 1
8002c80c 1
8002cca8 1
8002ccc4 1
8001844e 1
8002c88e 1
8002ccc0 1
8001844a 1
8002ccbc 1
80018446 1
8002ccb8 1
80018442 1
8002ccb0 1
8002ccac 1
8002d226 1
80018432 1
8002cca4 1
8002cc9c 1
8002cc98 1
8002cc94 1
8002cc8a 1
8002c84c 1
8002cc7e 1
8002c846 1
8002cc78 1
8002c842 1
8002d4de 1
8002d0c0 1
8002d4f2 1
80029c7a 1
800002a0 1
8002d4ee 1
80029c76 1
8000029c 1
8002d4ea 1
80029c72 1
80000298 1
8002d4e6 1
80000294 1
800002a4 1
8000028c 1
8002d4da 1
80000288 1
8002d4d6 1
80029c5e 1
80000284 1
8002d0a0 1
8002d4d2 1
80029c5a 1
80000280 1
8002d4ca 1
8002d50e 1
800002d4 1
8002d0f0 1
8002d522 1
800002d0 1
8002d0ec 1
80018876 1
8002d51e 1
800002cc 1
8002d516 1
800002c4 1
8002d512 1
800002c0 1
80029c52 1
800002bc 1
8002d50a 1
800002b8 1
8002d502 1
80029c8a 1
800002b0 1
8002d4fa 1
80029c82 1
800002a8 1
8002d4f6 1
80029c7e 1
8002d482 1
80000248 1
8002d496 1
80000244 1
8002d492 1
80000240 1
8002d05c 1
8002d48e 1
8000023c 1
8002d054 1
8002d486 1
80000234 1
8002d050 1
8002d49a 1
80000230 1
8002d47e 1
8000022c 1
8002d048 1
8002d47a 1
80000228 1
8002d040 1
800187ca 1
8002d472 1
80000220 1
8002d03c 1
8001880e 1
80000278 1
8002d094 1
8002d4c6 1
80029c4e 1
80000274 1
8002d4c2 1
80029c4a 1
80000270 1
8002d4be 1
80029c46 1
8000026c 1
8002d526 1
8002d4b6 1
80029c3e 1
80000264 1
8002d07c 1
8002d4ae 1
8000025c 1
8002d4aa 1
80000258 1
80000254 1
8002d4a2 1
80000250 1
8002d5a2 1
80000368 1
8002d184 1
8002d5b6 1
80029d3e 1
80000364 1
8002d180 1
8002d5b2 1
8002d5aa 1
80018d34 1
8002d5a6 1
80018d30 1
8002d170 1
8002d5ba 1
80018d2c 1
80000350 1
8002d16c 1
8002d59e 1
80018d28 1
8000034c 1
8002d164 1
8002d596 1
8002d592 1
8002d58e 1
8002d58a 1
8002d5d2 1
8002d5ea 1
80000398 1
8002d5e6 1
80000394 1
8002d5e2 1
80000390 1
8002d1a8 1
8002d5da 1
80000388 1
8002d5d6 1
80000384 1
8002d1a0 1
80018d14 1
80000380 1
8002d19c 1
8002d5ce 1
8000037c 1
8002d5c6 1
80000374 1
8002d5c2 1
80000370 1
8002d18c 1
8002d5be 1
8000036c 1
8002d53e 1
800188aa 1
8002d552 1
80000300 1
8002d11c 1
800188a6 1
8002d54e 1
800002fc 1
8002d54a 1
800002f8 1
8002d546 1
800002f4 1
80018896 1
80000308 1
800002ec 1
8002d108 1
8002d53a 1
800002e8 1
8002d104 1
8002d536 1
800002e4 1
8002d532 1
800002e0 1
8002d52a 1
800002d8 1
8002d56e 1
8002d150 1
8002d582 1
8002d57e 1
8000032c 1
8002d148 1
8002d57a 1
80000328 1
8002d576 1
80018d00 1
80000324 1
8002d13c 1
800187c6 1
8000031c 1
8002d56a 1
80000318 1
8002d566 1
80000314 1
8002d562 1
80000310 1
8002d55e 1
8000030c 1
8002d128 1
8002d55a 1
8001868a 1
8002d35a 1
8002cf24 1
8002d356 1
8002cf20 1
8002d34a 1
8002cf14 1
8002d346 1
8002d342 1
8002cf0c 1
8001868e 1
8002d336 1
8002cf00 1
8002cf28 1
8002d332 1
8002cefc 1
80018686 1
8002d32e 1
80018682 1
8002d322 1
8002d31e 1
8002d31a 1
8002d30e 1
8002d306 1
8002ced0 1
800186ce 1
8002cf5c 1
800186e6 1
8002d38e 1
8002d38a 1
8002d386 1
80029b0e 1
80000134 1
80029b0a 1
80000130 1
8002cf48 1
80029b02 1
80000128 1
8002d2fe 1
8002d376 1
80029afe 1
80000124 1
8002d372 1
80000120 1
8002d36e 1
8002cf34 1
80000114 1
8002cf30 1
8002d362 1
8002d35e 1
8002d25e 1
8002d292 1
8002d28e 1
8002d286 1
80000034 1
80000030 1
8002d27e 1
8000002c 1
8002d27a 1
80000028 1
8002d272 1
8002d26a 1
8002d266 1
8002d29a 1
8000000c 1
8002d252 1
80000000 1
8002d24e 1
8002d24a 1
8002d242 1
8002d23e 1
8002d23a 1
8002d236 1
8002d232 1
8002d22a 1
8002ce98 1
8002d2fa 1
8002d2f2 1
8002cebc 1
8002ceb8 1
8002d2ea 1
8002d2e6 1
8002d2de 1
8002d2da 1
8002cea4 1
8002d2d6 1
80018a60 1
8002d39a 1
8002d2ca 1
8002d2c6 1
8002d2c2 1
8002d2ba 1
8002d2b6 1
8002d2ae 1
80000058 1
8002d2a6 1
80000054 1
8002d2a2 1
80000050 1
8002cff4 1
8002d43e 1
800001ec 1
800001e8 1
8002d004 1
8002d436 1
800001e4 1
8002d432 1
800001e0 1
8002cff8 1
8002d42a 1
80029bb2 1
800001d8 1
8002d00c 1
80029bae 1
800001d4 1
8002cff0 1
8002d422 1
80029baa 1
800001d0 1
8002d41e 1
80029ba6 1
800001cc 1
8002cfe4 1
8002d416 1
80000210 1
8002d46e 1
8000021c 1
800187c2 1
8002d46a 1
80000218 1
8002d034 1
800187be 1
8002d466 1
80000214 1
8002d030 1
800187ba 1
800001c4 1
800187b6 1
8002d45e 1
8000020c 1
8002d024 1
800187ae 1
8002d456 1
80000204 1
800001fc 1
8002d014 1
8002d446 1
800001f4 1
8002d3ca 1
8001873a 1
8002d3e2 1
80000190 1
8002d3de 1
8000018c 1
8002d3da 1
80000188 1
8002d3d2 1
80000180 1
8002cf9c 1
8002d3ce 1
8000017c 1
8002cfb0 1
80000178 1
8002d3c6 1
80000174 1
8002cf8c 1
8002d3be 1
8002d3b6 1
8002cf80 1
8002d3a2 1
8002cf6c 1
800186f6 1
8002d39e 1
8002d3fa 1
800001c0 1
8002d40e 1
80029b96 1
800001bc 1
8002d40a 1
800001b8 1
8002cfd0 1
8002d402 1
800001b0 1
8002cfcc 1
800001ac 1
8002cb5a 1
800001a8 1
8002d3f6 1
800001a4 1
8002cfc0 1
8002d3f2 1
800001a0 1
8002cfbc 1
8002d3ee 1
8000019c 1
8002d3e6 1
80000194 1
8002c7ca 1
8002c3b4 1
8002c7e6 1
8002c3b0 1
8002c7e2 1
8002c3a8 1
8002c7da 1
8002c3a0 1
8002c7d2 1
8002c39c 1
8002c7ce 1
80017f58 1
8002c398 1
8002c7ea 1
80017f54 1
8002c394 1
8002c7c6 1
80017f50 1
8002c38c 1
8002c7be 1
80017f48 1
8002c384 1
8002c7b6 1
80017f40 1
8002c380 1
8002c820 1
8002c844 1
8002c410 1
8002c83c 1
8002c408 1
8002c834 1
8002c400 1
8002c3fc 1
8002c82c 1
8002c3f8 1
8002c828 1
8002c824 1
8002c3f0 1
8002c7b2 1
8002c81c 1
8002c818 1
8002c3e4 1
8002c3e0 1
8002c3dc 1
8002c3d4 1
8002c3c8 1
8002c3c0 1
8002c7f2 1
8002c7ee 1
8002c3b8 1
8002c774 1
8002c790 1
8002c35a 1
8002c78c 1
8002c78a 1
8002c356 1
8002c788 1
8002c786 1
8002c782 1
8002c34e 1
8002c77e 1
8002c344 1
8002c776 1
80017f1c 1
8002c33c 1
8002c76e 1
8002c338 1
8002c76a 1
8002c334 1
8002c766 1
8002c330 1
8002c762 1
8002c32c 1
8002c75e 1
8002c75a 1
80017f2c 1
80017f3c 1
8002c37c 1
8002c7ae 1
80017f38 1
8002c378 1
8002c7aa 1
80017f34 1
8002c374 1
8002c7a6 1
80017f30 1
8002c7a2 1
8002c848 1
8002c36c 1
8002c79e 1
80017f28 1
8002c79a 1
80017f24 1
8002c798 1
80017f22 1
8002c794 1
80017f1e 1
8002c360 1
8002c792 1
8002c8b4 1
8002c8d2 1
8002c8ce 1
8002bfc0 1
8002c498 1
8002c8ca 1
8002c492 1
8002c8c2 1
8002c8be 1
8002c8bc 1
8002c488 1
8002c8ba 1
8002c8b8 1
8002c4a0 1
8002c480 1
8002c47e 1
8002c47a 1
8002c8aa 1
8002c476 1
8002c474 1
8002c8a6 1
8002c470 1
8002c8a2 1
8002c46c 1
8002c89e 1
8002c8ee 1
8002c4d0 1
80017c5a 1
8002c900 1
8001808a 1
8002c8fc 1
8002c4c8 1
8002c8fa 1
8002c8f8 1
8002c8f4 1
8002c8f2 1
8002c8f0 1
8002c4bc 1
8002c46a 1
8002c4b8 1
8002c8ea 1
8002c8e8 1
8002c4b4 1
8002c8e6 1
8002c4b2 1
8002c8e4 1
8002c8e0 1
8002c8de 1
8002c4aa 1
8002c8d6 1
80017fea 1
8002c870 1
80017ffa 1
8002c86c 1
8002c86a 1
8002c436 1
8002c868 1
8002c432 1
8002bf58 1
80021016 1
8002c862 1
8002c42e 1
8002c860 1
8002c43e 1
8002c85e 1
80017fe8 1
8002c85a 1
8002c858 1
8002c422 1
8002c854 1
8002bf48 1
8002c850 1
8002c84e 1
8002c41a 1
8002c416 1
8002c452 1
8002c89c 1
8002c898 1
8002c464 1
8002c896 1
8002c462 1
8002c894 1
8002c45e 1
8002c890 1
8002c45a 1
8002c88a 1
8002c886 1
8002c324 1
8002c884 1
8002c882 1
8002c87e 1
8002c44a 1
8002c87c 1
8002c87a 1
8002c876 1
8002c874 1
8002bf68 1
80021026 1
8002c872 1
8002c220 1
8002c238 1
800179c2 1
8002c66a 1
8002c230 1
800179ba 1
8002c662 1
8002c228 1
800179b2 1
8002c65a 1
8002c224 1
800179ae 1
8002c656 1
8002c66e 1
8002c652 1
8002c21c 1
8002c64e 1
8002c218 1
8002c64a 1
8002c216 1
8002c20e 1
8002c640 1
8002c20a 1
8002c63c 1
8002c206 1
8002c254 1
8002c69e 1
8002c69a 1
8002c266 1
800179f0 1
8002c696 1
8002c692 1
8002c25e 1
800179e8 1
8002c68e 1
8002c68a 1
8002c256 1
800179e0 1
8002c638 1
8002c686 1
8002c24c 1
8002c67e 1
8002c24a 1
800179d4 1
8002c244 1
800179ce 1
8002c676 1
8002c240 1
800179ca 1
8002c672 1
8002c5e2 1
8002c5fa 1
8002c1c4 1
8002c5f6 1
8002c1c2 1
8002c1bc 1
8002c5ee 1
80017d78 1
8002bce2 1
8001746c 1
8002c1b4 1
8002c5e6 1
8002c1b0 1
8002c5fe 1
8002c5de 1
8002c1aa 1
8002c5da 1
8002c1a6 1
8002c1a2 1
8002c5d2 1
8002c5ca 1
8002bcbe 1
8002c196 1
8002c5c6 1
8002c5c2 1
8002c1e6 1
8002c202 1
8002c634 1
8002c630 1
8002c1fa 1
8002c62a 1
8002c626 1
8002c1f2 1
8002c622 1
8002c1ee 1
8002c1ea 1
8002c61a 1
800179f8 1
8002c1e0 1
8002c612 1
8002c1dc 1
8002c60e 1
8002c1d8 1
8002c60a 1
8002c1d4 1
8002c606 1
8002c1d0 1
8002c602 1
8002c1cc 1
8002c2e4 1
80017a88 1
8002c72e 1
80017a84 1
8002c72a 1
8002c2f6 1
8002c726 1
8002c2ee 1
80017a78 1
8002c71e 1
80017a74 1
8002c2e6 1
80017a70 1
8002c2fe 1
8002c716 1
8002c712 1
8002c2dc 1
8002c70e 1
8002c2d4 1
8002c706 1
8002c2d0 1
8002c702 1
8002c2cc 1
8002c6fe 1
8002c2c4 1
8002c30e 1
8002c756 1
8002c752 1
8002c31e 1
8002c31a 1
80017aa4 1
8002c74c 1
8002c74a 1
8002c748 1
8002c312 1
80017a9c 1
8002c744 1
8002c742 1
8002c6f6 1
80017a98 1
8002c740 1
800175dc 1
8002c73e 1
8002c306 1
80017a90 1
8002c738 1
8002c736 1
8002c302 1
80017a8c 1
8002c734 1
80017a0c 1
8002c292 1
80017a1c 1
80017a18 1
8002c6be 1
80017e48 1
8002c28a 1
80017a14 1
8002c6ba 1
80017e44 1
8002c6b6 1
80017e40 1
8002c282 1
80017e50 1
8002c6b2 1
8002c27e 1
80017a08 1
8002c27a 1
80017a04 1
8002c6aa 1
8002c276 1
80017a00 1
800179fc 1
8002c6a2 1
8002c26e 1
8002c2a4 1
8002c2c2 1
80017a4c 1
8002c2bc 1
8002c6ee 1
8002c2b8 1
8002c6ea 1
8002c2b4 1
8002c6e6 1
8002c2ac 1
8002c6de 1
80017e68 1
8002c904 1
8002c6d6 1
8002c2a0 1
8002c6d2 1
80017a28 1
8002c6ce 1
80017136 1
8002c29a 1
80017a24 1
8002c296 1
80017a20 1
8002c6c6 1
80018222 1
8002caaa 1
8002caa8 1
8002c674 1
8002caa4 1
8002caa2 1
8002caa0 1
8002c66c 1
8002ca9e 1
8002ca9c 1
80017504 1
8002c668 1
8002ca98 1
8002c678 1
8002ca94 1
8001821e 1
800174fc 1
8002c660 1
8002ca92 1
8002ca90 1
8002c65c 1
8002ca8c 1
80018216 1
8002c658 1
8002ca8a 1
8002c688 1
8002c6a0 1
8002cad0 1
8002cace 1
8002cacc 1
8002c698 1
8002caca 1
8002cac8 1
8002cac4 1
8002c690 1
8002cac2 1
8002cac0 1
8002cabe 1
8002ca88 1
8002cab8 1
8002c684 1
8002cab6 1
8002cab4 1
8002c680 1
8002cab2 1
8002cab0 1
80017518 1
8002c67c 1
8002caae 1
8002caac 1
8002ca58 1
800181f2 1
8002ca64 1
800181ee 1
8002c62e 1
8002ca60 1
8002c62c 1
8002ca5e 1
800181e8 1
8002ca5c 1
800181e6 1
8002ca5a 1
800181e4 1
8002ca68 1
800181e2 1
8002ca54 1
800181de 1
8002c620 1
8002ca52 1
800181dc 1
8002ca50 1
800181da 1
8002c61c 1
800174b4 1
8002c618 1
8002ca78 1
80018212 1
8002ca84 1
8001820e 1
8002c650 1
8002ca80 1
8001820a 1
8002ca7e 1
80018208 1
8002ca7c 1
8002c648 1
8002c646 1
8002cad4 1
8002ca76 1
80018200 1
8002c642 1
8002ca74 1
8002ca72 1
800181fc 1
8002ca6c 1
800181f6 1
8002ca6a 1
800181f4 1
8002c636 1
8002cb28 1
8002cb38 1
8002c704 1
8002cb36 1
800179d2 1
800182c0 1
8002cb34 1
8002c700 1
8002cb30 1
800182ba 1
8002c6fc 1
8002cb2e 1
8002cb2c 1
800182c4 1
8002c6f4 1
8002cb24 1
8002c6f0 1
8002cb22 1
800179be 1
8002c6ec 1
8002cb1e 1
8002cb1c 1
8002c6e8 1
80017e72 1
8002cb1a 1
800182d2 1
8002cb58 1
8002c724 1
8002cb56 1
8002cb54 1
8002c720 1
8002cb50 1
8002c71c 1
8002cb4e 1
8002cb4c 1
800182d6 1
8002c718 1
8002cb48 1
800179b6 1
8002c714 1
8002cb46 1
8002cb44 1
800182ce 1
8002c710 1
8002cb42 1
8002cb40 1
8002cb3c 1
800182c6 1
8002c708 1
8002cb3a 1
8002cae8 1
8002cafe 1
8002cafc 1
8002caf8 1
80017560 1
8002c6c4 1
8002caf6 1
8002caf4 1
8002caf0 1
8002c6bc 1
80017e46 1
8002caee 1
8002caec 1
8002c6cc 1
8002c6b4 1
80017e3e 1
8002cae4 1
8002cae0 1
8002c6ac 1
8002cadc 1
8002c6a8 1
8002cada 1
8002cad8 1
8002c6a4 1
8002cad6 1
8002cb0c 1
8002cb18 1
8002c6e4 1
80017e6e 1
8002cb16 1
8002cb14 1
8002c6e0 1
80017e6a 1
8002cb10 1
8002c6dc 1
80017e66 1
8002cb0e 1
8002ca4a 1
8002c6d8 1
80017e62 1
8002cb0a 1
8002cb08 1
8002c6d4 1
80017e5e 1
8002cb04 1
8002c6d0 1
80017e5a 1
8002cb02 1
8002cb00 1
8002c968 1
8002c982 1
8002c97e 1
8002c54a 1
8002c97c 1
8002c978 1
8002c542 1
8002c974 1
8002c972 1
8002c970 1
8002c062 1
8002c96a 1
8002c536 1
8002c984 1
8002c966 1
8002c532 1
8002c964 1
800177e2 1
8002c52e 1
8002c960 1
8002c52a 1
8002c95c 1
8002c95a 1
8002c956 1
8002c522 1
8002c99e 1
80018138 1
8002c9ac 1
8002c578 1
8002c9aa 1
80018134 1
8002c9a8 1
8002c9a4 1
8001812e 1
8002c570 1
8002c9a2 1
8002c56e 1
8002c9a0 1
8002c954 1
8002c568 1
8002c998 1
8002c564 1
8002c996 1
8002c994 1
8002c990 1
8002c55c 1
8002c98c 1
8002c558 1
8002c98a 1
8002c554 1
80017c6c 1
8002c928 1
8002c4f4 1
8002c926 1
8002c924 1
8002c920 1
80017c76 1
8002c91e 1
8002c91c 1
8002c4e8 1
80017c72 1
8002c916 1
8002c4e2 1
8002c92c 1
8002c914 1
8002c912 1
8002c4da 1
80017c64 1
8002c90c 1
80018096 1
8002c90a 1
80018094 1
8002c906 1
80018090 1
80017c5c 1
8002c942 1
8002c952 1
8002c51e 1
8002c950 1
8002c94c 1
8002c518 1
8002c94a 1
8002c948 1
8002c514 1
80017c9e 1
8002c510 1
80017c9a 1
8002c9ae 1
8002c940 1
8002c50c 1
80017c96 1
8002c93e 1
800177da 1
8002c93c 1
8002c938 1
8002c504 1
8002c936 1
8002c934 1
8002c930 1
8002c5dc 1
8002c5f0 1
8002ca22 1
8002ca20 1
8002c5ec 1
8002c5e8 1
80017d72 1
8002ca1a 1
8002ca18 1
8002c5e4 1
8002ca16 1
8002ca14 1
8002ca10 1
8002ca26 1
80017d66 1
8002ca0e 1
8002ca0c 1
80017474 1
8002c5d8 1
8002c5d4 1
80017d5e 1
8002ca06 1
8002ca04 1
8002c5d0 1
80017d5a 1
8002ca3a 1
800178e6 1
800181d4 1
8002ca48 1
800181d2 1
8002c614 1
8002ca46 1
8002ca44 1
8002ca40 1
8002ca3e 1
8002ca3c 1
8002c608 1
8002ca02 1
8002ca36 1
8002ca34 1
8002c600 1
8002ca30 1
8002ca2c 1
8002c5f8 1
8002ca2a 1
8002c11e 1
8002ca28 1
80017490 1
8002c5f4 1
8001814a 1
8002c9d4 1
8002c5a0 1
8002c9d2 1
8002c9d0 1
8002c0c4 1
8002c9cc 1
8002c9c8 1
8002c594 1
8002c9c6 1
8002c590 1
8002c9c2 1
8002c9c0 1
8002c9d8 1
8002c58c 1
8002c9be 1
8002c9bc 1
80018146 1
8002c9b8 1
80018142 1
8002c584 1
8002c9b6 1
8002c9b4 1
8001813e 1
8002c580 1
80017d46 1
8002ca00 1
8002c9fc 1
8002c5c8 1
80017d52 1
8002c9fa 1
8002c9f8 1
80017d4e 1
8002c5c0 1
80017d4a 1
8002c9f2 1
8002c9f0 1
80001482 1
8002c9ec 1
8002c9e8 1
80017d3e 1
8002c9e6 1
8002c9e4 1
8002c5b0 1
8002c5ac 1
8002c9de 1
8002c9dc 1
8002c5a8 1
8002c9da 1
80019794 1
8002e400 1
8002e404 1
8002e40c 1
8002e410 1
8002e414 1
8002e418 1
8002e420 1
8002e424 1
80019780 1
8002e428 1
8002e42c 1
8002e434 1
8002e3fc 1
8002e43c 1
8002e440 1
8002e444 1
8002e448 1
8002e450 1
8002e454 1
8002e458 1
8002e45c 1
8002e464 1
8002e468 1
8002e46c 1
8002e3c0 1
8002e368 1
8002e370 1
8002e378 1
8002e388 1
8002e390 1
8002e398 1
8002e3a0 1
8002e3a8 1
8002e3ac 1
8002e3b4 1
8002e3b8 1
8002e3bc 1
8002e470 1
8002e3c8 1
8002e3cc 1
8002e3d0 1
8002e3d4 1
8002e3dc 1
8002e3e0 1
8002e3e4 1
8002e3e8 1
8002e3ec 1
8002e3f0 1
8002e3f8 1
8002e520 1
8002e4e4 1
8002e4ec 1
8002e4f0 1
8002e4f4 1
8002e4f8 1
8002e500 1
8002e504 1
8002e508 1
8002e50c 1
8002e514 1
8002e518 1
8002e51c 1
8002e4e0 1
8002e524 1
8002e528 1
8002e530 1
8002e534 1
8002e538 1
8002e53c 1
8002e544 1
8002e548 1
8002e54c 1
8002e550 1
8002e558 1
8002e4a0 1
8002e478 1
8002e47c 1
80018eea 1
8002e480 1
8002e484 1
8002e488 1
8002e48c 1
8002e494 1
8002e498 1
80018f06 1
8002e49c 1
80019aee 1
8002e4a8 1
8002e4ac 1
8002e4b0 1
8002e4b4 1
8002e4bc 1
8002e4c0 1
8002e4c4 1
8002e4c8 1
8002e4d0 1
8002e4d8 1
8002e4dc 1
8002e1f0 1
8002e1b0 1
8002e1b8 1
8002e1c0 1
8002e1c4 1
8002e1c8 1
8002e1cc 1
8002e1d4 1
8002e1d8 1
8002e1dc 1
8002e1e0 1
8002e1e8 1
8002e1ec 1
80019932 1
8002e1f4 1
8002e1fc 1
8002e200 1
8002e204 1
8002e208 1
8002e210 1
8002e214 1
8002e218 1
8002e21c 1
8002e224 1
8002e228 1
8002e188 1
800198d2 1
8002e14c 1
8002e150 1
8002e158 1
8002e15c 1
8002e160 1
8002e164 1
8002e16c 1
8002e170 1
8002e174 1
8002e178 1
8002e180 1
8002e22c 1
8002e18c 1
8002e190 1
8001991a 1
8002e194 1
8001991e 1
8002e19c 1
80019926 1
8002e1a0 1
8002e1a4 1
8001992e 1
8002e1a8 1
8002e2f0 1
80019a22 1
8002e29c 1
80019138 1
8002e2a4 1
80019140 1
8002e2a8 1
8002e2ac 1
8002e2c0 1
8002e2d4 1
8002e2dc 1
8002e2e0 1
8002e2e8 1
8002e298 1
8002e2f4 1
8002e2fc 1
8002e30c 1
8002e310 1
8002e320 1
8002e324 1
8002e338 1
8002e350 1
8002e354 1
8002e35c 1
8002e364 1
8002e264 1
8002e230 1
8002e238 1
8002e23c 1
8002e240 1
8002e244 1
8002e24c 1
8002e250 1
8002e254 1
8002e258 1
8002e260 1
800195bc 1
8002e55c 1
8002e268 1
800199f2 1
8002e26c 1
8002e270 1
8002e274 1
8002e27c 1
8002e284 1
8002e288 1
8002e290 1
8002e294 1
80019a1e 1
8002e8b2 1
8002e86a 1
8002e86c 1
8002e870 1
8002e872 1
80019bcc 1
8002e874 1
8002e876 1
8002e87c 1
8002e87e 1
8002e88a 1
8002e892 1
8002e8ae 1
8002e866 1
8002e8b6 1
8002e8ba 1
8002e8c2 1
8002e8c6 1
8002e8ca 1
8002e8ce 1
8001a058 1
8002e8d8 1
80019774 1
8002e8da 1
8001a064 1
80019f9c 1
8002e7fe 1
80019f88 1
8002e802 1
80019f8c 1
8002e80a 1
800196a6 1
80019f94 1
8002e80e 1
800196aa 1
80019f98 1
8002e812 1
800196ae 1
8002e8de 1
8002e81e 1
800196ba 1
80019fa8 1
8002e828 1
8002e82c 1
8002e83a 1
8002e842 1
8002e84a 1
8002e85c 1
8002e860 1
8002e862 1
8002e926 1
8001a092 1
8002e90a 1
8002e90e 1
8001a098 1
8002e910 1
8002e912 1
8001a09c 1
8002e918 1
8002e91a 1
8002e91c 1
8002e922 1
8002e924 1
8002e908 1
8002e92a 1
8002e92c 1
8002e92e 1
8002e930 1
8002e936 1
8002e938 1
8002e93a 1
8002e940 1
800197dc 1
8002e942 1
8002e944 1
8002e8ee 1
8001a068 1
8002e8e0 1
8001977c 1
8001a06a 1
8002e8e4 1
8001a06e 1
8002e8e8 1
8001a072 1
8002e8ea 1
8002e8ec 1
8001a076 1
8002e7f8 1
8002e8f2 1
8001935e 1
8002e8f4 1
8002e8f6 1
8002e8f8 1
8001a082 1
8002e8fc 1
8002e8fe 1
8002e900 1
8002e904 1
8002e906 1
8002e61c 1
8002e5d8 1
8002e5e0 1
8002e5e8 1
8002e5ec 1
8002e5f4 1
8002e5fc 1
8002e608 1
8002e610 1
80019d9a 1
8002e614 1
8002e618 1
80019da2 1
8002e5d4 1
8002e624 1
80019dae 1
8002e628 1
80019db2 1
8002e62c 1
8002e64a 1
8002e64e 1
8002e656 1
8002e65e 1
8002e662 1
8002e666 1
8002e59c 1
8002e560 1
8002e564 1
8002e56c 1
8002e574 1
8002e578 1
80018fe6 1
8002e57c 1
8002e580 1
8002e588 1
8002e58c 1
8002e590 1
8002e594 1
8002e66a 1
8002e5a0 1
8002e5a4 1
8002e5a8 1
8002e5b0 1
8002e5b4 1
8002e5b8 1
8002e5bc 1
8002e5c0 1
8002e5c4 1
8002e5cc 1
8002e5d0 1
8002e7a0 1
8002e734 1
8002e75c 1
8002e764 1
8002e768 1
8002e770 1
8002e78c 1
8002e78e 1
8002e794 1
8002e796 1
80019632 1
8002e798 1
8002e79e 1
8002e722 1
8002e7a2 1
8002e7a4 1
8002e7aa 1
8002e7c6 1
8002e7ca 1
8002e7d0 1
8002e7d2 1
80019b44 1
8002e7ec 1
8002e7f0 1
80019f7a 1
8002e6c2 1
8002e672 1
8002e676 1
8002e67a 1
8002e67e 1
8002e686 1
8002e6aa 1
8002e6ae 1
8002e6b6 1
8002e6ba 1
80019128 1
8002e6be 1
8002e148 1
8002e6ca 1
8001913c 1
8002e6d2 1
8002e6d6 1
8002e6e0 1
8002e704 1
80019e8e 1
8002e70e 1
8002e716 1
800195b2 1
8002e71a 1
8002bf12 1
80017222 1
8002beca 1
80017654 1
80017226 1
8002bece 1
80017658 1
8002bed2 1
8002befe 1
8002bf02 1
8002bf06 1
8002bf0a 1
8002bf0e 1
80016934 1
8001769c 1
8002bf1a 1
8002bf1e 1
8002bf36 1
8002bf42 1
8002bf46 1
8002bf62 1
8002bf6a 1
8002bf6e 1
8002bf72 1
80017704 1
8002be96 1
8001750c 1
8002bd86 1
80017510 1
80017166 1
8001716a 1
8002b452 1
80001a78 1
8001716e 1
8002ecce 1
8002ecd6 1
8002be8a 1
8002be8e 1
8002bfae 1
8002be9e 1
8002bea2 1
80016914 1
8002beaa 1
8001692c 1
8002bec2 1
8001764c 1
80016930 1
8001721e 1
8002bec6 1
80017650 1
8002c0ee 1
8002bc50 1
8002bc54 1
8002bc58 1
80020d16 1
8002bbc0 1
8002bbd2 1
8002c0b8 1
80016f54 1
8002086a 1
8002bbe6 1
8002bbee 1
80016f60 1
80020d0a 1
8002c0f2 1
8002c0f6 1
8002c0fe 1
8002c118 1
8002bc44 1
8002c122 1
800178ac 1
8002bc5c 1
8002bc60 1
800178d0 1
8002c156 1
8002c01e 1
8002bb80 1
8002bfb2 1
8002bfc6 1
8002bfce 1
8002bff2 1
8002bff6 1
8002bffa 1
8002bffe 1
8002c00e 1
8002c016 1
8002c01a 1
8002bd82 1
8002c026 1
8002bc04 1
80017396 1
8002c052 1
800177dc 1
8002bc24 1
8002c056 1
800177e0 1
8002bc28 1
8002c066 1
800165fe 1
800165b2 1
800207c0 1
8001659e 1
80016e8c 1
8002bb34 1
800207c4 1
800165a2 1
80016e90 1
8002bb38 1
800165aa 1
80016e98 1
8002bb40 1
800169dc 1
8002bb30 1
8002bb48 1
800169e4 1
800165ba 1
8002bb50 1
800172da 1
8002bb58 1
800172e2 1
8002bb78 1
8002bb88 1
80016602 1
8002bb98 1
80016e7c 1
8002e34c 1
8002e77e 1
80001530 1
8002e782 1
8002be82 1
80001534 1
8002e786 1
8002be86 1
8002bb10 1
8002bb14 1
8002bfd4 1
8002bfe0 1
8002bba0 1
800207b4 1
80016592 1
8002bfe4 1
80016e80 1
800207b8 1
8002bfe8 1
80016e84 1
800207bc 1
8001659a 1
8002bfec 1
80016e88 1
8002bd2c 1
8002bcd4 1
8001745e 1
8002bcf8 1
8002bd00 1
8001748a 1
8002bd0c 1
80017496 1
8002bd14 1
8001749e 1
8002bd1c 1
8002bd24 1
8002bd28 1
80017456 1
800174b6 1
8002bd5e 1
8002bd62 1
8002bd66 1
8002bd6a 1
8002bd6e 1
800174f8 1
8002bd76 1
80017500 1
8002bd7e 1
80017508 1
8002bc88 1
8002bba8 1
8002bbd0 1
8002bbdc 1
8002bc2c 1
8002bc30 1
8002bc3c 1
8002bc48 1
8002bc4c 1
8002bc68 1
8002bc6c 1
8002bc74 1
800178e0 1
80017000 1
8002bca8 1
8002c168 1
80017004 1
8002bcac 1
8002bcb0 1
8002bcb8 1
8002bcbc 1
8002bcc0 1
8002bcc4 1
8002bccc 1
8002e060 1
8002e034 1
8002e038 1
8002e03c 1
8002e040 1
8002e048 1
8002e04c 1
800197d6 1
8002e050 1
8002e054 1
800197de 1
8002e05c 1
800197e6 1
8002e02c 1
800197ea 1
8002e064 1
800197ee 1
8002e068 1
800197f2 1
8002e06c 1
800197f6 1
8002e070 1
800197fa 1
8002e078 1
8002e07c 1
8002dff0 1
8002c3a2 1
8002c3aa 1
8002c3b6 1
8002c3ba 1
8002c3be 1
8002c3c2 1
8002c3c6 1
8002dfd8 1
8002dfdc 1
8002dfe0 1
8002dfe8 1
80019772 1
8002e080 1
8002dff4 1
8002dff8 1
8002dffc 1
8002e004 1
8002e008 1
8002e00c 1
8002e010 1
8002e018 1
8002e020 1
8002e024 1
8002e028 1
8002e128 1
8002e0f4 1
8002e0f8 1
8002e0fc 1
8002e100 1
8002e108 1
8002e10c 1
8002e110 1
8002e114 1
8002e11c 1
8002e120 1
800198aa 1
8002e124 1
8002e0ec 1
800198b2 1
8002e130 1
800198ba 1
8002e134 1
800198be 1
8002e138 1
800198c2 1
8002e13c 1
800198c6 1
8002e144 1
800198ce 1
80019846 1
8002e084 1
8002e08c 1
8002e090 1
8002e094 1
8002e098 1
8002e0a0 1
8002e0a4 1
8002e0a8 1
8002e0ac 1
8002e0b4 1
8002e0bc 1
8002102e 1
8002e0c4 1
8002e0c8 1
80018b36 1
80019424 1
8002e0cc 1
8002e0d0 1
8002e0d4 1
8002e0d8 1
8002e0e0 1
8002e0e4 1
8002e0e8 1
8002c2aa 1
8002c23e 1
800179c8 1
8002c242 1
800179cc 1
8002c24e 1
800179d8 1
8002c252 1
800179dc 1
8002c2a2 1
80017a2c 1
8002c2a6 1
80017a30 1
800179c4 1
80017a34 1
80020f3e 1
8002c2b2 1
80017a3c 1
8002c2ba 1
80017a44 1
8002c2be 1
80017a48 1
8002c2ca 1
80017a54 1
8002c2ce 1
80020e72 1
8002c15e 1
8002bc84 1
8002c16a 1
8002c172 1
8002bc98 1
8002bc9c 1
8002c1a0 1
8002c1a8 1
8002c1ca 1
8002c1ce 1
8002c1d6 1
8002c1de 1
80017a58 1
80020e76 1
8002c21e 1
8002c226 1
800179b0 1
8002c22e 1
800179b8 1
8002c232 1
800179bc 1
8002c236 1
800179c0 1
8002c23a 1
8002c372 1
80020fda 1
80020fde 1
80020fe2 1
80016dc0 1
800176ae 1
80020fe6 1
8002c362 1
8002c366 1
80016dd4 1
800176c2 1
8002c36a 1
8002c36e 1
8002c34a 1
8002bf44 1
8002c376 1
8002c37e 1
80021012 1
8002c386 1
8002101a 1
8002c38e 1
8002101e 1
8002c392 1
80021022 1
8002c396 1
8002c326 1
8002c2d2 1
80017a5c 1
8002c2d6 1
80017a60 1
8002c2da 1
80017a64 1
8002c2de 1
80017a68 1
8002c2e2 1
80017a6c 1
8002c322 1
8002e94a 1
8002c32a 1
8002c32e 1
80020fc2 1
8002c336 1
80020fca 1
8002c33e 1
80020fd2 1
8002c346 1
80020fd6 1
8002bf18 1
800176a2 1
8002ee5e 1
8002ee3a 1
8002ee3e 1
8002ee40 1
8002ee44 1
8002ee48 1
8002ee4a 1
8002ee4c 1
8002ee4e 1
8002ee52 1
8002ee54 1
8002ee58 1
8002ee5c 1
8002ee38 1
8002ee60 1
8002ee62 1
8002ee66 1
8002ee68 1
8002ee6c 1
8002ee70 1
8002ee72 1
8002ee74 1
8002ee78 1
8002ee7a 1
8002ee7c 1
8002ee18 1
80019864 1
8002edfa 1
8001a584 1
8002edfc 1
8002ee00 1
8002ee04 1
8002ee06 1
8002ee08 1
8002ee0a 1
8002ee0e 1
8002ee10 1
8002ee14 1
8002ee82 1
8002ee1a 1
8002ee1c 1
8002ee1e 1
8002ee22 1
8002ee24 1
8002ee2a 1
8002ee2c 1
8002ee2e 1
8002ee30 1
8002ee34 1
8002ee36 1
8001a650 1
8001a63e 1
8002eeb6 1
8001a640 1
8002eeb8 1
8001a642 1
8002eeba 1
8001a644 1
8002eebe 1
8001a648 1
8002eec0 1
8001a64a 1
8002eec6 1
8002eeb4 1
8002eec8 1
8002eeca 1
8001a654 1
8002eecc 1
8002eed0 1
8002eed2 1
8001a65c 1
8002eed4 1
8002eed6 1
8001a660 1
8002eedc 1
8002eea2 1
8002ee84 1
8002ee88 1
8002ee8c 1
8002ee8e 1
8002ee90 1
8002ee92 1
8002ee96 1
8002ee98 1
8002ee9c 1
8002eea0 1
8001a62a 1
8001a580 1
8001a62c 1
8002eea4 1
8001a62e 1
8002eea6 1
8001a630 1
8002eeaa 1
8001a634 1
8002eeac 1
8001a636 1
8002eeb0 1
8001a63a 1
8002ed58 1
8001a4c4 1
8002ed3c 1
8002ed40 1
8002ed42 1
80019bde 1
8001a4cc 1
8002ed44 1
8002ed4a 1
8002ed4c 1
8002ed50 1
8002ed54 1
8002ed56 1
8002ed3a 1
8002ed5a 1
8002ed5e 1
8002ed60 1
8002ed64 1
8002ed68 1
8002ed6a 1
8002ed6c 1
800197d8 1
8002ed6e 1
8002ed72 1
8002ed74 1
8002ed24 1
8002ece4 1
8002ecec 1
8002ecf4 1
8002ecf8 1
8002ecfc 1
8002ed00 1
8002ed12 1
8002ed16 1
8002ed1a 1
80019bb6 1
8002ed1c 1
8002ed20 1
8002ed78 1
8002ed26 1
8001a4b0 1
8002ed28 1
8001a4b2 1
8002ed2a 1
8002ed2e 1
8002ed30 1
8001a4ba 1
8001a08c 1
8002ed34 1
8002ed38 1
8002ede0 1
8002edc0 1
8002edc2 1
8002edc4 1
8002edc6 1
8002edca 1
8002edcc 1
8002edd0 1
8002edd4 1
8002edd6 1
8002edd8 1
8002eddc 1
8002edde 1
8002edbc 1
80019850 1
8002ede6 1
8002ede8 1
8001a572 1
8002edec 1
8001a576 1
8002edf0 1
8002edf2 1
8001a57c 1
8002edf4 1
8002edf6 1
8002ed9a 1
8002ed7c 1
8002ed7e 1
8002ed80 1
8002ed82 1
8002ed86 1
8002ed88 1
8002ed8e 1
8002ed90 1
8002ed92 1
8002ed94 1
8002ed98 1
8001a666 1
8002ed9c 1
8002ed9e 1
8002eda2 1
8002eda4 1
8002eda8 1
8002edac 1
8002edae 1
8002edb0 1
8002edb2 1
8002edb6 1
8002edb8 1
8002f018 1
8002eff8 1
8002effa 1
8002effe 1
8002f000 1
8002f002 1
8002f004 1
8002f00a 1
80019ea6 1
8002f00e 1
8002f012 1
8002f014 1
80019eb0 1
8002eff6 1
8001a7a2 1
8002f01c 1
8002f01e 1
8001a7a8 1
8002f020 1
8002f022 1
8001a7ac 1
8002f026 1
8001a7b0 1
8002f028 1
8002f02a 1
8002efda 1
8002efc6 1
8002efc8 1
8001a752 1
8002efca 1
8001a326 1
8002efce 1
8002efd0 1
8001a75a 1
8002efd2 1
8002efd4 1
8001a75e 1
800165fc 1
8001a7b4 1
8002efdc 1
8002efde 1
8001a33a 1
8002efe2 1
8002efe6 1
8002efe8 1
80019e84 1
8002efec 1
80019e88 1
8002efee 1
8002eff2 1
8002f08c 1
8002f076 1
8002f07c 1
8002f07e 1
8001a808 1
8002f080 1
8001a80a 1
8002f082 1
8002f086 1
8001a810 1
8002f088 1
8002f08a 1
8001a814 1
8002f072 1
80019afa 1
8002f092 1
8001a81c 1
8002f09a 1
8001a824 1
8002f09c 1
8002f09e 1
8001a828 1
8002f0a2 1
8001a82c 1
80019b0e 1
8002f04e 1
8002f02c 1
8002f030 1
8002f034 1
8002f036 1
8001a7c0 1
8002f03c 1
8002f040 1
8002f044 1
8002f046 1
8002f048 1
8002f04c 1
8001a74e 1
8002f050 1
8002f052 1
8002f054 1
8002f056 1
8002f058 1
8002f05e 1
8002f060 1
8002f064 1
8002f068 1
8002f06c 1
8002f06e 1
8002ef2a 1
8002ef10 1
80019dac 1
8002ef14 1
80019db0 1
8002ef16 1
8002ef1a 1
8002ef1e 1
8002ef20 1
80019dbc 1
8002ef22 1
8002ef28 1
80019dc4 1
8002ef0e 1
8002ef2c 1
8002ef2e 1
8002ef32 1
8002ef34 1
8002ef36 1
8002ef3c 1
8002ef3e 1
8002ef40 1
8002ef48 1
8002ef4c 1
8002ef52 1
8002eef4 1
8002eede 1
8001a668 1
8002eee0 1
8001a66a 1
8002eee4 1
8001a66e 1
8002eee8 1
8001a672 1
8002eeea 1
8002eeee 1
8002eef0 1
8001a67a 1
8001a6dc 1
8002eef8 1
8002eefa 1
80019d96 1
8001a684 1
8002eefc 1
8002ef02 1
80019d9e 1
8001a68c 1
8002ef04 1
8001a68e 1
8002ef08 1
8002efac 1
8002ef8c 1
8002ef8e 1
8002ef94 1
8002ef96 1
8002ef98 1
8002ef9a 1
8002ef9e 1
8002efa0 1
8002efa2 1
8002efa4 1
8002efa8 1
8002efaa 1
8002ef8a 1
8001a736 1
8002efb0 1
8002efb2 1
8001a73c 1
8002efb6 1
8001a312 1
8002efba 1
8002efbc 1
8001a746 1
8002efbe 1
8002efc4 1
8002ef6c 1
8002ef54 1
8002ef56 1
8001a6e0 1
8002ef5a 1
8001a6e4 1
8002ef5e 1
8001a6e8 1
8002ef64 1
8002ef66 1
8001a6f0 1
8002ef68 1
8002eccc 1
8002ef6e 1
8002ef70 1
8002ef72 1
8002ef76 1
8002ef7a 1
8002ef7c 1
800199ea 1
8002ef80 1
8002ef82 1
8002ef86 1
800199f4 1
8002ea7e 1
8002ea66 1
8002ea68 1
8002ea6a 1
8002ea6c 1
800194da 1
8002ea70 1
8002ea72 1
8002ea74 1
8002ea7a 1
80019916 1
8002ea7c 1
80019918 1
8002ea60 1
8002ea82 1
8002ea84 1
80019920 1
8002ea86 1
8002ea88 1
8002ea8c 1
8002ea8e 1
8001992a 1
8002ea90 1
8002ea96 1
8002ea98 1
8002ea4a 1
8002ea30 1
8002ea34 1
8002ea36 1
8002ea38 1
8002ea3a 1
8001a1c4 1
8002ea3e 1
8002ea40 1
8001a1ca 1
8002ea42 1
80019da0 1
8002ea48 1
80019934 1
8001a1d4 1
8002ea4c 1
8002ea52 1
8001a1dc 1
8002ea54 1
8002ea56 1
8001a1e0 1
8002ea58 1
80019db4 1
8002ea5c 1
8002ea5e 1
8002eaf2 1
8002eadc 1
8002eade 1
8001a268 1
8002eae4 1
8001a26e 1
8002eae6 1
8002eae8 1
8002eaea 1
8001a274 1
8002eaee 1
8001a278 1
8002eaf0 1
8002eada 1
8001a27c 1
8002eaf8 1
8002eafa 1
8001a284 1
8002eafc 1
8002eafe 1
8002eb02 1
8002eb04 1
8002eb06 1
8002eb0c 1
8002eb0e 1
8002eab8 1
8002ea9a 1
8002eaa0 1
8001993c 1
8002eaa2 1
8002eaa4 1
8002eaaa 1
8002eaac 1
8002eaae 1
8002eab0 1
8002eab4 1
8002eab6 1
8002ea2e 1
8002eabe 1
8002eac0 1
8002eac2 1
8002eac4 1
8002eac8 1
8002eaca 1
8002eacc 1
8002ead0 1
8002ead2 1
8002ead4 1
8002ead6 1
8002e9a2 1
8002e98a 1
8002e98e 1
8002e990 1
8002e992 1
8002e994 1
8002e998 1
8001a122 1
8002e99a 1
8001a124 1
8002e99c 1
8002e99e 1
8001a128 1
8002e988 1
8001a12c 1
8002e9a4 1
80019840 1
8002e9a6 1
8001a130 1
80019416 1
8002e9ac 1
80019848 1
8002e9ae 1
8001a138 1
8002e9b0 1
8002e96a 1
8002e94c 1
8002e94e 1
8002e952 1
8002e954 1
8002e956 1
8002e958 1
8002e95c 1
8002e95e 1
8002e960 1
8002e962 1
8002e966 1
8002e968 1
8001984c 1
8002e96c 1
8002e970 1
8002e972 1
8002e974 1
8002e976 1
8002e97a 1
8002e97c 1
8002e97e 1
8002e980 1
8002e984 1
8002e986 1
8002ea0e 1
8002e9ec 1
8002e9f0 1
8002e9f2 1
8002e9f4 1
8002e9f6 1
8002e9fa 1
8002e9fc 1
8002e9fe 1
8002ea04 1
8002ea06 1
8002ea08 1
8002ea0a 1
8002e9ea 1
8002ea10 1
800198ac 1
8002ea12 1
8002ea18 1
8002ea1a 1
8002ea1c 1
8002ea1e 1
8002ea22 1
8002ea24 1
8002ea26 1
8002ea2c 1
8002e9ca 1
8002e9b2 1
8002e9b6 1
8002e9b8 1
80019854 1
8002e9ba 1
8002e9c0 1
8001985c 1
8002e9c2 1
8002e9c4 1
80019860 1
8002e9c6 1
8002eb10 1
8002e9cc 1
80019868 1
8002e9ce 1
8002e9d4 1
8002e9d6 1
8002e9d8 1
8002e9da 1
8002e9de 1
8002e9e0 1
8002e9e2 1
8002e9e8 1
8002ec44 1
8002ec20 1
8002ec22 1
8002ec26 1
8002ec28 1
8002ec2c 1
8002ec30 1
8002ec32 1
8002ec36 1
8002ec3a 1
8002ec3c 1
8002ec3e 1
8002ec40 1
8002ec1e 1
8002ec46 1
8002ec48 1
8002ec4a 1
8002ec4e 1
80019aea 1
8002ec50 1
8002ec56 1
80019af2 1
8002ec58 1
8002ec5a 1
80019af6 1
8002ec00 1
8002ebd8 1
8002ebda 1
8002ebdc 1
8002ebe2 1
8002ebe4 1
8002ebe6 1
8002ebec 1
8002ebee 1
8002ebf0 1
8002ebf6 1
8002ebf8 1
8002ebfa 1
8002ec5c 1
8002ec02 1
8002ec04 1
8002ec08 1
8002ec0a 1
8002ec0c 1
8002ec0e 1
8002ec12 1
8002ec14 1
8002ec16 1
8002ec18 1
8002ec1c 1
8002eca6 1
8002ec88 1
8002ec8a 1
8002ec8c 1
8002ec8e 1
8002ec92 1
8002ec94 1
8002ec98 1
8002ec9c 1
8002ec9e 1
8001970a 1
8002eca0 1
8002eca4 1
8002ec84 1
8002eca8 1
8002ecae 1
8002ecb0 1
8002ecb4 1
8002ecb8 1
8002ecba 1
8002ecbc 1
8002ecbe 1
8002ecc2 1
8002ecc4 1
8002ecc8 1
8002ec70 1
8002ec60 1
8002ec62 1
80019afe 1
8002ec64 1
8002ec66 1
80019b02 1
8002ec6a 1
80019b06 1
8001a3f4 1
8002ec6c 1
8001a3f6 1
8001a35c 1
8001a3fa 1
8002ec74 1
8001a3fe 1
8002ec76 1
8001a400 1
8002ec78 1
8002ec7a 1
8001a404 1
8002ec7e 1
8001a408 1
8002ec80 1
8002eb6e 1
800199ee 1
8002eb54 1
8002eb5a 1
800199f6 1
8002eb5c 1
8002eb5e 1
8002eb60 1
8002eb64 1
8002eb66 1
8002eb68 1
80019a04 1
8002eb6c 1
8002eb52 1
8002eb70 1
8002eb72 1
800195e0 1
8002eb76 1
8002eb78 1
80019a14 1
8002eb7a 1
8002eb80 1
80019a1c 1
8002eb82 1
8002eb84 1
8002eb2c 1
8002eb16 1
8002eb18 1
8002eb1a 1
8002eb1e 1
8002eb20 1
8002eb22 1
8002eb24 1
80019592 1
80019e80 1
8002eb28 1
8002eb2a 1
8001a30e 1
8002eb32 1
8002eb34 1
8002eb36 1
8002eb3c 1
8002eb3e 1
8002eb40 1
8002eb46 1
8002eb48 1
8002eb4a 1
8002eb4c 1
8002eb50 1
8002ebbe 1
8001a332 1
8002ebaa 1
8002ebac 1
8001a336 1
8002ebb2 1
8002ebb4 1
8001a33e 1
8002ebb6 1
8002ebba 1
8001a344 1
8002ebbc 1
8001a346 1
8002eba8 1
8001a348 1
8002ebc0 1
8002ebc4 1
8002ebc6 1
8001a350 1
8002ebc8 1
80019638 1
8002ebce 1
8001a358 1
8002ebd0 1
8002ebd2 1
8002eb96 1
8002eb86 1
8001a310 1
8002eb8a 1
80019a26 1
8001a314 1
8002eb8c 1
8001a316 1
8002eb8e 1
8001a318 1
8002eb94 1
8001a31e 1
800191e8 1
8001a320 1
8002eb98 1
8001a322 1
8002eb9a 1
8001a324 1
8002eb9e 1
8001a328 1
8002eba0 1
8001a32a 1
8002eba2 1
8001a32c 1
8002e820 1
8002df72 1
80001198 1
80019286 1
80019b74 1
8002e81c 1
8002bf1c 1
80016db8 1
800176a6 1
8000119c 1
8001928a 1
8002e3ee 1
80019b78 1
8000035c 1
8002bf20 1
80016dbc 1
800176aa 1
8002a76a 1
80000d90 1
80018a4c 1
8002dfe2 1
8002b014 1
8000163a 1
800003d0 1
8002bf8c 1
8002c07c 1
8002c078 1
8002ccf0 1
8002add8 1
800013fe 1
8002e650 1
800194ec 1
80019dda 1
8002bd50 1
80015e1e 1
8002e7fa 1
80019f84 1
8002befa 1
8002d042 1
8002df6a 1
8001554a 1
8001927e 1
80019b6c 1
8002e814 1
8002df6e 1
80019282 1
8002e3e6 1
80019b70 1
8002e818 1
80029d36 1
80020bbc 1
8002b018 1
8000163e 1
8002e45e 1
8002e890 1
8002bf90 1
8002c0a6 1
8002df86 1
80019710 1
800011ac 1
8001929a 1
80019b88 1
8002e830 1
8002dfe6 1
8002bf30 1
80016dcc 1
800176ba 1
80018a5c 1
8002dbc0 1
8002dff2 1
8002b024 1
8000164a 1
800155d2 1
8002e89c 1
8002cf3c 1
8002b016 1
8002c0a2 1
8002bbc8 1
8002cd18 1
80001426 1
800153ae 1
8002bd78 1
8002dcc0 1
8002e0f2 1
8002d152 1
80020e3e 1
8002c1b2 1
8002bc46 1
8000163c 1
80015eb2 1
8002df7a 1
80019704 1
800011a0 1
8001928e 1
8002e3f2 1
80019b7c 1
8002e824 1
80018a50 1
8002dbb4 1
8001969a 1
8002e5fe 1
8002bcfe 1
80017488 1
8002cca6 1
8002d0d8 1
800013b0 1
80015c26 1
8002e602 1
8002bd0a 1
80017494 1
8000014a 1
8002df10 1
80015c22 1
800013b4 1
80015c2a 1
8002e606 1
80019d90 1
8002ccae 1
80018438 1
8002d0e0 1
8002bd0e 1
8002cfd4 1
8002c034 1
800013b8 1
8002beb4 1
800154e6 1
8002beb0 1
8002cfc8 1
8002bbf6 1
80020cb4 1
8002cb9c 1
80001562 1
800154ea 1
8002e382 1
80019b0c 1
8002e7b4 1
8002ce54 1
80015c2e 1
8002cba0 1
80016f58 1
80001566 1
800154ee 1
8002e386 1
80019b10 1
8002e7b8 1
8002ce58 1
8002c030 1
8002df08 1
800013ac 1
8002bb2c 1
80020cfc 1
8002c070 1
8002cce8 1
8002add0 1
800013f6 1
8002bd48 1
8002cfa8 1
8002bbd6 1
80015e16 1
8002bef2 1
8000160c 1
8002e85e 1
8002beee 1
8002bf5e 1
8002c074 1
8002ccec 1
8002add4 1
800013fa 1
8002e64c 1
80019dd6 1
8002bd4c 1
8002e7f6 1
80019f80 1
8002bef6 1
800013c0 1
8002e60a 1
80019d94 1
8002bd12 1
800013bc 1
80015c32 1
8002e60e 1
80019d98 1
800166d8 1
8002e826 1
8002cfdc 1
8001771c 1
80020c28 1
80015c36 1
8002e612 1
80019d9c 1
8002adcc 1
800013f2 1
8002e644 1
80019dce 1
8002bd44 1
8002cfa4 1
8002e7ee 1
80002514 1
800176a0 1
8002cf98 1
8002bbc6 1
8002e7e6 1
8000250c 1
8002bee6 1
8002e7ea 1
80002510 1
8002beea 1
80020cac 1
8002e816 1
80019fa0 1
8002bf16 1
8002e7e2 1
8002bbfa 1
80020cb8 1
8002e82e 1
8002bc16 1
800173a0 1
8002c048 1
8002c04c 1
80018380 1
8002bc5e 1
8002c090 1
8002c094 1
80001584 1
8002e7be 1
80016928 1
8002bebe 1
80017648 1
8002cf74 1
8002bba2 1
8002cf78 1
8002bba6 1
8002bbaa 1
8002bfdc 1
8001776e 1
8002cf88 1
8002b00e 1
80015dfa 1
8002e3a4 1
8002e7d6 1
8002bed6 1
8002bbba 1
80001588 1
8002e7da 1
8002bbbe 1
8000158c 1
8002bede 1
80001590 1
8002d0a4 1
8002e01e 1
8002bcb2 1
8002d086 1
8002bcb4 1
80020d72 1
8002d08c 1
8002d098 1
80017450 1
80020d84 1
8002bc22 1
800173ac 1
80020d8c 1
8002bbfc 1
80020d90 1
80016bd6 1
8002bd3a 1
8002d110 1
8001889a 1
8002bd3e 1
8002d114 1
8001889e 1
8002bd42 1
8002d118 1
800188a2 1
80019778 1
80001634 1
8002e886 1
800172de 1
80018a54 1
8002dbb8 1
8002d04a 1
8002bc78 1
8002c0aa 1
80018a58 1
8002dbbc 1
8002dfee 1
8002e38c 1
8002d04e 1
8002bc7c 1
8002dbe0 1
8002e012 1
8002bca0 1
80016f50 1
8002bbf8 1
8002dbe4 1
8002e016 1
8002bca4 1
8002c0d6 1
8001867a 1
8002bee8 1
8002ce8c 1
8002beec 1
8002ce90 1
8002bef0 1
800181f0 1
8002bef8 1
8002cec8 1
8002bf28 1
80016dc4 1
800176b2 1
8002cef0 1
8002ce88 1
8002bf50 1
8002cef4 1
8001867e 1
8002bf54 1
800003a0 1
8002bf5c 1
8002bf60 1
800003b4 1
8002bf70 1
8002bf74 1
8002bf78 1
8002ce40 1
8002bf9c 1
800004f6 1
8002ce30 1
800024b6 1
8002be90 1
8002ce34 1
8002ce38 1
800002dc 1
800024be 1
8002be98 1
800024c2 1
8002be9c 1
8002bf7c 1
800024c6 1
8002bea0 1
800178ae 1
8002ce44 1
8002ce6c 1
8002becc 1
8002ce70 1
8002ce74 1
800185fe 1
8002bed4 1
800181e0 1
8002e384 1
8002bfc4 1
8002af3a 1
80001560 1
80019b0a 1
8002e7b2 1
8001691c 1
8002beb2 1
8001763c 1
8002cf68 1
800186f2 1
8002af3e 1
80001564 1
8002e37c 1
8002e7b6 1
8002af42 1
80001568 1
80015dde 1
80016924 1
8002beba 1
80017644 1
80029dee 1
80000414 1
8000156c 1
80015de2 1
8002cf50 1
80017706 1
8002b01c 1
80001642 1
8002e462 1
8002e894 1
8002b020 1
80001646 1
800155ce 1
8002e466 1
8002e898 1
8002bf98 1
8000155e 1
800186da 1
8002cf54 1
800186de 1
800003f8 1
80001554 1
80016910 1
8002bea6 1
80017630 1
800179c6 1
8002bfbc 1
8000155c 1
80001000 1
80015de0 1
80019b14 1
8002e7bc 1
8002ce5c 1
8002bebc 1
8002cb68 1
800175ce 1
8002cb64 1
8002cd24 1
80029ba2 1
800001c8 1
80015876 1
800154f2 1
80001432 1
800153ba 1
8002e684 1
8002da08 1
8002dccc 1
8002e0fe 1
8002c1be 1
8002cb60 1
80000004 1
8002cd20 1
80015872 1
80019dca 1
8000164e 1
800155d6 1
8002cf40 1
800003e4 1
80020c2c 1
8002bfa0 1
8002d056 1
8002c0b6 1
8002cce0 1
80000184 1
800013ee 1
8002e640 1
80000ffc 1
8002bd40 1
8002d47c 1
80017f2a 1
800012e0 1
80015b56 1
8002e856 1
8002bb24 1
8002bf56 1
8002cba4 1
8002af44 1
8000156a 1
8002cf4c 1
8002e40e 1
80019b98 1
8002cee0 1
80018a6c 1
8002dbd0 1
8001935a 1
8002e002 1
8001978c 1
8002b034 1
8000165a 1
800155e2 1
8002e47a 1
800192aa 1
800186d6 1
8002cbb0 1
8002bc10 1
8001739a 1
80000ccc 1
8002df1e 1
80001144 1
8002af50 1
80001576 1
800154fe 1
80015dec 1
8001540e 1
8000142e 1
800153b6 1
8002e24e 1
8002bd80 1
8002da04 1
80020e46 1
8002c1ba 1
800158ca 1
8002aa2e 1
80001054 1
80001486 1
8002b028 1
8002e2a6 1
8002bdd8 1
8002d420 1
8002cb76 1
8000001a 1
8002d26c 1
80001284 1
8002e4d6 1
8002db64 1
8002df96 1
80019720 1
8002bdd0 1
8002af4c 1
80001572 1
800154fa 1
80015de8 1
8002bec4 1
8002cd70 1
800184fa 1
800158c2 1
8002aa26 1
8000104c 1
8000147e 1
80015406 1
8002df1a 1
8002d418 1
8002d264 1
800156c0 1
8000127c 1
8002e4ce 1
8002bbce 1
8002db5c 1
8002df8e 1
80019718 1
800011b4 1
800192a2 1
80018666 1
8002e6d4 1
8002bdd4 1
8001755e 1
8002d41c 1
8002cb72 1
80001280 1
8002e4d2 1
8002df92 1
8001971c 1
8002ab92 1
800011b8 1
8002cedc 1
8002e406 1
8002bf3c 1
8002d908 1
80018a68 1
8002dbcc 1
8002b030 1
80001656 1
800155de 1
8002e476 1
8002bc8c 1
8002c0be 1
8002cbac 1
8002e4ca 1
8002aa22 1
80001048 1
8000147a 1
8002e29a 1
8002e6cc 1
8002d414 1
8002cb6a 1
8000000e 1
8002d260 1
8002ddd4 1
800156bc 1
80001278 1
80000304 1
8002bbca 1
800011b0 1
8001929e 1
8002e402 1
80019b8c 1
8002e834 1
8002ced4 1
80000378 1
8002bf34 1
80016dd0 1
800176be 1
8002bfa4 1
80019b90 1
8002e838 1
80018a64 1
8002dbc8 1
8002dffa 1
80019784 1
8002b02c 1
80001652 1
800155da 1
8002e472 1
8002e8a4 1
8002e396 1
8002d05a 1
8002cba8 1
8000004c 1
8002af48 1
8000156e 1
800154f6 1
80015de4 1
8002e38e 1
80019b18 1
8002e7c0 1
8002ce60 1
8002e754 1
8001a056 1
8002ecfe 1
8002df5e 1
80019272 1
8002e3d6 1
80019b60 1
8002e808 1
8002cea8 1
8002cdf4 1
800010d0 1
80001502 1
8002e322 1
8002e8cc 1
800195f0 1
80001ab6 1
8002e8d6 1
8001a060 1
8002ed08 1
8002be54 1
8002d4b8 1
8002dc58 1
8002e08a 1
8002d0ea 1
80019276 1
800012b4 1
8002c124 1
800013ea 1
8002e63c 1
80019dc6 1
8002cdd4 1
8002be34 1
8002cda8 1
80018532 1
8000024c 1
8002be08 1
8002d450 1
8001887a 1
8002e3da 1
8002bc06 1
8002cfe0 1
8002cdf0 1
800010cc 1
800014fe 1
8002e750 1
800195ec 1
8002be50 1
8002d4b4 1
8002b486 1
80001aac 1
8002c136 1
8002bd16 1
80016bba 1
8002bd1e 1
800174a8 1
80017724 1
8002ccba 1
800013c8 1
8002e61a 1
80019da4 1
8002bd1a 1
80016bb6 1
800174a4 1
800013c4 1
8002cd0c 1
8000141a 1
8002bd6c 1
800174f6 1
8002c098 1
80015810 1
800013cc 1
8002d0f8 1
80018882 1
8002cb98 1
8002af38 1
8002ed06 1
80019b64 1
8002e80c 1
8002cdf8 1
80001aba 1
8002ed0c 1
8002be58 1
80017f26 1
80018814 1
8002d4bc 1
8002e8d4 1
8001a05e 1
8002bd38 1
8002dc5c 1
8002e08e 1
80029f6c 1
80000592 1
80002774 1
8002c14e 1
800178d8 1
8002df66 1
80015546 1
8002ceb0 1
8002ccb6 1
8000148a 1
80015886 1
80001010 1
80001442 1
8002e262 1
800199ec 1
8002e694 1
8002bd94 1
8002e83e 1
8002bb0c 1
8002bf3e 1
8002cd7c 1
80018506 1
8002cbb4 1
80015412 1
8002e6dc 1
8002bddc 1
80017566 1
8002d0a8 1
80020d94 1
8002c108 1
8000001e 1
8002d270 1
80001288 1
8002bbda 1
8002e0f6 1
80019b20 1
8002e7c8 1
8002ce68 1
8002cb5c 1
8002cd1c 1
8000142a 1
800153b2 1
8002e67c 1
8002bd7c 1
8002da00 1
8002dcc4 1
8002cfb4 1
8002cb84 1
80020870 1
8002bbe4 1
8002cb88 1
8002bbe8 1
8002d27c 1
8002cb80 1
80000024 1
8002d0c8 1
8002c128 1
800178b2 1
8002beac 1
800013de 1
8002e630 1
8002bd30 1
8002cb94 1
80000cb0 1
8000155a 1
800154e2 1
8002e37a 1
80019b04 1
8002e7ac 1
8002ce4c 1
800002f0 1
8002ccd0 1
80017636 1
8002ccd4 1
800013e2 1
8002bd34 1
8002bcee 1
80017478 1
8002c120 1
8002ccd8 1
8002adc0 1
800013e6 1
8002e638 1
8002d274 1
8001873e 1
8002bbe2 1
8002cd80 1
8001850a 1
80000224 1
8002bde0 1
8001756a 1
8002d428 1
800008cc 1
8002cb7e 1
80000022 1
80016be6 1
8000128c 1
8002cfb8 1
8002cb8c 1
8002bbec 1
8002cb90 1
80001556 1
80019b00 1
8002e7a8 1
8002ce48 1
8002bea8 1
80017632 1
8002acee 1
8002e552 1
8002bc52 1
8002acde 1
80001304 1
8002e556 1
8002ace2 1
80001308 1
8002ace6 1
8000130c 1
8002acea 1
80001310 1
8002e562 1
80001300 1
80001314 1
8002e566 1
8002de74 1
8002acf2 1
80001318 1
8002e56a 1
8002bc6a 1
8002acf6 1
8000131c 1
8002de7c 1
8002acfa 1
80015b5e 1
80017394 1
8002de18 1
800012bc 1
8002e50e 1
8002de1c 1
800195a6 1
800012c0 1
80015b36 1
8002e512 1
800012e4 1
80015b5a 1
800012e8 1
80001320 1
8002e53a 1
800012ec 1
80015b62 1
8002e53e 1
800012f0 1
8002e542 1
800012f4 1
800012f8 1
800012fc 1
8002e54e 1
8002acda 1
80001358 1
8002de9c 1
80001340 1
8002e592 1
80001344 1
80001348 1
8002e59a 1
80016ff2 1
8000134c 1
8002e59e 1
80001350 1
80001354 1
8002e5a6 1
8002bc8e 1
8000135c 1
8002e5ae 1
80001360 1
8002e5b2 1
80001364 1
80001368 1
8002e5ba 1
8000136c 1
8002c17a 1
80001370 1
8002e5c2 1
80001330 1
8002e572 1
8002acfe 1
80001324 1
8002e576 1
8002ad02 1
80001328 1
8002de88 1
8002ad06 1
8000132c 1
8002e57e 1
8002ad0a 1
8002bc0a 1
8002de90 1
8002ad0e 1
80001334 1
8002e586 1
8002de94 1
8002ad12 1
80001338 1
8002e58a 1
8002de98 1
8000133c 1
800166f8 1
8002dd90 1
8002dd7c 1
80001220 1
8002bb72 1
8002dd80 1
80001224 1
8002bb76 1
80001228 1
8002bb7a 1
8002dd88 1
8000122c 1
8002dd8c 1
8002bb82 1
8002bb6e 1
8002dd94 1
8002e48a 1
8002bb8a 1
8002e48e 1
8002bb8e 1
80015684 1
8002e492 1
8002bb92 1
80015688 1
8002bb96 1
8001568c 1
8002bb62 1
80001204 1
8002bb56 1
80001208 1
8002bb5a 1
800172e4 1
8000120c 1
80016eb6 1
8002bb5e 1
800172e8 1
8002dd6c 1
80001210 1
80016eba 1
8002bb9a 1
800172ec 1
8002dd70 1
80001214 1
8002bb66 1
800172f0 1
8002dd74 1
80001218 1
8002bb6a 1
800172f4 1
8002dd78 1
8000121c 1
8002e4ee 1
80001270 1
8002ddd0 1
800156b8 1
80001274 1
8002e4c6 1
80019362 1
80001290 1
80001294 1
8002e4e6 1
80001298 1
8002e4ea 1
8000129c 1
8002ddcc 1
800012a0 1
800012a4 1
800012a8 1
8002e4fa 1
800012ac 1
8002e4fe 1
800012b0 1
8002e502 1
8002bc02 1
800012b8 1
8002e50a 1
80001260 1
80015690 1
8002e49e 1
80001250 1
8002e4a2 1
80001254 1
8002e4a6 1
80001258 1
8002ac36 1
8000125c 1
8002bbae 1
8002ac3a 1
8002ded0 1
8002e4b2 1
8002ddc0 1
8002ac3e 1
80001264 1
8002e4b6 1
8002bbb6 1
8002ddc4 1
80001268 1
8002e4ba 1
80016624 1
8000126c 1
8002e8b0 1
800014b4 1
80015d2a 1
8002e706 1
800195a2 1
8001715e 1
800014b8 1
80015d2e 1
800014d8 1
8002e72a 1
800195c6 1
800014dc 1
8002e72e 1
8001959e 1
8002ece2 1
800014e0 1
8002ece6 1
800014e4 1
8002e304 1
8002e736 1
8002e8b8 1
8002ecea 1
800014e8 1
8002e308 1
8002e73a 1
80019596 1
8002e6f2 1
8001958e 1
8001714a 1
8002ae7e 1
800014a4 1
80015d1a 1
8001714e 1
8002ae82 1
800014a8 1
80015d1e 1
8002e2c8 1
8002e6fa 1
800195d6 1
80017152 1
800158f0 1
8002ae86 1
800014ac 1
80015d22 1
8002e2cc 1
80017156 1
800158f4 1
800014b0 1
80015d26 1
8002e702 1
8000151c 1
8002e756 1
80001508 1
8002e75a 1
8000150c 1
8002e32c 1
8002e75e 1
80001510 1
80001514 1
8002e334 1
8002e766 1
80001518 1
8002e76a 1
80001504 1
8002e76e 1
80001520 1
800191dc 1
8002e340 1
8002e772 1
80001524 1
80001528 1
800191e4 1
8002e348 1
8002e77a 1
8000152c 1
800014f4 1
8002e8bc 1
800014ec 1
8002e73e 1
80001aa0 1
8002e8c0 1
8002ecf2 1
800014f0 1
8002e742 1
80001aa4 1
8002e8c4 1
8002ecf6 1
80015d16 1
8002e746 1
80001aa8 1
800014f8 1
8002e318 1
8002e74a 1
800014fc 1
8001976c 1
8002e8d0 1
8002ed02 1
80001500 1
8002e752 1
8002e5ee 1
80001394 1
80015c0a 1
80016750 1
8002bce6 1
80017470 1
8002def4 1
80001398 1
80015c0e 1
8002e5ea 1
80016754 1
8000139c 1
80015c12 1
8002def0 1
80016758 1
800013e0 1
800013e4 1
8002e636 1
800194d2 1
80019dc0 1
8002adc2 1
800013e8 1
8002e63a 1
800194d6 1
80017092 1
8000138c 1
80001374 1
8002ded4 1
80001378 1
8002e5ca 1
8002c186 1
8002bcca 1
80017454 1
8002ded8 1
8000137c 1
8002e5ce 1
8002bcce 1
80017458 1
8002adc6 1
80015c02 1
8002e5de 1
80016748 1
8002bcde 1
80017468 1
8002deec 1
80001390 1
80015c06 1
8002e5e2 1
8001674c 1
8002c19e 1
80015d0a 1
80001488 1
800158d0 1
8000148c 1
80015d02 1
8002e6de 1
800158d4 1
80001490 1
80015d06 1
8002e2b0 1
8002e6e2 1
8001713a 1
80001494 1
800158cc 1
8002e2b4 1
8002e6e6 1
8001713e 1
80001498 1
80015d0e 1
8002e2b8 1
80017142 1
8000149c 1
80015d12 1
80017146 1
800014a0 1
80001440 1
800013ec 1
80017096 1
8002adca 1
800013f0 1
8002e642 1
8001709a 1
80001438 1
8002bd8a 1
80017514 1
8000143c 1
8002e68e 1
8002bb52 1
8002e692 1
8002bd92 1
80001444 1
80001448 1
8002e69a 1
8000144c 1
8002e69e 1
80001450 1
8002e6a2 1
80001454 1
8002e6a6 1
80020f5c 1
8002d248 1
8002be76 1
8002d24c 1
8002be7a 1
8002be7e 1
8002d254 1
8002d258 1
80020f48 1
80020f4c 1
80020f50 1
8002c2c8 1
80020f58 1
8002be72 1
8002de40 1
800195ca 1
8002de44 1
800195ce 1
80018edc 1
8002de48 1
800195d2 1
80015470 1
8002de4c 1
80015478 1
8002de54 1
800175e8 1
8002c280 1
80017c8e 1
8002d224 1
8002be56 1
800175e0 1
8002c288 1
8002d22c 1
8002be5a 1
800175e4 1
8002c28c 1
8002d230 1
8002be5e 1
800195de 1
8002c290 1
8002be62 1
800175ec 1
8002c294 1
8002d238 1
800175f0 1
8002c298 1
8002be6a 1
8002c29c 1
8002d240 1
8002d244 1
8002e2d2 1
80015498 1
8002aa32 1
80001058 1
8002aa36 1
8000105c 1
8002e2ae 1
8002de84 1
8002e2b6 1
8002e2ca 1
8002aa56 1
8000107c 1
80018d3c 1
8002e2a2 1
8002dea4 1
8002e2d6 1
8000108c 1
8002deac 1
8002e2de 1
8002deb0 1
800154dc 1
8002deb8 1
800154e0 1
8000109c 1
8002dec0 1
80015488 1
8002e286 1
80019a10 1
8001547c 1
80018cf4 1
8002de58 1
8002e28a 1
80015480 1
80018cf8 1
8002de5c 1
80015484 1
8002de60 1
800175d8 1
8001548c 1
80018d04 1
8002de68 1
800195f2 1
80015490 1
80018d08 1
8002de6c 1
8002e29e 1
80015494 1
80018d0c 1
8002de70 1
8002c20c 1
8002d198 1
8002bdc6 1
8002c1f8 1
8002bdca 1
8002c1fc 1
8002bdce 1
8002c200 1
8002bdd2 1
8002c204 1
8002d1ac 1
8002bdda 1
80017564 1
800184f0 1
80018508 1
8002d1b0 1
8002d1b4 1
8002bde2 1
8002c214 1
8002bde6 1
8002bdea 1
8002bdee 1
8002bdf2 1
8002bdf6 1
8002d1cc 1
8002bda6 1
8002bd4a 1
8002c17c 1
8002bd52 1
8002c184 1
8002bd56 1
8002c188 1
8002bd5a 1
8002c18c 1
8002bd9a 1
8002bd9e 1
8002bda2 1
8002d178 1
80018956 1
8002d17c 1
8002bdaa 1
8002bdae 1
8002bdb2 1
8002c1e4 1
8002bdb6 1
8002c1e8 1
8002d190 1
8002bdbe 1
8002c1f0 1
8002d194 1
800175c8 1
8002d204 1
8002be32 1
8002c264 1
8002d208 1
8002be36 1
8002c268 1
8002d20c 1
80016cd6 1
8002be3a 1
8002c26c 1
80016cda 1
8002be3e 1
80017c6e 1
8002c270 1
8002d214 1
80016cde 1
8002be42 1
8002c274 1
8002d218 1
8002be46 1
800175d0 1
8002c278 1
8002d220 1
8002be4e 1
8002be0e 1
8002bdfa 1
8002bdfe 1
8002d1d4 1
8001895e 1
80016ca2 1
8002be06 1
8002d1dc 1
80018966 1
8002d1e0 1
8001896a 1
80016caa 1
8002e2f2 1
80016cae 1
8002be12 1
8002be16 1
8002be1a 1
8002be22 1
80017c62 1
8002be2a 1
8002c25c 1
8002d200 1
8002be2e 1
8002c260 1
8000118c 1
80001178 1
8002df98 1
800155c0 1
8000117c 1
800155c4 1
80001180 1
8002dfa0 1
800155c8 1
80001184 1
8002dfa4 1
800155cc 1
80001188 1
800155bc 1
8002dfac 1
80001190 1
80001194 1
8002dfb4 1
8002dfc0 1
8002dfc4 1
8002e3f6 1
80019292 1
80019b80 1
8002dfc8 1
8002e3fa 1
800155b0 1
8002e3a2 1
80019b2c 1
80001154 1
80001158 1
8002df78 1
8000115c 1
8002df7c 1
80019706 1
80001160 1
80001164 1
8002df84 1
80001168 1
80019296 1
8000116c 1
8002df8c 1
8002e3be 1
80019b48 1
800155b4 1
80001170 1
8002df90 1
800155b8 1
80001174 1
8002e3c6 1
80019b50 1
8002bb3e 1
800011dc 1
8002e42e 1
80019094 1
800011e0 1
8002e436 1
80019bc0 1
8002bb36 1
8002e43a 1
80019bc4 1
8002bb3a 1
8002e43e 1
80019bc8 1
80019bb4 1
8002bb42 1
800011f4 1
8002bb46 1
800011f8 1
8002e44a 1
80019bd4 1
8002bb4a 1
800011fc 1
8002bb4e 1
800172d8 1
80001200 1
8002bb1a 1
80019b84 1
8002dfd4 1
8002bb0a 1
8002ab96 1
800011bc 1
8002bb0e 1
8002ab9a 1
800011c0 1
8002bb12 1
8002bb16 1
800011c8 1
8002df70 1
800011cc 1
800207aa 1
8002bb1e 1
800011d0 1
8002e422 1
80019bac 1
8002bb22 1
800011d4 1
8002bb26 1
800011d8 1
8002e42a 1
80019ae8 1
80001104 1
8002df24 1
8001554c 1
80001108 1
8002df28 1
800196b2 1
8002e35a 1
80015550 1
8000110c 1
8002df2c 1
800196b6 1
8002e35e 1
80001100 1
80015554 1
80001110 1
80015558 1
8002aaee 1
80001114 1
8002df34 1
800196be 1
8002e366 1
80019af0 1
8001555c 1
80001118 1
800191d2 1
8002dec4 1
8001866e 1
8002decc 1
8002e302 1
8002e306 1
8002e316 1
8002dee8 1
8002e31a 1
8002e32a 1
8002e32e 1
8002e336 1
8002df38 1
800010ec 1
8002e33e 1
800010f0 1
8002e342 1
800010f4 1
800010f8 1
8002df18 1
800196a2 1
8002e34a 1
800010fc 1
80015544 1
8002df64 1
8002df54 1
8002dc94 1
8001941e 1
80001138 1
8002dc98 1
8000113c 1
80018df8 1
8002df5c 1
80001140 1
80018dfc 1
8002df60 1
80018e00 1
80001134 1
80001148 1
80018e04 1
8002df68 1
8002e39a 1
80019b24 1
8000114c 1
80018e08 1
8002e39e 1
80019b28 1
80001150 1
80018e0c 1
80019afc 1
800196c2 1
80015560 1
8000111c 1
8002df3c 1
8002e36e 1
80019af8 1
80015564 1
80001120 1
80018ddc 1
8002df40 1
8002e372 1
8000039c 1
80015568 1
80001124 1
8001556c 1
80001128 1
80018de4 1
8002df48 1
8000112c 1
8002df4c 1
80001130 1
80018dec 1
8002df50 1
80000eec 1
800300a4 1
8002fc68 1
8003009a 1
8001578a 1
80000f14 1
80000f10 1
80000f0c 1
80000f08 1
80000f00 1
80000ef8 1
80000ef4 1
80000ef0 1
80000f1c 1
80000ee8 1
80000ee4 1
80000ee0 1
80000edc 1
80000ed8 1
80000ed4 1
80000ed0 1
80000ecc 1
80000ec8 1
80000ec4 1
80000ec0 1
80030114 1
8002c81a 1
80020440 1
8002042a 1
80020424 1
80020420 1
8002041a 1
80020416 1
80020410 1
8002040c 1
8001ab84 1
8002fce8 1
8003011a 1
80000ebc 1
8003010c 1
8002fcd4 1
80030106 1
800300fe 1
800300f2 1
800300ee 1
800300e0 1
800300c8 1
800300c0 1
8001b84a 1
80015792 1
80000e34 1
80000e70 1
8002a846 1
80000e6c 1
80000e68 1
80000e64 1
80000e60 1
80000e5c 1
80000e58 1
80000e4c 1
80000e40 1
80000e3c 1
80000e38 1
8002a84a 1
80000e30 1
80000e2c 1
80000e28 1
80000e24 1
80000e20 1
80000e1c 1
80000e18 1
80000e14 1
80030080 1
8003007a 1
8001b3ca 1
80000e98 1
80000eb8 1
80000eb4 1
80000eb0 1
80000eac 1
8002a882 1
80000ea8 1
8002a87e 1
80000ea4 1
8002a87a 1
80000ea0 1
80000e9c 1
8002c82e 1
80000e94 1
80000e90 1
80000e8c 1
80000e88 1
80000e84 1
80000e80 1
80000e7c 1
8002a852 1
80000e78 1
8002a84e 1
80000e74 1
8002cbea 1
8002ccda 1
8002ccce 1
8002ccc2 1
8002ccb2 1
80018434 1
8002cc9e 1
8002cc92 1
8002cc5e 1
8002cc3e 1
8002cc32 1
8002cc06 1
8002cbfa 1
8002ccfa 1
8002cbd6 1
8002cbba 1
8002cba6 1
8002cb92 1
8002cb7a 1
8002cb6e 1
8002cb62 1
8002cb52 1
8002cb4a 1
8002cb32 1
800182bc 1
8002cdf6 1
8002cece 1
8002cec4 1
8002ce9c 1
8002ce92 1
8001861c 1
8002ce62 1
8002ce4e 1
8002ce36 1
8002ce2a 1
8002ce1e 1
8002ce0a 1
80018594 1
8002cb26 1
8002cdca 1
8002cdbe 1
8001853c 1
8002cd9e 1
80018528 1
8002cd92 1
80018510 1
8002cd56 1
8002cd42 1
8002cd12 1
8002cd06 1
8002c90e 1
8002c9e2 1
8002c9ca 1
8002c9b2 1
80018130 1
8002c99a 1
8002c98e 1
8002c986 1
8002c97a 1
8002c96e 1
8002c95e 1
8002c946 1
8002c91a 1
8002c9ee 1
8002c902 1
8001808c 1
8002c8dc 1
8002c8c6 1
8002c8b2 1
8002c8a0 1
8002c88c 1
8002c864 1
80017fee 1
8002c856 1
8002c83e 1
8002ca7a 1
8002cb12 1
8002cb06 1
8002cae6 1
8002cade 1
8002cad2 1
8002caba 1
8002caa6 1
8002ca9a 1
8002ca8e 1
8002ca82 1
8001820c 1
8002fc3c 1
80018204 1
8002ca6e 1
800181f8 1
8002ca62 1
800181ec 1
8002ca4e 1
800181d8 1
8002ca32 1
8002ca1e 1
8002ca0a 1
8002c9f6 1
80000c2c 1
80000c64 1
80000c60 1
80000c54 1
80000c50 1
80000c4c 1
80000c48 1
80000c44 1
80000c40 1
80000c3c 1
80000c38 1
80000c34 1
80000c30 1
80000c6c 1
80000c00 1
80000bfc 1
80000bf4 1
80000bf0 1
80000bec 1
80000be4 1
8002a5a2 1
80000bc8 1
8002a59a 1
80000bc0 1
8002a596 1
80000cb8 1
80000d18 1
80000d14 1
80000d10 1
80000d0c 1
80000d08 1
80000d04 1
80000d00 1
80000cd4 1
80000cd0 1
80000cc8 1
80000cc4 1
80000cc0 1
80000bbc 1
80000c9c 1
80000c94 1
80000c90 1
80000c8c 1
80000c88 1
80000c84 1
80000c80 1
80000c7c 1
80000c78 1
80000c74 1
80000c70 1
8002a53a 1
8002a552 1
80000b78 1
8002a54e 1
80000b74 1
8002a54a 1
80000b70 1
8002a546 1
80000b6c 1
8002a542 1
80000b68 1
8002a53e 1
80000b64 1
80000b7c 1
80000b60 1
8002a536 1
80000b5c 1
8002a532 1
80000b58 1
8002a52e 1
80000b54 1
8002a52a 1
80000b50 1
8002a526 1
80000b4c 1
80000ba0 1
8002a592 1
80000bb8 1
8002a58e 1
80000bb4 1
8002a58a 1
80000bb0 1
80000bac 1
80000ba8 1
8002a57e 1
80000ba4 1
8002a57a 1
80000d1c 1
8002a576 1
80000b9c 1
8002a572 1
80000b98 1
8002a56a 1
80000b90 1
8002a566 1
80000b8c 1
8002a55a 1
80000b80 1
8002a556 1
80000dc8 1
80000df8 1
80000df4 1
80000df0 1
80000dec 1
80000de8 1
80000de4 1
80000de0 1
80000ddc 1
80000dd8 1
80000dd4 1
80000dd0 1
80000dcc 1
80000dfc 1
80000dc4 1
80000dc0 1
80000dbc 1
80000db8 1
8002a78e 1
80000db4 1
8002a78a 1
80000db0 1
8002a786 1
80000dac 1
8002a782 1
80030042 1
8001b3c6 1
8002fc34 1
80030066 1
8002fc30 1
80030062 1
8001b7ec 1
8001aab8 1
8002fc1c 1
8003004e 1
8001aab0 1
80030046 1
8002fc10 1
80000da8 1
8001aaa4 1
8002fc08 1
8003003a 1
8002fc04 1
8001aa8c 1
80030022 1
80000e10 1
80000e0c 1
80000e08 1
80000e04 1
80000e00 1
8002ff96 1
8002fbb0 1
8002fbac 1
8002ffde 1
8002ffda 1
8001b322 1
8002ffca 1
8002ffbe 1
8002ffb6 1
8002fb80 1
8002ffb2 1
8002fb74 1
8002ffa0 1
8002ffec 1
8002ff8e 1
8001b718 1
8002ff86 1
8002ff80 1
8001b70a 1
80000d3c 1
80000d38 1
80000d34 1
80000d28 1
80000d24 1
80000d20 1
80000d70 1
8002a77e 1
80000da4 1
8002a77a 1
80000da0 1
8002a776 1
80000d9c 1
8002a772 1
80000d98 1
8002a76e 1
80000d94 1
80000d74 1
8002ceea 1
80000d6c 1
80000d68 1
80000d64 1
80000d60 1
80000d5c 1
80000d58 1
80000d44 1
80000d40 1
80030018 1
8002fbc8 1
8002fff4 1
8002e4aa 1
8002e5aa 1
8002e596 1
8002e582 1
8002e56e 1
8002e55a 1
8002e546 1
8002e532 1
8002e51e 1
8002e4f6 1
8002e4e2 1
8002e4da 1
8002e4be 1
8002e5c6 1
8002e496 1
8002e482 1
8002e46e 1
8002e45a 1
8002e446 1
80019bd0 1
8002e432 1
8002e41e 1
80019ba8 1
8002e40a 1
80019b94 1
8002e68a 1
8002e726 1
8002e71c 1
8002e712 1
8002e708 1
80019e92 1
8002e6fe 1
8002e6ea 1
8002e6d8 1
8002e6ce 1
8002e6c4 1
8002e6b0 1
8002e69c 1
8002e3de 1
8002e680 1
8002e66c 1
8002e658 1
8002e646 1
8002e632 1
8002e61e 1
80019da8 1
8002e600 1
8002e5f8 1
8002e5e4 1
8002e5da 1
8002e196 1
8002e2c4 1
8002e280 1
8002e276 1
80019a00 1
800199f8 1
8002e25a 1
8002e246 1
8002e232 1
8002e1d2 1
8002e1be 1
80019948 1
8002e1aa 1
8002e2ce 1
8002e17a 1
8002e166 1
8002e152 1
8002e13e 1
8002e0de 1
8002e0b6 1
8002e0a2 1
8002e09a 1
8002e086 1
8002e072 1
8002e05e 1
80019af4 1
80019b68 1
8002e3ca 1
80019b54 1
8002e3b6 1
80019b40 1
8002e392 1
80019b1c 1
8002e37e 1
80019b08 1
8002e374 1
8002e36a 1
8002e730 1
8002e360 1
8002e344 1
8002e33a 1
8002e330 1
8002e326 1
8002e31c 1
8002e312 1
8002e2f6 1
8002e2ec 1
8002e2e2 1
8002e2d8 1
8002ebca 1
8002ecaa 1
8002ec96 1
8002ec82 1
8002ec6e 1
8002ec52 1
8002ec34 1
8002ec2a 1
8002ebfc 1
8002ebf2 1
8002ebe8 1
8002ebde 1
8002ebd4 1
8002ecb2 1
8001a354 1
8001a34c 1
8002ebae 1
8002eba4 1
8001a32e 1
8002eb90 1
8002eb7c 1
8002eb56 1
8002eb42 1
8002eb38 1
8002eb2e 1
8002ed8a 1
8002ee56 1
8002ee42 1
8002ee26 1
8002ee12 1
8002edfe 1
8001a588 1
8002edea 1
8002ede2 1
8001a56c 1
8002edce 1
8002edba 1
8002eda6 1
8002eb12 1
8002ed76 1
8002ed62 1
8002ed4e 1
8002ed46 1
8002ed32 1
8001a4bc 1
8002ed1e 1
8002ed0a 1
8002ecee 1
8002ecda 1
8002ecc6 1
80019fa4 1
8002e916 1
8001a066 1
8002e8ac 1
8002e8a2 1
8002e88e 1
8002e87a 1
8002e868 1
8002e854 1
8002e840 1
8002e836 1
8002e822 1
80019fac 1
8002e920 1
80019f90 1
8002e7d4 1
8002e7cc 1
8002e7c2 1
8002e7ae 1
8002e79a 1
8002e790 1
8002e774 1
8002e760 1
8002e74c 1
8002e738 1
8002ea44 1
8002eb08 1
8002eaf4 1
8002eae0 1
8002eaba 1
8002eaa6 1
8002ea9c 1
8002ea92 1
8002ea76 1
8002ea62 1
8002ea4e 1
8001a1d8 1
8002e042 1
8001a1ce 1
8002ea28 1
8002ea14 1
8002ea00 1
8002e9e4 1
8002e9d0 1
8002e9bc 1
8002e9a8 1
8002e948 1
8002e93e 1
8002e934 1
8002d382 1
8002d4a6 1
8002d462 1
8002d44e 1
8002d43a 1
8002d426 1
8002d412 1
8002d3fe 1
8002d3ba 1
8002d3b2 1
80018b3c 1
8002d3aa 1
8002d396 1
8002d508 1
8002d37a 1
8002d366 1
8002d352 1
8002d33e 1
8002d32a 1
8002d316 1
8002d302 1
8002d2ee 1
8002d2d2 1
8002d2be 1
8002d2aa 1
8002d6da 1
8002d7a6 1
8002d792 1
8002d77e 1
80018f08 1
8002d774 1
8002d756 1
80018ee0 1
8002d74c 1
8002d738 1
8002d72e 1
8002d6f6 1
8002d6ec 1
8002d296 1
80018e16 1
8002d664 1
8002d646 1
8002d63c 1
8002d61a 1
8002d5ac 1
8002d598 1
8002d574 1
80018cfe 1
8002d530 1
8002d51c 1
8002cfe8 1
8002d0ba 1
8002d0a6 1
8002d088 1
8002d076 1
8002d062 1
8002d044 1
8002d028 1
8002d020 1
800187aa 1
8002d018 1
8002d010 1
8002cffc 1
8002d0cc 1
8002cfde 1
8002cfca 1
8002cfc2 1
8002cf90 1
8002cf86 1
8002cf60 1
800186ea 1
8002cf56 1
8002cf42 1
8002cf1c 1
8002cf08 1
8002d168 1
8002d282 1
8002d25a 1
8002d20e 1
8002d1fa 1
8002d1e6 1
80018954 1
8002d1c0 1
8001894a 1
8002d1b6 1
8002d18e 1
8002d172 1
8002d7b0 1
8002d15e 1
8002d154 1
8002d140 1
8002d136 1
8002d12e 1
8002d124 1
8002d0f2 1
8001887c 1
8002d0e8 1
8002d0de 1
8002d0d4 1
8002dcc8 1
800195da 1
8002de34 1
800195b4 1
800195a0 1
8002ddf8 1
8002dde4 1
8002ddc6 1
8002ddbc 1
8002dda8 1
8002dd8a 1
8002dd82 1
8002dd5c 1
8002de80 1
8002dcb4 1
8002dca0 1
8002dc8e 1
8002dc30 1
8002dbf4 1
8002dba8 1
8002db94 1
8002db80 1
8002db6c 1
8002db58 1
8002db30 1
8002df88 1
8002e02e 1
8002e01a 1
8002e006 1
80019790 1
8002dffe 1
80019788 1
8002dfea 1
8002dfd6 1
8002dfcc 1
8002dfb8 1
8002dfb0 1
8002df9c 1
8002db26 1
8002df74 1
8002df30 1
8002df1c 1
8002df14 1
8002df00 1
8002def6 1
8002dece 1
8002debc 1
8002dea8 1
8002de9e 1
8002de8a 1
8002d87c 1
8002d970 1
8002d95c 1
8002d952 1
8002d948 1
8002d904 1
8002d8f0 1
8002d8dc 1
8002d8c8 1
8002d8b4 1
8002d8a0 1
8002d898 1
8002d890 1
8002d97a 1
8002d868 1
8002d854 1
8002d838 1
8002d824 1
8002d810 1
8002d7fc 1
8002d7e0 1
8002d7d6 1
8002d7cc 1
8002d7c4 1
8002d7ba 1
8002da3c 1
800192b0 1
8002db1c 1
800192a6 1
8002db12 1
8002db08 1
8002db00 1
8002daee 1
80019278 1
8002dae4 1
8002dac6 1
8002dabc 1
8002a522 1
8002da32 1
8002da28 1
8002da1e 1
8002da14 1
8002da0a 1
8002d9f8 1
8002d9ee 1
8002d9e4 1
8002d9da 1
8002d9a0 1
8002d98c 1
80000348 1
80020f90 1
8003e5b0 1
80029d3a 1
80000360 1
8003e5a8 1
80029d32 1
80000358 1
8003e5a4 1
80029d2e 1
80000354 1
8003e598 1
80029d22 1
80020f98 1
8003e594 1
80000344 1
8003e590 1
80000340 1
8003e58c 1
8000033c 1
8003e588 1
80000338 1
8003e584 1
80000334 1
8002feee 1
8000041c 1
8002fefe 1
8003e67c 1
8000042c 1
8003e678 1
80000428 1
8003e674 1
80000424 1
8003e670 1
80029dfa 1
80000420 1
8003e66c 1
80029df6 1
8003e580 1
80020fb4 1
80020e6e 1
80020e42 1
8003e65c 1
8000040c 1
80020f3a 1
8003e658 1
80000408 1
8003e654 1
80029dde 1
80000404 1
8003dc9e 1
8003dcce 1
8003dcca 1
8003dcc6 1
8003dcc2 1
8003dcbe 1
8003dcba 1
8003dcb6 1
8003dcb2 1
8003dcae 1
8003dcaa 1
8003dca6 1
8003dca2 1
8003dcd2 1
8003dc9a 1
8003dc96 1
8003dc92 1
8003dc8e 1
8003dc8a 1
8003dc86 1
8003dc82 1
8003dc7e 1
8003dc7a 1
8003dc76 1
8003dc72 1
8003dd02 1
80000330 1
8003d4ec 1
8003d4e8 1
8003d4e4 1
8003d4e0 1
8003d4dc 1
8003d4d8 1
8003dd12 1
8003dd0e 1
8003dd0a 1
8003dd06 1
8002facc 1
8003dcfe 1
8003dcfa 1
8003dcf6 1
8003dcf2 1
8003dcee 1
8003dcea 1
8003dce6 1
8003dce2 1
8003dcde 1
8003dcda 1
8003dcd6 1
8003e6f4 1
8003e70c 1
800004bc 1
8003e708 1
800004b8 1
8003e704 1
800004b4 1
8003e700 1
800004b0 1
8003e6fc 1
800004ac 1
8003e6f8 1
800004a8 1
800004c0 1
800004a4 1
8003e6f0 1
800004a0 1
8003e6ec 1
8000049c 1
8003e6e8 1
80000498 1
8003e6e4 1
80000494 1
8003e6e0 1
80000490 1
8003e720 1
800004e4 1
8003e730 1
800004e0 1
8003e72c 1
80029eb6 1
800004dc 1
8003e728 1
80029eb2 1
800004d8 1
8003e724 1
80029eae 1
800004d4 1
8003e6dc 1
80029eaa 1
800004d0 1
8003e71c 1
80029ea6 1
800004cc 1
8003e718 1
800004c8 1
8003e714 1
800004c4 1
8003e710 1
80029e9a 1
80000444 1
8000045c 1
8003e6a8 1
80000458 1
8003e6a4 1
80000454 1
8003e6a0 1
80000450 1
8003e69c 1
8000044c 1
8003e698 1
80000448 1
8003e694 1
8003e6ac 1
8003e690 1
80000440 1
8003e68c 1
8000043c 1
8003e688 1
80000438 1
8003e684 1
80000434 1
8003e680 1
80000430 1
8002ff10 1
8003e6c4 1
8000048c 1
8003e6d8 1
80000488 1
8003e6d4 1
80000484 1
8003e6d0 1
80000480 1
8003e6cc 1
8000047c 1
8003e6c8 1
80000478 1
8003dc6e 1
80000474 1
8003e6c0 1
80000470 1
8003e6bc 1
8000046c 1
8003e6b8 1
80000468 1
8003e6b4 1
80000464 1
8003e6b0 1
80000460 1
8003d994 1
8003d9c4 1
8003d9c0 1
8003d9bc 1
8003d9b8 1
8003d9b4 1
8003d9b0 1
8003d9ac 1
8003d9a8 1
8003d9a4 1
8003d9a0 1
8003d99c 1
8003d998 1
8003d9c8 1
8003d990 1
8003d98c 1
8003d988 1
8003d984 1
8003d980 1
8003d97c 1
8003d978 1
8003d974 1
8003d970 1
8003d96c 1
8003d968 1
8003d9fc 1
8003da3a 1
8003da36 1
8003da32 1
8003da2e 1
8003da2a 1
8003da26 1
8003da1a 1
8003da12 1
8003da0e 1
8003da0a 1
8003da06 1
8003da00 1
8003d964 1
8003d9f4 1
8003d9f0 1
8003d9ec 1
8003d9e8 1
8003d9e4 1
8003d9e0 1
8003d9dc 1
8003d9d8 1
8003d9d4 1
8003d9d0 1
8003d9cc 1
8003d872 1
8003d900 1
8003d8f6 1
8003d8ea 1
8003d8de 1
8003d8d2 1
8003d8c6 1
8003d8ba 1
8003d8ae 1
8003d8a2 1
8003d896 1
8003d88a 1
8003d87e 1
8003d904 1
8003d866 1
8003d85a 1
8003d84e 1
8003d842 1
8003d836 1
8003d82a 1
8003d81e 1
8003d812 1
8003d806 1
8003d7fa 1
8003d7f4 1
8003d934 1
8003d960 1
8003d95c 1
8003d958 1
8003d954 1
8003d950 1
8003d94c 1
8003d948 1
8003d944 1
8003d940 1
8003d93c 1
8003d938 1
8003da3e 1
8003d930 1
8003d92c 1
8003d928 1
8003d924 1
8003d920 1
8003d91c 1
8003d918 1
8003d914 1
8003d910 1
8003d90c 1
8003d908 1
8003db8c 1
8003dc04 1
8003dc00 1
8003dbf8 1
8003dbf4 1
8003dbf0 1
8003dbec 1
8003dbe0 1
8003dbd4 1
8003dbc8 1
8003dbb0 1
8003dba4 1
8003db98 1
8003dc08 1
8003db80 1
8003db74 1
8003db68 1
8003db5c 1
8003db50 1
8003db44 1
8003db38 1
8003db2c 1
8003db20 1
8003db14 1
8003db06 1
8003dc3a 1
8003dc6a 1
8003dc66 1
8003dc62 1
8003dc5e 1
8003dc5a 1
8003dc56 1
8003dc52 1
8003dc4e 1
8003dc4a 1
8003dc46 1
8003dc42 1
8003dc3e 1
8003db02 1
8003dc36 1
8003dc32 1
8003dc2e 1
8003dc2a 1
8003dc26 1
8003dc22 1
8003dc1e 1
8003dc1a 1
8003dc16 1
8003dc12 1
8003dc0c 1
8003da6e 1
8003da9e 1
8003da9a 1
8003da96 1
8003da92 1
8003da8e 1
8003da8a 1
8003da86 1
8003da82 1
8003da7e 1
8003da7a 1
8003da76 1
8003da72 1
8003daa2 1
8003da6a 1
8003da66 1
8003da62 1
8003da5e 1
8003da5a 1
8003da56 1
8003da52 1
8003da4e 1
8003da4a 1
8003da46 1
8003da42 1
8003dad2 1
8003dafe 1
8003dafa 1
8003daf6 1
8003daf2 1
8003daee 1
8003daea 1
8003dae6 1
8003dae2 1
8003dade 1
8003dada 1
8003dad6 1
8003e734 1
8003dace 1
8003daca 1
8003dac6 1
8003dac2 1
8003dabe 1
8003daba 1
8003dab6 1
8003dab2 1
8003daae 1
8003daaa 1
8003daa6 1
80000848 1
8000086c 1
80000868 1
80000864 1
8002a232 1
80000858 1
8002a22e 1
80000854 1
8002a22a 1
80000850 1
8002a226 1
8000084c 1
8002a222 1
80000870 1
8002a21a 1
80000840 1
8002a216 1
8000083c 1
8002a212 1
80000838 1
80000834 1
8002a20a 1
80000830 1
8000082c 1
80000828 1
80000980 1
800009bc 1
800009b8 1
800009b4 1
800009b0 1
800009a8 1
800009a4 1
800009a0 1
80000994 1
80000990 1
8000098c 1
80000988 1
80000984 1
80000824 1
8000097c 1
80000978 1
80000974 1
80000970 1
8000096c 1
80000968 1
80000964 1
80000960 1
8000095c 1
80000958 1
80000894 1
800007a0 1
800007cc 1
8002a1a2 1
800007c8 1
800007c4 1
800007c0 1
800007bc 1
800007b8 1
800007b4 1
800007b0 1
800007ac 1
800007a8 1
800007a4 1
8002a1a6 1
8000079c 1
80000798 1
80000794 1
80000790 1
8000078c 1
80000788 1
8002a15e 1
80000784 1
8002a15a 1
80000780 1
8002a156 1
800007fc 1
80000820 1
8002ff50 1
8001b6da 1
8002ff4c 1
8002ff48 1
8002ff3e 1
8000081c 1
80000818 1
80000814 1
80000810 1
80000800 1
800009c0 1
800007f8 1
800007f4 1
800007f0 1
800007ec 1
800007e8 1
800007e4 1
800007e0 1
800007dc 1
800007d8 1
800007d4 1
800007d0 1
8002a4ca 1
8002a4e2 1
80000b08 1
8002a4de 1
80000b04 1
8002a4da 1
80000b00 1
8002a4d6 1
80000afc 1
8002a4d2 1
80000af8 1
8002a4ce 1
80000af4 1
80000b0c 1
80000af0 1
80000ac4 1
80000ac0 1
80000ab8 1
80000ab4 1
80000ab0 1
80000aa8 1
80000a8c 1
80000a80 1
80000a7c 1
80000a78 1
80000b30 1
80000b48 1
8002a51e 1
80000b44 1
8002a51a 1
80000b40 1
8002a516 1
80000b3c 1
8002a512 1
80000b38 1
8002a50e 1
80000b34 1
8002a50a 1
80000a74 1
8002a502 1
80000b28 1
8002a4fe 1
80000b24 1
8002a4f2 1
80000b18 1
8002a4ee 1
80000b14 1
8002a4ea 1
80000b10 1
8002a4e6 1
8002a3ba 1
8002a3de 1
80000a04 1
8002a3ce 1
800009f4 1
8002a3ca 1
800009f0 1
8002a3c6 1
800009ec 1
8002a3c2 1
800009e8 1
8002a3be 1
800009e4 1
80000a08 1
800009e0 1
8002a3b6 1
800009dc 1
8002a3b2 1
800009d8 1
800009d4 1
800009d0 1
800009cc 1
800009c8 1
800009c4 1
8002ff5c 1
80000a38 1
80000a70 1
80000a6c 1
80000a68 1
80000a64 1
80000a60 1
80000a5c 1
80000a58 1
80000a4c 1
80000a48 1
80000a40 1
80000a3c 1
8000077c 1
80000a34 1
80000a30 1
80000a2c 1
80000a24 1
80000a1c 1
80000a18 1
80000a14 1
80000a10 1
8002a3e6 1
80000a0c 1
8002a3e2 1
800005b0 1
800005cc 1
800005c8 1
800005c4 1
80029f9a 1
800005c0 1
80029f96 1
800005bc 1
80029f92 1
800005b8 1
80029f8e 1
800005b4 1
80029f8a 1
800005d0 1
80029f86 1
800005ac 1
80029f82 1
800005a8 1
80029f7e 1
800005a4 1
80029f7a 1
800005a0 1
80029f76 1
8000059c 1
80029f72 1
8000062c 1
80000644 1
8002a01a 1
80000640 1
8002a016 1
8000063c 1
8002a012 1
80000638 1
8002a00e 1
80000634 1
8002a00a 1
80000630 1
8002a006 1
80000598 1
8002a002 1
80000628 1
80029ffe 1
80000624 1
80000620 1
8000061c 1
80000618 1
80000614 1
80000610 1
8000060c 1
80029faa 1
8003e768 1
8000054c 1
80000548 1
80000544 1
80000540 1
8000053c 1
80000538 1
80000534 1
80000530 1
8000052c 1
80000528 1
80000524 1
80000520 1
80000550 1
8003e764 1
8003e760 1
8003e75c 1
8003e758 1
8003e754 1
8003e750 1
8003e74c 1
8003e748 1
8003e740 1
8003e73c 1
800004e8 1
80000580 1
80029f6e 1
80000594 1
80029f6a 1
80000590 1
80029f66 1
8000058c 1
80029f62 1
80000588 1
80029f5e 1
80000584 1
80029f5a 1
8002a01e 1
80029f56 1
8000057c 1
80000578 1
80000574 1
80000570 1
8000056c 1
80000568 1
80000564 1
80000560 1
80000558 1
80000554 1
80000714 1
80000738 1
80000734 1
80000730 1
8000072c 1
80000728 1
80000724 1
80000720 1
8002a0f6 1
8000071c 1
8002a0f2 1
80000718 1
8002a0ee 1
8000073c 1
8002a0ea 1
80000710 1
8002a0e6 1
8000070c 1
8002a0e2 1
80000708 1
8002a0de 1
80000704 1
8002a0da 1
80000700 1
8002a0d6 1
8002a13e 1
8002a14e 1
80000774 1
8002a14a 1
80000770 1
8002a146 1
8000076c 1
8002faf4 1
8001b27e 1
8002ff26 1
8002a142 1
80000768 1
800006fc 1
80000764 1
80000760 1
8002a136 1
8000075c 1
80000758 1
80000754 1
80000750 1
8000074c 1
80000748 1
80000744 1
80000740 1
80000674 1
8000069c 1
80000698 1
80000694 1
8002a06a 1
80000690 1
8002a066 1
8000068c 1
80000688 1
80000684 1
80000680 1
8000067c 1
80000678 1
800006a0 1
80000670 1
8000066c 1
80000668 1
80000664 1
80000660 1
8000065c 1
80000658 1
80000654 1
80000650 1
8000064c 1
80000648 1
800006d0 1
800006f8 1
8002a0ce 1
800006f4 1
800006f0 1
800006ec 1
800006e8 1
800006e4 1
800006e0 1
800006dc 1
800006d8 1
800006d4 1
8002ee6a 1
800006cc 1
800006c8 1
800006c4 1
800006c0 1
800006bc 1
800006b8 1
800006b4 1
800006b0 1
800006ac 1
800006a8 1
800006a4 1
80035896 1
800358c0 1
800358bc 1
800358b8 1
800358b4 1
800358b0 1
800358ac 1
800358a8 1
800358a6 1
800358a2 1
800358a0 1
8003589c 1
8003589a 1
800358c4 1
80035894 1
80035890 1
8003588e 1
8003588c 1
8003588a 1
80035886 1
80035884 1
80035882 1
80035880 1
8003587e 1
8003587c 1
800358ee 1
80035918 1
80035914 1
80035912 1
8003590e 1
8003590a 1
80035908 1
80035904 1
80035900 1
800358fc 1
800358f8 1
800358f4 1
800358f0 1
80035878 1
800358ea 1
800358e6 1
800358e4 1
800358e0 1
800358dc 1
800358d8 1
800358d4 1
800358d0 1
800358cc 1
800358c8 1
800358c6 1
8003581a 1
8003583a 1
80035836 1
80035834 1
80035832 1
80035830 1
8003582c 1
8003582a 1
80035828 1
80035826 1
80035822 1
80035820 1
8003581e 1
8003583c 1
80035818 1
80035816 1
80035814 1
80035812 1
80035810 1
8003580e 1
8003580a 1
80035806 1
80035804 1
80035802 1
800357fe 1
8003585a 1
80035874 1
80035872 1
80035870 1
8003586e 1
8003586c 1
80035868 1
80035866 1
80035864 1
80035860 1
8003585e 1
8003585c 1
8003591a 1
80035856 1
80035854 1
80035852 1
80035850 1
8003584c 1
8003584a 1
80035848 1
80035846 1
80035842 1
80035840 1
8003583e 1
800359e8 1
80035a0a 1
80035a06 1
80035a04 1
80035a00 1
800359fe 1
800359fc 1
800359f8 1
800359f6 1
800359f4 1
800359f2 1
800359ee 1
800359ec 1
80035a0c 1
800359e4 1
800359e0 1
800359de 1
800359dc 1
800359d8 1
800359d6 1
800359d4 1
800359d0 1
800359ce 1
800359ca 1
800359c6 1
80035a28 1
80035a4a 1
80035a48 1
80035a44 1
80035a42 1
80035a3e 1
80035a3c 1
80035a3a 1
80035a38 1
80035a34 1
80035a32 1
80035a30 1
80035a2c 1
800359c2 1
80035a26 1
80035a24 1
80035a22 1
80035a1e 1
80035a1c 1
80035a1a 1
80035a18 1
80035a16 1
80035a12 1
80035a10 1
80035a0e 1
80035940 1
80035966 1
80035962 1
80035960 1
8003595c 1
8003595a 1
80035958 1
80035954 1
80035952 1
80035950 1
8003594c 1
80035948 1
80035944 1
80035968 1
8003593e 1
8003593a 1
80035936 1
80035932 1
8003592e 1
8003592c 1
8003592a 1
80035928 1
80035924 1
80035920 1
8003591e 1
80035994 1
800359be 1
800359ba 1
800359b6 1
800359b2 1
800359ae 1
800359aa 1
800359a6 1
800359a2 1
8003599e 1
8003599c 1
80035998 1
800357fc 1
80035990 1
8003598c 1
80035988 1
80035984 1
80035980 1
8003597c 1
8003597a 1
80035976 1
80035972 1
8003596e 1
8003596a 1
8001f2ae 1
8001f374 1
8001f372 1
8001f370 1
8001f36e 1
8001f36c 1
8001f36a 1
8001f2c2 1
8001f2be 1
8001f2ba 1
8001f2b8 1
8001f2b6 1
8001f2b2 1
8001f376 1
8001f2aa 1
8001f2a6 1
8001f2a4 1
8001f2a2 1
8001f2a0 1
8001f29e 1
8001f29c 1
8001f29a 1
8001f298 1
80035742 1
80035740 1
80035760 1
8003577e 1
8003577c 1
80035778 1
80035776 1
80035774 1
80035772 1
8003576e 1
8003576c 1
8003576a 1
80035768 1
80035764 1
80035762 1
8003573c 1
8003575e 1
8003575c 1
8003575a 1
80035758 1
80035756 1
80035754 1
80035752 1
8003574e 1
8003574c 1
80035748 1
80035746 1
800356de 1
800356fc 1
800356fa 1
800356f6 1
800356f4 1
800356f2 1
800356f0 1
800356ec 1
800356ea 1
800356e8 1
800356e6 1
800356e4 1
800356e2 1
800356fe 1
800356dc 1
800356d8 1
800356d6 1
800356d4 1
800356d2 1
800356d0 1
800356cc 1
800356ca 1
800356c8 1
800356c6 1
800356c2 1
8003571a 1
8003573a 1
80035738 1
80035736 1
80035732 1
8003572e 1
8003572c 1
8003572a 1
80035728 1
80035724 1
80035720 1
8003571e 1
80035780 1
80035718 1
80035716 1
80035714 1
80035712 1
80035710 1
8003570e 1
8003570a 1
80035708 1
80035706 1
80035704 1
80035700 1
8001f3a0 1
8001f44a 1
8001f446 1
8001f442 1
8001f43e 1
8001f43a 1
8001f438 1
8001f3b2 1
8001f3ae 1
8001f3aa 1
8001f3a8 1
8001f3a4 1
8001f3a2 1
8001f44e 1
8001f39c 1
8001f398 1
8001f394 1
8001f390 1
8001f38c 1
8001f388 1
8001f386 1
8001f384 1
8001f382 1
8001f380 1
8001f37e 1
8001f584 1
8001f62c 1
8001f62a 1
8001f628 1
8001f626 1
8001f624 1
8001f622 1
8001f59a 1
8001f596 1
8001f592 1
8001f58e 1
8001f58a 1
8001f588 1
8001f37c 1
8001f580 1
8001f57e 1
8001f4f6 1
8001f4f2 1
8001f4ee 1
8001f4ea 1
8001f4e6 1
8001f4e4 1
8001f4e0 1
8001f4dc 1
8001f4da 1
8003579e 1
800357bc 1
800357ba 1
800357b6 1
800357b4 1
800357b2 1
800357b0 1
800357ac 1
800357aa 1
800357a8 1
800357a6 1
800357a2 1
800357a0 1
800357be 1
8003579c 1
80035798 1
80035796 1
80035794 1
80035792 1
80035790 1
8003578e 1
8003578a 1
80035788 1
80035784 1
80035782 1
800357de 1
8001f37a 1
8001f378 1
800357f8 1
800357f4 1
800357f2 1
800357f0 1
800357ee 1
800357ea 1
800357e8 1
800357e6 1
800357e2 1
80035a4c 1
800357da 1
800357d8 1
800357d6 1
800357d2 1
800357ce 1
800357cc 1
800357ca 1
800357c6 1
800357c4 1
800357c2 1
800357c0 1
80035cac 1
80035cd0 1
80035cce 1
80035ccc 1
80035cc8 1
80035cc6 1
80035cc4 1
80035cc0 1
80035cbe 1
80035cbc 1
80035cb8 1
80035cb4 1
80035cb0 1
80035cd4 1
80035caa 1
80035ca8 1
80035ca4 1
80035ca0 1
80035c9c 1
80035c9a 1
80035c98 1
80035c94 1
80035c92 1
80035c90 1
80035c8c 1
80035cf6 1
80035d18 1
80035d14 1
80035d12 1
80035d10 1
80035d0c 1
80035d0a 1
80035d06 1
80035d02 1
80035d00 1
80035cfe 1
80035cfa 1
80035cf8 1
80035c88 1
80035cf4 1
80035cf0 1
80035cee 1
80035cec 1
80035cea 1
80035ce6 1
80035ce2 1
80035cde 1
80035cdc 1
80035cda 1
80035cd6 1
80035c1e 1
80035c40 1
80035c3e 1
80035c3a 1
80035c38 1
80035c36 1
80035c34 1
80035c30 1
80035c2c 1
80035c28 1
80035c26 1
80035c24 1
80035c20 1
80035c42 1
80035c1a 1
80035c18 1
80035c16 1
80035c12 1
80035c0e 1
80035c0a 1
80035c08 1
80035c06 1
80035c02 1
80035c00 1
80035bfc 1
80035c62 1
80035c86 1
80035c84 1
80035c82 1
80035c7e 1
80035c7a 1
80035c76 1
80035c72 1
80035c70 1
80035c6e 1
80035c6a 1
80035c66 1
80035d1c 1
80035c60 1
80035c5c 1
80035c5a 1
80035c58 1
80035c56 1
80035c52 1
80035c50 1
80035c4e 1
80035c4a 1
80035c48 1
80035c44 1
8001f9fe 1
80049406 1
80049402 1
800493fa 1
800493f6 1
800493f2 1
800493ee 1
800493ea 1
800493e8 1
800493e4 1
8001fa06 1
8001fa02 1
800493d8 1
8004940a 1
800493d4 1
8001f9fa 1
800493d0 1
8001f9f6 1
800493cc 1
8001f9f2 1
800493c8 1
8001f9ee 1
800493c4 1
8001f9ea 1
8001f9e6 1
8001fa58 1
8004944e 1
8001fa74 1
8004944a 1
8001fa70 1
80049446 1
8001fa6c 1
8001fa68 1
8001fa64 1
8001fa60 1
80049436 1
8001fa5c 1
80049432 1
800493be 1
8004942e 1
8001fa54 1
8001fa52 1
80049428 1
8001fa4e 1
8001fa4c 1
80049420 1
8004941c 1
80049416 1
80049412 1
8004940e 1
8001f964 1
8001f984 1
8001f982 1
8001f980 1
8001f97e 1
8001f97c 1
8001f97a 1
8001f978 1
8001f976 1
8001f972 1
8001f96e 1
8001f96a 1
8001f966 1
8001f988 1
8001f962 1
8001f960 1
8001f95e 1
8001f95c 1
8001f95a 1
8001f958 1
8001f956 1
8001f954 1
8001f952 1
80035d20 1
80035d1e 1
80049384 1
8001f9e4 1
800493ba 1
800493b6 1
800493ae 1
800493a8 1
800493a4 1
800493a0 1
8004939c 1
80049398 1
80049394 1
8004938c 1
80035bfa 1
80049380 1
8001f9a4 1
8004937c 1
8001f9a2 1
8001f99e 1
80049374 1
8001f99a 1
8001f996 1
8001f992 1
8001f990 1
8001f98c 1
80035b18 1
80035b3e 1
80035b3c 1
80035b38 1
80035b34 1
80035b32 1
80035b30 1
80035b2c 1
80035b2a 1
80035b26 1
80035b22 1
80035b1e 1
80035b1a 1
80035b42 1
80035b16 1
80035b12 1
80035b10 1
80035b0c 1
80035b0a 1
80035b08 1
80035b04 1
80035b02 1
80035b00 1
80035afc 1
80035af8 1
80035b6e 1
80035b96 1
80035b94 1
80035b92 1
80035b8e 1
80035b8c 1
80035b88 1
80035b84 1
80035b80 1
80035b7c 1
80035b7a 1
80035b76 1
80035b72 1
80035af4 1
80035b6a 1
80035b66 1
80035b62 1
80035b5e 1
80035b5a 1
80035b56 1
80035b52 1
80035b50 1
80035b4c 1
80035b4a 1
80035b46 1
80035a74 1
80035aa0 1
80035a9c 1
80035a98 1
80035a94 1
80035a90 1
80035a8e 1
80035a8a 1
80035a86 1
80035a82 1
80035a7e 1
80035a7a 1
80035a76 1
80035aa4 1
80035a72 1
80035a6e 1
80035a6c 1
80035a68 1
80035a64 1
80035a60 1
80035a5c 1
80035a58 1
80035a56 1
80035a52 1
80035a50 1
80035acc 1
80035af0 1
80035aec 1
80035ae8 1
80035ae4 1
80035ae0 1
80035ade 1
80035adc 1
80035ada 1
80035ad6 1
80035ad2 1
80035ad0 1
80035b9a 1
80035aca 1
80035ac8 1
80035ac4 1
80035ac2 1
80035abe 1
80035aba 1
80035ab6 1
80035ab2 1
80035ab0 1
80035aac 1
80035aa8 1
8001f70c 1
8001f7d2 1
8001f7d0 1
8001f7cc 1
8001f7c8 1
8001f7c6 1
8001f726 1
8001f722 1
8001f71e 1
8001f71a 1
8001f716 1
8001f714 1
8001f710 1
8001f7d6 1
8001f70a 1
8001f672 1
8001f66e 1
8001f66a 1
8001f666 1
8001f662 1
8001f65e 1
8001f65c 1
8001f65a 1
8001f658 1
8001f654 1
8001f89e 1
80035bf8 1
8001f950 1
8001f94e 1
8001f94c 1
8001f94a 1
8001f948 1
8001f946 1
8001f944 1
8001f942 1
8001f940 1
8001f93e 1
8001f650 1
8001f89a 1
8001f896 1
8001f892 1
8001f88e 1
8001f88c 1
8001f888 1
8001f884 1
8001f882 1
8001f7e2 1
8001f7de 1
8001f7da 1
80035bbe 1
80035bdc 1
80035bda 1
80035bd6 1
80035bd4 1
80035bd0 1
80035bce 1
80035bcc 1
80035bca 1
80035bc8 1
80035bc6 1
80035bc4 1
80035bc2 1
80035bde 1
80035bbc 1
80035bb8 1
80035bb6 1
80035bb4 1
80035bb0 1
80035bae 1
80035bac 1
80035ba8 1
80035ba4 1
80035ba0 1
80035b9c 1
8001f634 1
8001f64c 1
8001f648 1
8001f646 1
8001f644 1
8001f642 1
8001f640 1
8001f63e 1
8001f63c 1
8001f63a 1
8001f638 1
8001f636 1
800356c0 1
8001f632 1
8001f630 1
8001f62e 1
80035bf4 1
80035bf2 1
80035bee 1
80035bec 1
80035bea 1
80035be6 1
80035be4 1
80035be2 1
800010d4 1
80001238 1
80015aaa 1
80001234 1
80015aa6 1
80001230 1
8002aa5e 1
80001084 1
800010e8 1
800010e4 1
800010e0 1
800010dc 1
800010d8 1
80015aae 1
800010b0 1
800011f0 1
800011ec 1
800011e8 1
800011e4 1
800011a8 1
800011a4 1
8002aa5a 1
80001080 1
80000fa8 1
8001581a 1
800301c4 1
8003020e 1
80030208 1
8001b992 1
80030200 1
8002fdc8 1
8002fdc0 1
8002fdbc 1
800301ee 1
800301e2 1
800301dc 1
800301d4 1
800301ce 1
80000fa4 1
800301bc 1
80015ac2 1
8000124c 1
80015abe 1
80001248 1
80015aba 1
80001244 1
80015ab6 1
80001240 1
80015ab2 1
8000123c 1
8002fcf8 1
8003016a 1
8002fd34 1
80030166 1
8002fd30 1
80030162 1
8003015e 1
8001b4ae 1
80030156 1
80030146 1
80030140 1
8001b8ca 1
80030138 1
8002fd38 1
8003012a 1
8002f8b2 1
8002f89a 1
8001b024 1
8001b020 1
8002f892 1
8001b01c 1
8002f88e 1
8002f88a 1
8002f886 1
8002f87e 1
800301a0 1
80015816 1
80000fa0 1
80000f9c 1
80000f98 1
8001580a 1
8002a96e 1
80000f94 1
8002fd7c 1
800301ae 1
8002fd78 1
800301aa 1
8002fddc 1
8002fd68 1
8003019a 1
80030194 1
8003018c 1
8001b916 1
80030188 1
8001b912 1
8002fd48 1
8003017a 1
80030174 1
80030170 1
8002fea4 1
8002ff38 1
8002ff30 1
8002ff2c 1
8002ff20 1
8002ff1c 1
8002ff18 1
8002ff0c 1
8002ff08 1
8002ff04 1
8002ff00 1
8002fef8 1
8002fee0 1
8002ff62 1
8001b61a 1
8002fe8c 1
8002fe88 1
8002fe78 1
8002fe64 1
8002fe4c 1
8002fe44 1
8002fe40 1
8002fe38 1
8002fe20 1
8002fe18 1
8002ffe6 1
80030082 1
80030072 1
8001b7fc 1
8003006e 1
8001b7f8 1
8003005c 1
80030036 1
80030032 1
80030010 1
8003000c 1
80030008 1
8002fffa 1
8002fe14 1
8002ffe2 1
8001b76c 1
8002ffd4 1
8002ffd0 1
8002ffaa 1
8002ffa6 1
8002ffa2 1
8001b72c 1
8002ff78 1
8002ff74 1
8001b6fe 1
8001b04a 1
8002fad0 1
8002fab0 1
8002fa28 1
8002fa20 1
8002fa18 1
8002f9e0 1
8002f994 1
8002f96e 1
8002f950 1
8002f948 1
8002f944 1
8002f8c0 1
8001b262 1
80020594 1
80020590 1
8002058c 1
80020588 1
80020578 1
800204e8 1
800204d8 1
8002fde8 1
8003021a 1
8001b56a 1
80030212 1
8002fc60 1
8002fe0c 1
8002fe08 1
8002fdf4 1
8002fdec 1
8002fdb4 1
8002fd74 1
8002fd20 1
8001b4aa 1
8002fcf4 1
8002fca8 1
8002fc6c 1
8002f85e 1
8001b3ea 1
8002fc5c 1
8001b3e6 1
8002fc58 1
8001b3e2 1
8002fbd0 1
8002fb40 1
8002fb38 1
8002fafc 1
8001b276 1
8002fad8 1
8002f122 1
8001a946 1
8002f1b0 1
8002f184 1
8002f17c 1
8002f168 1
8002f160 1
8002f15c 1
8002f14c 1
8002f148 1
8002f13a 1
8002f136 1
8002f126 1
8001a94c 1
8002f118 1
8002f114 1
8002f104 1
8001a88e 1
8002f100 1
8001a88a 1
8002f0fc 1
8001a886 1
8001a882 1
8002f0d4 1
8002f0ce 1
8001a9d4 1
8002f2d2 1
8002f2ca 1
8002f286 1
8002f282 1
8002f27a 1
8002f276 1
8002f266 1
8002f25e 1
8002f256 1
8002f252 1
8001a9dc 1
8002f24a 1
8002f0c2 1
8002f246 1
8002f242 1
8002f23e 1
8002f236 1
8002f208 1
8002f204 1
8002f1fc 1
8002f1f4 1
8002f1e6 1
8002f1ca 1
8002f1c2 1
8002ef0c 1
8002ef90 1
8002ef84 1
8002ef78 1
8002ef62 1
8001a6ec 1
8002ef5c 1
8002ef50 1
8002ef4a 1
8001a6d4 1
8002ef38 1
8002ef24 1
8002ef18 1
8002efb4 1
8002ef06 1
8002eefe 1
8002eef2 1
8002eee6 1
8002eeda 1
8002eec2 1
8002eeae 1
8001a638 1
8002ee9a 1
8002ee86 1
8002ee7e 1
8002f03e 1
8002f0bc 1
8002f0a6 1
8001a830 1
8002f098 1
8002f094 1
8002f090 1
8002f078 1
8002f074 1
8002f06a 1
8002f062 1
8002f05a 1
8002f2fa 1
8001a7c8 1
8002f03a 1
8002f032 1
8002f016 1
8002f00c 1
8002f008 1
8002eff0 1
8002efe4 1
8002efd8 1
8001a756 1
8002efc0 1
8001ae44 1
8002f762 1
8002f75e 1
8002f75a 1
8002f748 1
8002f722 1
8002f71a 1
8002f710 1
8002f70c 1
8002f6f0 1
8001ae60 1
8001ae48 1
8002f6ba 1
8002f766 1
8001ae3e 1
8001ae3a 1
8001ae36 1
8001ae32 1
8002f6a4 1
8002f6a0 1
8002f696 1
8002f692 1
8002f67a 1
8002f676 1
8002f66a 1
8002f7a8 1
8002f85a 1
8002f856 1
8002f84e 1
8002f820 1
8002f80e 1
8002f808 1
8002f7fa 1
8002f7ee 1
8002f7cc 1
8002f7c2 1
8002f7be 1
8002f7b6 1
8002f666 1
8001af32 1
8002f798 1
8002f794 1
8001af1e 1
8002f790 1
8001af1a 1
8002f78c 1
8001af16 1
8002f77c 1
8002f76e 1
8002f76a 1
8002f3fa 1
8002f486 1
8001ac10 1
8002f482 1
8002f47a 1
8001ac04 1
8002f45a 1
8001abe4 1
8002f446 1
8001abd0 1
8002f436 1
8001abc0 1
8002f402 1
8001ac14 1
8002f3d2 1
8002f3ca 1
8002f38a 1
8002f336 1
8002f332 1
8002f32e 1
8002f326 1
8002f31a 1
8002f30e 1
8002f30a 1
8002f302 1
8002f594 1
8002f65c 1
8002f658 1
8002f654 1
8002f630 1
8002f628 1
8002f5fe 1
8002f5d2 1
8002f5ce 1
8002f5c0 1
8002f5bc 1
8002f5a6 1
80030090 1
8002f58c 1
8002f57c 1
8002f54c 1
8002f504 1
8002f4e4 1
8002f4c4 1
8002f4b8 1
8002f4a4 1
8002f4a0 1
8002f492 1
8002f48a 1
800355bc 1
800355da 1
800355d8 1
800355d6 1
800355d4 1
800355d0 1
800355ce 1
800355cc 1
800355ca 1
800355c6 1
800355c4 1
800355c2 1
800355c0 1
800355dc 1
800355ba 1
800355b8 1
800355b6 1
800355b4 1
800355b2 1
800355b0 1
800355ae 1
800355ac 1
800355aa 1
800355a6 1
800355a4 1
800355fa 1
80035618 1
80035616 1
80035614 1
80035612 1
8003560e 1
8003560c 1
8003560a 1
80035608 1
80035604 1
80035602 1
80035600 1
800355fe 1
8001f0c0 1
800355f8 1
800355f6 1
800355f4 1
800355f0 1
800355ee 1
800355ec 1
800355ea 1
800355e8 1
800355e6 1
800355e2 1
800355e0 1
8001eea4 1
8001eed2 1
8001eece 1
8001eeca 1
8001eec8 1
8001eec4 1
8001eec0 1
8001eebc 1
8001eeb8 1
8001eeb4 1
8001eeb0 1
8001eeac 1
8001eea8 1
8001eed4 1
8001eea0 1
8001ee9c 1
8001ee98 1
8001ee94 1
8001ee90 1
8001ee8c 1
8001ee88 1
8001ee84 1
8001ee80 1
8001ee7c 1
8001ee78 1
8001f0a8 1
8001f0be 1
8001f0bc 1
8001f0ba 1
8001f0b8 1
8001f0b6 1
8001f0b4 1
8001f0b2 1
8001f0b0 1
8001f0ae 1
8001f0ac 1
8001f0aa 1
8003561c 1
8001f0a6 1
8001f0a4 1
8001eef4 1
8001eef2 1
8001eeee 1
8001eeec 1
8001eee8 1
8001eee4 1
8001eee0 1
8001eedc 1
8001eed8 1
8001f194 1
8001f1ba 1
8001f1b6 1
8001f1b2 1
8001f1ae 1
8001f1aa 1
8001f1a6 1
8001f1a2 1
8001f19e 1
8001f19c 1
8001f19a 1
8001f198 1
8001f196 1
8001f1be 1
8003569a 1
80035698 1
80035696 1
80035694 1
80035692 1
8003568e 1
8003568c 1
8003568a 1
80035686 1
80035684 1
80035682 1
800356a4 1
800356be 1
800356bc 1
800356b8 1
800356b6 1
800356b4 1
800356b2 1
800356b0 1
800356ae 1
800356ac 1
800356aa 1
800356a8 1
800356a6 1
8003567e 1
800356a0 1
8003569e 1
8001f296 1
8001f294 1
8001f292 1
8001f290 1
8001f28e 1
8001f1cc 1
8001f1c8 1
8001f1c4 1
8001f1c2 1
8001f0c2 1
8001f0ea 1
8001f0e6 1
8001f0e2 1
8001f0de 1
8001f0da 1
8001f0d8 1
8001f0d4 1
8001f0d0 1
8001f0cc 1
8001f0c8 1
8001f0c6 1
8001f0c4 1
8001f0ee 1
80035636 1
80035634 1
80035630 1
8003562e 1
8003562c 1
8003562a 1
80035628 1
80035624 1
80035622 1
80035620 1
8003561e 1
80035656 1
8003567a 1
80035676 1
80035674 1
80035672 1
8003566e 1
8003566a 1
80035666 1
80035664 1
80035662 1
8003565e 1
8003565a 1
8001ee74 1
80035652 1
8003564e 1
8003564a 1
80035646 1
80035644 1
80035642 1
8003563e 1
8003563a 1
8001f192 1
8001f190 1
8001f18e 1
80030396 1
800354c6 1
800354c4 1
800354c2 1
800354c0 1
800354be 1
800354bc 1
800354b8 1
800354b6 1
800354b2 1
800303b2 1
8003039e 1
8003039a 1
800354ca 1
80030392 1
80030382 1
8003037e 1
8003037a 1
80030376 1
80030366 1
80030362 1
8003035a 1
80030354 1
80030342 1
8003033e 1
800354e8 1
80035506 1
80035502 1
800354fe 1
800354fc 1
800354fa 1
800354f8 1
800354f6 1
800354f4 1
800354f2 1
800354ee 1
800354ec 1
800354ea 1
80030330 1
800354e4 1
800354e2 1
800354e0 1
800354de 1
800354da 1
800354d8 1
800354d6 1
800354d4 1
800354d0 1
800354ce 1
800354cc 1
80030132 1
800301e4 1
800301c2 1
800301b6 1
800301a8 1
80030198 1
8003018a 1
8003017e 1
80030160 1
8003015c 1
8003014e 1
8003014a 1
80030136 1
8001b97c 1
80030124 1
80030120 1
800300f6 1
800300e8 1
800300e4 1
800300c6 1
800300ba 1
800300ac 1
8003009c 1
80030098 1
80030094 1
80030290 1
80030312 1
800302f6 1
800302ee 1
800302e8 1
8001ba72 1
800302dc 1
800302cc 1
8001ba56 1
800302be 1
800302ba 1
800302b2 1
8003550a 1
80030282 1
8003027e 1
80030246 1
80030242 1
80030224 1
8003021c 1
8001b9a2 1
8003020a 1
800301fa 1
800301f6 1
800301f2 1
8003559e 1
8001ee1a 1
8001ee18 1
8001ee16 1
8001ee14 1
8001ee12 1
8001ee10 1
8001ee0e 1
8001ee0c 1
8001ee0a 1
8001ee08 1
8001ee06 1
800355a0 1
8001ee1c 1
8003559a 1
80035598 1
80035596 1
80035592 1
80035590 1
8003558e 1
8003558c 1
80035588 1
80035586 1
80035584 1
80035582 1
8001ee44 1
8001ee70 1
8001ee6c 1
8001ee68 1
8001ee64 1
8001ee60 1
8001ee5c 1
8001ee58 1
8001ee54 1
8001ee50 1
8001ee4c 1
8001ee48 1
8003557e 1
8001ee40 1
8001ee3c 1
8001ee38 1
8001ee34 1
8001ee30 1
8001ee2c 1
8001ee28 1
8001ee24 1
8001ee22 1
8001ee20 1
8001ee1e 1
80035524 1
80035542 1
80035540 1
8003553c 1
8003553a 1
80035538 1
80035536 1
80035534 1
80035530 1
8003552e 1
8003552c 1
8003552a 1
80035526 1
80035546 1
80035522 1
80035520 1
8003551c 1
8003551a 1
80035518 1
80035516 1
80035514 1
80035512 1
80035510 1
8003550e 1
8003550c 1
80035562 1
8003557c 1
8003557a 1
80035578 1
80035576 1
80035574 1
80035572 1
8003556e 1
8003556c 1
8003556a 1
80035568 1
80035564 1
8003d7f0 1
80035560 1
8003555e 1
8003555a 1
80035558 1
80035556 1
80035554 1
80035550 1
8003554e 1
8003554c 1
8003554a 1
80035548 1
800353ec 1
80035434 1
80002126 1
80002122 1
8003542c 1
8000211e 1
80035418 1
80035414 1
80035410 1
8003540c 1
80035408 1
80035400 1
800353f4 1
80035438 1
800353dc 1
800353d4 1
800353cc 1
8002025c 1
800353c0 1
8002ba8c 1
80020258 1
800353bc 1
8002ba88 1
8002ba84 1
80016920 1
80035484 1
80020408 1
80020360 1
80020356 1
800354aa 1
80020340 1
800354a4 1
8002033c 1
800354a0 1
80016a04 1
80020330 1
8002032c 1
80035490 1
80020250 1
8003547c 1
80035478 1
800169e0 1
80035460 1
8003545c 1
80035458 1
80035450 1
8003544c 1
80035444 1
80035440 1
8003543c 1
80016762 1
80035366 1
8001681a 1
80016816 1
8002b906 1
8002b902 1
8002b8f6 1
8002b8f2 1
8002b8e8 1
8002b8e4 1
8001676e 1
8001676a 1
80016766 1
8003536a 1
8001675e 1
80016746 1
80016742 1
8001673e 1
8001673a 1
800166d0 1
8001666c 1
80016668 1
80016620 1
8001661c 1
80016618 1
80020238 1
800353b4 1
8002ba80 1
8002ba7c 1
80016918 1
80020248 1
800353ac 1
80020244 1
800353a8 1
80020240 1
8002023c 1
800353a0 1
8002040e 1
8003539c 1
80020232 1
80020230 1
80035394 1
8002022e 1
80035392 1
8002022c 1
8003538e 1
8003538a 1
80035386 1
80035380 1
80020f42 1
80017714 1
80020fea 1
800176b6 1
80020fce 1
8002bf10 1
80020fc6 1
8002bf08 1
8002bf00 1
8002bee4 1
8002beb8 1
800024ba 1
8002be94 1
8002bf8a 1
8002be84 1
800175d4 1
8002bd06 1
8002bcea 1
8001745a 1
8002bcc8 1
80017452 1
8002bc90 1
8002bc80 1
8002bc64 1
8002bc38 1
8002c1b8 1
8002c2b0 1
8002c2a8 1
8002c286 1
80017a10 1
800179f4 1
800179ec 1
8002c25a 1
800179e4 1
8002c248 1
8002c22c 1
8002c212 1
8002c1f6 1
8002bc2e 1
8002c170 1
800178c4 1
8002c0e0 1
8002c08e 1
800177fc 1
8002c050 1
8002c046 1
8002c008 1
80017792 1
8001777e 1
80017776 1
80016bbc 1
80016ca6 1
80020582 1
8002057e 1
8002057a 1
80016bec 1
80016bea 1
80016be2 1
80016bd8 1
80016bce 1
80016bc6 1
80016bc4 1
80016bc0 1
80016da2 1
800204e0 1
800204dc 1
800204d6 1
80020450 1
80020448 1
8002043a 1
80020436 1
80020432 1
80020426 1
8002041e 1
80020412 1
80017162 1
8002bc1c 1
8002bc00 1
8002bbf0 1
8002bbc2 1
8002bb9e 1
8002bb70 1
8002bb68 1
8002bb60 1
8002bb28 1
8002bb20 1
8002bb18 1
80016614 1
8001715a 1
8002c182 1
80016fee 1
8002c13a 1
8002bf2c 1
80016dc8 1
80016db6 1
80016db2 1
80016dae 1
80016daa 1
80016da6 1
80018d22 1
8002da7c 1
8002deae 1
80000c5c 1
8002da74 1
8002dea6 1
8002dea2 1
8002de9a 1
8002da60 1
8002de92 1
8002de8e 1
8002da58 1
8002de86 1
8001963c 1
800191d6 1
8002de7e 1
8002da48 1
8002de7a 1
80000c28 1
8002da44 1
800191ce 1
8002de76 1
80000c24 1
8002da40 1
8002de72 1
8002dec6 1
80000c98 1
8002dab0 1
8002dee2 1
8002daac 1
8002dede 1
8002daa8 1
8002deda 1
8002ded6 1
8002da9c 1
8002da98 1
8002deca 1
80019654 1
80000c20 1
80019650 1
8002da90 1
8002dec2 1
8001964c 1
8002da88 1
8002deba 1
80019644 1
80000c68 1
8002deb6 1
80019640 1
8002deb2 1
80000bd0 1
80000be8 1
8002de36 1
8002de2e 1
800195b8 1
80000bdc 1
8002d9f4 1
8002de26 1
800195b0 1
80000bd4 1
8002d9f0 1
8002de22 1
8002a5aa 1
800195c4 1
8002d9ec 1
8002de1e 1
80000bcc 1
8002de1a 1
800195a4 1
8002de12 1
8001959c 1
8002de0e 1
80019598 1
8002d9d8 1
8002de0a 1
8002de56 1
8002de6a 1
80000c18 1
8002de66 1
80000c14 1
8002da30 1
8002de62 1
80000c10 1
8002da2c 1
8002de5e 1
800195e8 1
80000c0c 1
8002deea 1
80000c04 1
8002da20 1
8002de52 1
8002de4e 1
8002de4a 1
80000bf8 1
8002de42 1
800195cc 1
8002da0c 1
8002de3e 1
8002de3a 1
800163da 1
80016416 1
80016412 1
8001640e 1
8001640a 1
80016406 1
800163f6 1
800163f2 1
800163ee 1
800163ea 1
800163e6 1
800163e2 1
800163de 1
8001645a 1
800163d6 1
800163d2 1
800163ce 1
800163ca 1
800163c6 1
800163c2 1
800163be 1
800163ba 1
800163b6 1
800163b2 1
80015ac0 1
80016532 1
80016610 1
800165b6 1
800165ae 1
800165a6 1
80016552 1
8001654e 1
8001654a 1
80016546 1
80016542 1
8001653e 1
8001653a 1
80016536 1
80015abc 1
8001652a 1
800164c6 1
800164c2 1
8001647a 1
80016476 1
80016472 1
8001646e 1
8001646a 1
80016466 1
80016462 1
8001645e 1
8002dad4 1
80016252 1
8001624e 1
8001624a 1
80016246 1
80016244 1
8001623c 1
8001619a 1
8002df12 1
8002df0e 1
80000cbc 1
8002dad8 1
8002df0a 1
80001a7c 1
8002df06 1
80000cb4 1
8002defe 1
80000cac 1
8002defa 1
80000ca8 1
8002dac4 1
80000ca4 1
8002dac0 1
8002def2 1
80000ca0 1
80016306 1
80015ab8 1
8002b48e 1
80001ab4 1
8002b48a 1
80001ab0 1
80001a9c 1
80016312 1
80001a98 1
8001630e 1
8001630a 1
80001a90 1
8002c2c0 1
80001a8c 1
80016302 1
80001a88 1
8002b45e 1
80001a84 1
8002b45a 1
80001a80 1
800162f6 1
8002b458 1
80001a7e 1
8002b456 1
8003542e 1
8002033a 1
80020332 1
80035496 1
8003548e 1
80035486 1
80035482 1
8003547a 1
80035472 1
8003546e 1
8003546a 1
80035462 1
80035456 1
8002c460 1
800353fe 1
800353fa 1
800353f6 1
800353e6 1
800353e2 1
800353de 1
800353da 1
8002026a 1
800353ce 1
80020266 1
800353ca 1
8002c4de 1
8002c59c 1
8002c588 1
8002c560 1
8002c54e 1
8002c53a 1
8002c526 1
8002c51c 1
80017c92 1
8002c500 1
8002c4fc 1
8002c4f8 1
8002c4f0 1
80020262 1
80017c68 1
8002c4d6 1
80017c60 1
8002c4cc 1
8002c4c4 1
8002c4a8 1
8002c48e 1
8002c484 1
8002c47c 1
8002c472 1
8002c468 1
8002f976 1
8002f986 1
8002f984 1
8001b10e 1
8002f550 1
8002f982 1
8002f980 1
8001b10a 1
8002f97c 1
8002f548 1
8002f97a 1
8001b104 1
8002f978 1
8002f98c 1
8001b100 1
8002f972 1
8001b0fc 1
8002f970 1
8002f96c 1
8001b0f6 1
8002f534 1
8002f966 1
8002f964 1
8002f530 1
8002f962 1
8002f99c 1
800353c6 1
800353ba 1
800353b6 1
800353b2 1
800353aa 1
800353a6 1
800353a2 1
8002023a 1
8003539e 1
8002f99e 1
8002f56a 1
8002c5a4 1
8002f99a 1
8002f566 1
8002f998 1
8002f562 1
8002f992 1
8001b11c 1
8002f55e 1
8002f990 1
8002f98e 1
8001b118 1
8002f55a 1
8002f9e8 1
800129d2 1
8003c3aa 1
800129d0 1
800129ce 1
8003c3a6 1
800129cc 1
8003c3a4 1
800129ca 1
8002f9f0 1
8002f9ec 1
8002f5b8 1
8002f9ea 1
8003c3ac 1
8002f9e6 1
8002f9e2 1
8002f9de 1
8002f9da 1
8002f5a4 1
8002f9d6 1
8002f5a0 1
8002f9d2 1
8002f9d0 1
8002f59c 1
8002f9ce 1
800129e6 1
8003c3d4 1
800129fa 1
8003c3d0 1
800129f6 1
8003c3ce 1
800129f4 1
8003c3cc 1
800129f2 1
8003c3c8 1
800129ee 1
8003c3c4 1
800129ea 1
8002f598 1
8003c3bc 1
800129e2 1
8003c3b8 1
800129de 1
8003c3b4 1
800129da 1
8003c3b2 1
800129d8 1
800129d6 1
8003c3ae 1
800129d4 1
8002c6c0 1
800354a6 1
8002c80e 1
8002c808 1
8002c7fc 1
8002c7f4 1
8002c7dc 1
8002c7c4 1
8002c79c 1
8002c780 1
8002c70c 1
8002c6f8 1
8002c6c8 1
80020342 1
80017e4a 1
8002c6b0 1
8002c664 1
8002c63e 1
8002c624 1
8002c610 1
80017d6a 1
8002c5cc 1
80017d56 1
8002c5b8 1
80017d42 1
8002f578 1
8002f9ca 1
8002f9c4 1
8002f9c2 1
8002f9c0 1
8002f9bc 1
8002f586 1
8002f9b8 1
8002f9b2 1
8002f9b0 1
8002f9ac 1
8001b136 1
8002f52c 1
8002f9aa 1
8002f9a6 1
8001b130 1
8002f9a4 1
8001a40c 1
8002f570 1
8002f9a2 1
8001b12c 1
80020354 1
80020348 1
800354ac 1
8001287e 1
8003c26c 1
80012892 1
8003c26a 1
80012890 1
8003c268 1
8001288e 1
8001288a 1
8003c260 1
80012886 1
8003c25c 1
80012882 1
8003c258 1
80012896 1
8003c256 1
8001287c 1
8003c254 1
8001287a 1
80012878 1
8003c250 1
80012876 1
8003c24e 1
80012874 1
8003c24c 1
80012872 1
8003c294 1
8003c2ca 1
8003c2c6 1
8003c2be 1
8003c2ba 1
8003c2b6 1
8003c2b2 1
8003c2ae 1
8003c2a6 1
8003c2a2 1
8003c29e 1
8003c29a 1
8003c296 1
8003c24a 1
8003c292 1
8003c28c 1
8003c28a 1
8003c284 1
8003c282 1
8003c27e 1
8003c27a 1
8003c278 1
8003c274 1
8001289a 1
8003c270 1
8002c3ac 1
80035388 1
8003537c 1
8003536e 1
80035368 1
8002c456 1
8002c44e 1
8002c446 1
8002c42a 1
8002c3f4 1
8002c3ec 1
8002c3d8 1
8002c3d0 1
8003538c 1
8002c3a4 1
8002c390 1
8002c388 1
8002c364 1
8002c352 1
8002c348 1
8002c340 1
8002c31c 1
8002c30a 1
80017a94 1
8002c2f0 1
8002f48e 1
80012870 1
8002f8e6 1
8002f8e2 1
8002f4ae 1
8001ac38 1
8002f8de 1
8001a342 1
8001ac30 1
8002f8ce 1
8002f8c6 1
8002f8c2 1
8003c2ce 1
8001ac18 1
8002f8be 1
8002f8ba 1
8001a31a 1
8002f47e 1
8002f8b0 1
8002f478 1
8002f8a8 1
8001b032 1
80020234 1
80035398 1
8002f91c 1
8002f928 1
8001a7c4 1
8002f926 1
8002f4f2 1
8001ac7c 1
8002f924 1
8002f922 1
8002f920 1
8001a7bc 1
8002f4ec 1
8001ac76 1
8002f91e 1
8002f4f6 1
8002f91a 1
8002f918 1
8002f914 1
8002f4e0 1
8002f912 1
8002f90e 1
8002f4da 1
8001ac64 1
8002f90c 1
8003c32e 1
80012954 1
8002f946 1
8002f95e 1
8002f95c 1
8002f528 1
8002f95a 1
8002f958 1
8002f524 1
8002f956 1
8002f954 1
8002f51e 1
8002f94e 1
8002f94a 1
8003c32c 1
8002f512 1
8002f942 1
8002f93c 1
8002f508 1
8002f93a 1
8002f934 1
8002f932 1
8002f4fe 1
8002f930 1
8002f92e 1
8002f92a 1
8003c308 1
8001294a 1
8003c322 1
80012948 1
8003c320 1
80012946 1
8003c31e 1
80012944 1
80012942 1
8003c318 1
8003c316 1
8003c30e 1
8003c30a 1
8003c324 1
8003c300 1
8003c2fc 1
8003c2f8 1
8003c2f6 1
8003c2ee 1
8003c2ea 1
8003c2e6 1
8003c2e2 1
8003c2da 1
8003c2d6 1
8003c2d2 1
8002f4c8 1
80012952 1
8003c32a 1
80012950 1
8002f4d6 1
8002f908 1
8001ac5c 1
8002f904 1
8001a7a0 1
8002f4ce 1
8002f900 1
8002f8fc 1
80019594 1
8001ac52 1
8002f8fa 1
8002f8f8 1
8002f8f4 1
8002f4c0 1
8002f8f2 1
8002f4bc 1
8002f8ee 1
8003c328 1
8001294e 1
8001294c 1
8002d98e 1
80019134 1
8002d570 1
80018cfa 1
8002d9a2 1
8002d56c 1
80018cf6 1
8002d99e 1
80018cf2 1
8002d99a 1
8002d564 1
8002d996 1
8002d55c 1
8002d9aa 1
8002d558 1
8002d98a 1
8002d554 1
8002d986 1
8002d550 1
8002d982 1
8002d548 1
8002d544 1
8002d976 1
80018812 1
8002d540 1
80019144 1
8002d594 1
80018d1e 1
8002d9c6 1
8003e592 1
80018d1a 1
8002d9c2 1
8002d58c 1
80018d16 1
8002d9be 1
8002d588 1
80018d12 1
8002d9ba 1
8002d972 1
8003e586 1
8002d584 1
80018d0e 1
8002d9b6 1
8002d580 1
80018d0a 1
8002d9b2 1
80018d06 1
8002d9ae 1
8002d578 1
80018d02 1
80019098 1
8002d92a 1
8002d4f0 1
8002d922 1
8002d91e 1
8002d4e8 1
8002d91a 1
8002d4e4 1
8002d916 1
800187b2 1
8002d912 1
8001909c 1
8002d90e 1
8002d4f8 1
8002d906 1
800187a2 1
80019090 1
8002d902 1
8001908c 1
8002d8fe 1
80019088 1
8002d8fa 1
8002d8f2 1
8002d8ee 1
8002d8ea 1
8002d94a 1
8002d53c 1
8002d96e 1
8002d534 1
8002d966 1
8002d52c 1
8002d95e 1
8002d528 1
8002d95a 1
8002d956 1
8002d520 1
8002d518 1
8002d9ce 1
8002d514 1
8002d946 1
8002d942 1
8002d50c 1
8002d93e 1
8002d504 1
8002d936 1
8002d500 1
8002d932 1
8002d4fc 1
8002d92e 1
80000808 1
8002da72 1
8002d638 1
8002da6a 1
8002d634 1
8002da66 1
8002d630 1
8002da62 1
8003e62e 1
8002da5e 1
8000080c 1
8002d628 1
8002da5a 1
8002da76 1
8002da56 1
800191e0 1
8003e622 1
80000804 1
8002da52 1
8002da4e 1
800191d8 1
8002da4a 1
8003e616 1
8002da46 1
8002d60c 1
8002d65c 1
8002daa6 1
8002daa2 1
8002d66c 1
8002da9e 1
8003e66a 1
8002d668 1
8002da9a 1
800184fc 1
8002d660 1
80018dea 1
8002da92 1
8003e65e 1
8002da3e 1
80018de6 1
8002da8e 1
8002d658 1
80018de2 1
8002da8a 1
80018dde 1
8002da86 1
8003e652 1
8002da7e 1
8002da7a 1
8003e646 1
8002d5b4 1
8002da02 1
8003e5ce 1
8002d5cc 1
8002d9fe 1
8002d5c8 1
8002d9fa 1
8002d5c4 1
8002d9f6 1
8003e5c2 1
8002d5bc 1
8002d9ea 1
8003e5b6 1
8002d5d0 1
8002d9e6 1
8002d5b0 1
8002d9e2 1
8002d5a8 1
8002d9d6 1
8001843c 1
8002d5a0 1
8002d9d2 1
8003e59e 1
8002d59c 1
80018d26 1
8003e5f2 1
8003e60a 1
8002d608 1
8002da3a 1
8002d604 1
8002da36 1
8002d600 1
8003e5fe 1
8002d5f8 1
8002da2a 1
8002d5f4 1
8002da26 1
8002d8e6 1
8002d5f0 1
8002da22 1
8002d5ec 1
8002d5e4 1
8002da16 1
8002d5e0 1
8002da12 1
8002d5dc 1
8002da0e 1
8003e5da 1
8002d5d8 1
8002d672 1
8002d6a6 1
8002d6a2 1
8002d69e 1
8002d69a 1
8002d692 1
8002d68e 1
8002d68a 1
8002d686 1
80018e10 1
8002d67e 1
8002d67a 1
8002d676 1
8002d6ae 1
8002d66a 1
80018df4 1
80029df2 1
80000418 1
8002d662 1
80029dea 1
80000410 1
8002d65a 1
8002d656 1
80018de0 1
8002d652 1
8002d6ee 1
8002d736 1
8002d732 1
8002d726 1
8002d722 1
8002d71e 1
8002d71a 1
8002d712 1
8002d70a 1
8002d706 1
8002d702 1
8002d6fe 1
8002d6f2 1
80000400 1
8002d6ea 1
8002d6e2 1
8002d6de 1
8002d6d6 1
8002d6ce 1
8002d6ca 1
8002d6c6 1
8002d6c2 1
8002d6ba 1
8002d6b6 1
8002d6b2 1
800003b0 1
8002d1e8 1
80018972 1
800003c8 1
8002d616 1
800003c4 1
8002d612 1
800003c0 1
8002d60e 1
800003bc 1
8002d60a 1
800003b8 1
8002d602 1
800003cc 1
8002d5fe 1
800003ac 1
8002d1c8 1
80018952 1
8002d5fa 1
800003a8 1
8001894e 1
8002d5f6 1
800003a4 1
8002d1bc 1
8002d5ee 1
8002d62e 1
8002d64e 1
800003fc 1
800003f4 1
8002d642 1
800003f0 1
8002d63e 1
800003ec 1
8002d63a 1
800003e8 1
8002d632 1
800003e0 1
8002d73a 1
800003dc 1
8002d1f8 1
8002d62a 1
800003d8 1
8002d1f4 1
8001897e 1
8002d626 1
800003d4 1
8002d1ec 1
80018976 1
8002d61e 1
8002d842 1
80018ff8 1
8002d86a 1
8002d866 1
80018ff0 1
8002d85e 1
8002d85a 1
8002d856 1
8002d852 1
8002d84a 1
80018fd4 1
8002d846 1
80018fd0 1
8002d86e 1
80018fcc 1
8002d83e 1
80018fc8 1
8002d836 1
80018fc0 1
8002d832 1
80018fbc 1
8002d82e 1
80018fb8 1
8002d82a 1
8002d822 1
8002d8a6 1
8002d8de 1
8002d8da 1
8002d8d6 1
8002d8d2 1
8002d8ce 1
8002d8ca 1
8002d8c2 1
8002d8be 1
8002d8ba 1
8002d8b6 1
8002d8ae 1
8002d8aa 1
8002d81e 1
8002d8a2 1
8002d89a 1
8002d896 1
8002d892 1
8002d88e 1
8002d886 1
8002d882 1
8002d87e 1
8002d87a 1
8002d872 1
80018ffc 1
8002d76a 1
8002d796 1
8002d78a 1
8002d786 1
80018f10 1
8002d782 1
80018f0c 1
8002d776 1
80018f00 1
8002d772 1
80018efc 1
8002d76e 1
80018ef8 1
8002d79a 1
80018ef4 1
8002d762 1
80018eec 1
8002d75e 1
80018ee8 1
8002d75a 1
80018ee4 1
8002d74e 1
8002d74a 1
8002d746 1
8002d742 1
8002d7e2 1
8002d81a 1
8002d816 1
8002d80e 1
8002d80a 1
8002d806 1
8002d802 1
8002d7fa 1
8002d7f2 1
8002d7ee 1
8002d7ea 1
8002d7e6 1
8000085c 1
8002d7de 1
8002d7da 1
8002d7ce 1
8002d7ca 1
8002d7c6 1
8002d7c2 1
8002d7b6 1
8002d7b2 1
8002d7ae 1
8002d7aa 1
8002d79e 1
8002dcbe 1
80000a90 1
8002d8ac 1
8002dcde 1
8002dcda 1
80000a88 1
8002d8a4 1
8002dcd6 1
80000a84 1
8002d89c 1
8002dcce 1
8002dcc6 1
8002d88c 1
8002dce2 1
8002d888 1
8002dcba 1
8002d884 1
8002dcb6 1
8002dcb2 1
8002d878 1
8002dcaa 1
8002d874 1
8002dca6 1
80019430 1
80000a54 1
80000aa4 1
8002dd16 1
8002d8e0 1
8002dd12 1
8002dd0a 1
8002d8d4 1
8002dd06 1
8002dd02 1
8002d8cc 1
8002dcfe 1
80000aac 1
8002d8c4 1
8002dcf6 1
8002d870 1
8002d8c0 1
8002dcf2 1
80000aa0 1
8002dcee 1
80000a9c 1
80018754 1
8002d8b8 1
8002dcea 1
80000a98 1
8001874c 1
8002d8b0 1
8002d828 1
8002dc76 1
8002d840 1
8002dc72 1
80000a20 1
8002d83c 1
8002dc6e 1
8002d834 1
80018fbe 1
8002dc66 1
8002dc62 1
8002d82c 1
8002dc5e 1
80000a28 1
8002dc5a 1
8002d820 1
8002dc52 1
8002a3da 1
80000a00 1
8002dc4e 1
8002a3d6 1
800009fc 1
8002d818 1
8002dc4a 1
8002a3d2 1
8002dc92 1
8002dca2 1
8001942c 1
80000a50 1
8002dc9e 1
80019428 1
8002d864 1
80018fee 1
8002dc96 1
80019420 1
80000a44 1
8002d860 1
8002d8e4 1
8002d85c 1
8002dc8a 1
80019414 1
8002d850 1
80018fda 1
8002dc82 1
8002d84c 1
8002dc7e 1
8002d848 1
80018fd2 1
8002dc7a 1
8002d968 1
8002ddca 1
80018830 1
8002d994 1
8002ddc2 1
8002ddba 1
8002d980 1
8002ddb2 1
8002d97c 1
8002ddae 1
8002ddaa 1
8002dda6 1
8002dd9e 1
8002d998 1
8002dd9a 1
8002d964 1
8002dd96 1
8002dd92 1
8002dd86 1
8002d950 1
8002d94c 1
8002dd7e 1
8002a506 1
80000b2c 1
8002dd76 1
8002dde2 1
8002de06 1
80019590 1
8002d9d0 1
8002de02 1
8001958c 1
8002ddfe 1
8002d9c4 1
8002ddf6 1
8002ddf2 1
8002d9bc 1
8002ddee 1
8002ddea 1
8002d93c 1
8002d9ac 1
8002ddde 1
8002d9a8 1
8002ddda 1
8002a562 1
80000b88 1
8002d9a4 1
8002ddd6 1
8002a55e 1
80000b84 1
8002ddce 1
8002d8f8 1
8002a4c6 1
80000aec 1
8002dd3a 1
8002a4c2 1
80000ae8 1
8002dd32 1
8002a4ba 1
80000ae0 1
8002d8fc 1
8002dd2e 1
8002a4b6 1
80000adc 1
8002dd3e 1
8002dd2a 1
8002a4b2 1
80000ad8 1
8002d8f4 1
8002dd26 1
80000ad4 1
8002dd1e 1
80000acc 1
8002d8e8 1
8002dd1a 1
80000ac8 1
8002d924 1
8002dd6e 1
8002a4f6 1
80000b1c 1
8002d938 1
8002dd6a 1
8002d934 1
8002dd66 1
8002dd62 1
8002d928 1
8002dd5a 1
800194e4 1
800009f8 1
8002dd56 1
800194e0 1
8002d920 1
8002dd52 1
800194dc 1
8002dd4e 1
8002dd46 1
800194d0 1
8002d910 1
8002dd42 1
8002d90c 1
800008c0 1
800008d8 1
800008d4 1
8002db22 1
800192ac 1
800008d0 1
8002d6e8 1
8002db1a 1
800008c8 1
8002d6e4 1
8002db16 1
800008c4 1
8002d6e0 1
800192b4 1
8002db0e 1
800008bc 1
8002db0a 1
80019294 1
800008b8 1
8002db06 1
80019290 1
800008b4 1
8002dafe 1
80019288 1
800008ac 1
8002db3e 1
8002db4e 1
800008fc 1
8002d718 1
8002db4a 1
800008f8 1
8002d714 1
8002db46 1
800008f4 1
8002d710 1
8002db42 1
800008f0 1
8002d70c 1
8002dafa 1
800008ec 1
8002d708 1
8002db3a 1
800008e8 1
8002db36 1
800192c0 1
800008e4 1
8002db2e 1
800192b8 1
800008dc 1
8002db2a 1
80000874 1
8000088c 1
8002dada 1
80000888 1
8002dad6 1
80000884 1
8002dace 1
8000087c 1
8002d698 1
8002daca 1
80000878 1
80018530 1
8002d694 1
8001897a 1
8002d690 1
80018e1a 1
8002dac2 1
8002d688 1
80018e12 1
8002daba 1
8002d684 1
8002dab6 1
8002dab2 1
80000860 1
8002daae 1
8002d6bc 1
80019284 1
800008a8 1
8002d6c4 1
8002daf6 1
80019280 1
800008a4 1
8002d6c0 1
8002daf2 1
8001927c 1
8002a27a 1
800008a0 1
8002d71c 1
8002a276 1
8000089c 1
80018554 1
8002d6b8 1
8002daea 1
80019274 1
80000898 1
8002d6b0 1
8002dae2 1
80000890 1
8002dade 1
8002dbd2 1
8002dbee 1
8000099c 1
8002dbea 1
80019374 1
80000998 1
8002dbe6 1
80019370 1
8002dbde 1
80019368 1
8002dbda 1
80019364 1
8002dbd6 1
8002dbf2 1
8002dbca 1
8002d794 1
8002dbc6 1
8002dbc2 1
8002dbbe 1
8002dbb6 1
8002dbb2 1
8002d77c 1
8002dbae 1
80018614 1
8002d778 1
8002d7f0 1
8002d814 1
8002dc46 1
8002d80c 1
8002dc3e 1
8002dc3a 1
8002d804 1
8002dc36 1
8002d800 1
8002dc32 1
8002d7f8 1
8002dc2a 1
8002dbaa 1
8002dc22 1
8002dc1e 1
8002d7e8 1
8002dc1a 1
8002dc16 1
80002508 1
8002dc0a 1
8002dc06 1
8002dc02 1
8002dbfa 1
8002d7c0 1
80000914 1
80000928 1
8002d744 1
8002db76 1
8002a2fe 1
80000924 1
8002d740 1
8002db72 1
80000920 1
8002d73c 1
8002db6e 1
8000091c 1
8002db66 1
8002a302 1
8002db62 1
8002a2ea 1
80000910 1
8002db5e 1
8002a2e6 1
8000090c 1
8002db5a 1
8002a2e2 1
80000908 1
8002db52 1
80000900 1
8002db8e 1
8002dba2 1
80000950 1
8002d76c 1
8002db9e 1
8000094c 1
8002d768 1
8002db9a 1
80000948 1
8002d764 1
8002db96 1
80000944 1
800129fc 1
8000093c 1
8002db8a 1
8002a312 1
80000938 1
8002db86 1
8002a30e 1
80000934 1
8002db82 1
8002a30a 1
80000930 1
8002db7a 1
8003ce64 1
800134a4 1
800134a0 1
8003ce76 1
8001349c 1
8003ce72 1
80013498 1
8003ce6e 1
80013494 1
8003ce6c 1
80013492 1
8003ce68 1
8001348e 1
8003ce7e 1
8001348a 1
80013488 1
8003ce5e 1
8003ce58 1
8003ce56 1
8003ce52 1
8003ce4e 1
8003ce4a 1
8003ce48 1
8003ce44 1
8003ce42 1
8003cea0 1
8003ced2 1
8003cece 1
8003ceca 1
8003cec6 1
8003cec2 1
8003cebe 1
8003ceba 1
8003ceb6 1
8003ceae 1
8003ceaa 1
8003cea8 1
8003cea4 1
8003ce40 1
8003ce9c 1
8003ce9a 1
8003ce96 1
8003ce92 1
8003ce90 1
8003ce8c 1
8003ce8a 1
8003ce88 1
8003ce86 1
8003ce82 1
8003ce80 1
800133dc 1
8003cdd4 1
8003cdd0 1
8003cdcc 1
8003cdca 1
8003cdc6 1
8003cdc4 1
8003cdc2 1
800133e8 1
8003cdbe 1
800133e4 1
800133e0 1
8003cdb6 1
8003cdd6 1
8003cdb2 1
800133d8 1
8003cdb0 1
800133d6 1
800133d2 1
8003cda8 1
800133ce 1
8003cda6 1
800133cc 1
8003cda0 1
8003cd9c 1
8003ce06 1
8003ce3e 1
8003ce3a 1
8003ce36 1
8003ce32 1
8003ce2e 1
8003ce2a 1
8003ce22 1
8003ce1e 1
8003ce16 1
8003ce0e 1
8003ce0a 1
8003ced6 1
8003ce02 1
8003cdfa 1
8003cdf6 1
8003cdf2 1
8003cdee 1
8003cde8 1
8003cde4 1
8003cde0 1
8003cdde 1
8003cddc 1
8003cdda 1
8003cfa0 1
8003cff6 1
8003cfea 1
8003cfde 1
8003cfd2 1
8003cfcc 1
8003cfc6 1
8003cfbc 1
8003cfb8 1
8003cfb4 1
8003cfb0 1
8003cfa8 1
8003cfa4 1
8003d002 1
8003cf98 1
8003cf94 1
8003cf90 1
8003cf8c 1
8003cf84 1
8003cf80 1
8003cf7c 1
8003cf78 1
8003cf76 1
8003cf72 1
8003cf70 1
8003d034 1
8003d068 1
8003d066 1
8003d062 1
8003d058 1
8003d054 1
8003d050 1
8003d04c 1
8003d048 1
8003d044 1
8003d040 1
8003d03c 1
8003d038 1
8003cf6e 1
8003d030 1
8003d02c 1
8003d028 1
8003d024 1
8003d020 1
8003d01c 1
8003d01a 1
8003d018 1
8003d014 1
8003d010 1
8003d00c 1
8003cf06 1
8001354e 1
8001354c 1
8003cf24 1
8001354a 1
8003cf22 1
80013548 1
80013546 1
8003cf1e 1
80013544 1
8003cf1a 1
8003cf12 1
8003cf0e 1
8003cf28 1
8003cf04 1
8003cf00 1
8003cefe 1
8003cefc 1
8003cef2 1
8003ceee 1
8003ceea 1
8003cee6 1
8003cee2 1
8003cede 1
8003ceda 1
8003cf44 1
8003cf6c 1
8003cf6a 1
8003cf68 1
8003cf66 1
8003cf62 1
8003cf60 1
8003cf5c 1
8003cf58 1
8003cf54 1
8003cf4c 1
8003cf48 1
8003cd9a 1
8003cf40 1
8003cf3c 1
8003cf3a 1
8003cf38 1
8003cf34 1
8003cf30 1
80013556 1
80013554 1
8003cf2c 1
80013552 1
80013550 1
80013236 1
8003cc1c 1
80013242 1
8003cc1a 1
80013240 1
8003cc18 1
8001323e 1
8003cc16 1
8001323c 1
8003cc14 1
8001323a 1
8003cc12 1
80013238 1
80013244 1
8003cc0e 1
80013234 1
8002fe32 1
8002fe2c 1
8002fe24 1
8002fdfe 1
8002f9c8 1
8002fdfa 1
8003cc0c 1
8003cc08 1
8003cc06 1
80013256 1
8003cc42 1
80013268 1
8003cc3e 1
80013264 1
80013262 1
8003cc3a 1
80013260 1
8003cc38 1
8001325e 1
8003cc34 1
8001325a 1
8003cc30 1
8003cc04 1
8003cc2c 1
80013252 1
8001324e 1
8003cc26 1
8001324c 1
8003cc24 1
8001324a 1
8003cc22 1
80013248 1
8003cc20 1
80013246 1
8003cb44 1
8003cb96 1
8003cb92 1
8003cb8e 1
8003cb8a 1
8003cb88 1
8003cb86 1
8003cb82 1
8003cb7a 1
8003cb72 1
8003cb6a 1
8003cb56 1
8003cb46 1
8003cb9a 1
8003cb40 1
8003cb3e 1
8003cb3c 1
8003cb38 1
8003cb32 1
8003cb30 1
8003cb2e 1
8003cb2a 1
8003cb1e 1
8003cb1c 1
8003cb1a 1
8003cbda 1
8003cc02 1
8003cc00 1
8003cbfc 1
8003cbfa 1
8003cbf6 1
8003cbf2 1
8003cbf0 1
8003cbee 1
8003cbe6 1
8003cbe2 1
8003cbde 1
8001326c 1
8003cbd6 1
8003cbd0 1
8003cbcc 1
8003cbca 1
8003cbbe 1
8003cbb6 1
8003cbb2 1
8003cbae 1
8003cbaa 1
8003cba6 1
8003cba2 1
8003cd06 1
8003cd30 1
8003cd2c 1
8003cd28 1
8003cd24 1
8003cd20 1
8003cd1e 1
8003cd1a 1
8003cd14 1
8003cd12 1
8003cd10 1
8003cd0a 1
8003cd08 1
8003cd32 1
8001332c 1
8003cd02 1
80013328 1
8003ccfe 1
80013324 1
8003ccfa 1
80013320 1
8003ccf6 1
8001331c 1
8003ccf4 1
8001331a 1
8003cd6e 1
8003cd96 1
8003cd92 1
8003cd8e 1
8003cd8c 1
8003cd88 1
8003cd86 1
8003cd84 1
8003cd82 1
8003cd7e 1
8003cd7a 1
8003cd76 1
8003cd72 1
8003ccf0 1
8003cd66 1
8003cd62 1
8003cd5e 1
8003cd5a 1
8003cd52 1
8003cd4e 1
8003cd4a 1
8003cd46 1
8003cd3e 1
8003cd3a 1
8003cd36 1
8003cc66 1
8003cc92 1
8003cc8e 1
8003cc8a 1
8003cc88 1
8003cc86 1
8003cc82 1
8003cc7e 1
8003cc7a 1
8003cc74 1
8003cc72 1
8003cc6e 1
8003cc68 1
8003cc96 1
8003cc64 1
8003cc60 1
8003cc58 1
8003cc56 1
8003cc54 1
80013278 1
8003cc4e 1
80013274 1
8003cc4a 1
80013270 1
8003cc46 1
8003ccc6 1
80013316 1
8003ccec 1
80013312 1
80013310 1
8003cce4 1
8003ccde 1
8003ccda 1
8003ccd6 1
8003ccd2 1
8003ccd0 1
8003ccca 1
8003d06a 1
8003ccc2 1
8003ccbe 1
8003ccba 1
8003ccb6 1
8003ccb2 1
8003ccae 1
8003ccaa 1
8003cca6 1
8003cca2 1
8003cc9e 1
8003cc9a 1
8003d518 1
8003d548 1
8003d544 1
8003d540 1
8003d53c 1
8003d538 1
8003d534 1
8003d530 1
8003d52c 1
8003d528 1
8003d524 1
8003d520 1
8003d51c 1
8003d54c 1
8003d514 1
8003d510 1
8003d50c 1
8003d508 1
8003d504 1
8003d500 1
8003d4fc 1
8003d4f8 1
8003d4f4 1
8003d4f0 1
8003d4d6 1
8003d57c 1
8003d5ac 1
8003d5a8 1
8003d5a4 1
8003d5a0 1
8003d59c 1
8003d598 1
8003d594 1
8003d590 1
8003d58c 1
8003d588 1
8003d584 1
8003d580 1
8003d4ca 1
8003d578 1
8003d574 1
8003d570 1
8003d56c 1
8003d568 1
8003d564 1
8003d560 1
8003d55c 1
8003d558 1
8003d554 1
8003d550 1
8003d3dc 1
8003d42e 1
8003d424 1
8003d420 1
8003d41c 1
8003d418 1
8003d414 1
8003d40a 1
8003d400 1
8003d3fc 1
8003d3f8 1
8003d3f4 1
8003d3f0 1
8003d438 1
8003d3da 1
8003d3ce 1
8003d4a6 1
8003d4a0 1
8003d49c 1
8003d498 1
8003d48e 1
8003d48c 1
8003d488 1
8003d484 1
8003d482 1
8003d4c0 1
8002fede 1
8002feda 1
8002fa94 1
8002fec6 1
8002fa8c 1
8002febe 1
8002feb2 1
8003d4c8 1
8003d3b8 1
8003d3b4 1
8003d3b0 1
8003d5b0 1
8003d4bc 1
8003d4b8 1
8003d4b4 1
8003d4b0 1
8003d4ac 1
8003d45c 1
8003d452 1
8003d448 1
8003d444 1
8003d440 1
8003d43c 1
8003d758 1
8003d788 1
8003d784 1
8003d780 1
8003d77c 1
8003d778 1
8003d774 1
8003d770 1
8003d76c 1
8003d768 1
8003d764 1
8003d760 1
8003d75c 1
8003d78c 1
8003d754 1
8003d750 1
8003d74c 1
8003d748 1
8003d744 1
8003d740 1
8003d73c 1
8003d738 1
8003d734 1
8003d730 1
8003d72c 1
8003d7bc 1
8003d7ec 1
8003d7e8 1
8003d7e4 1
8003d7e0 1
8003d7dc 1
8003d7d8 1
8003d7d4 1
8003d7d0 1
8003d7cc 1
8003d7c8 1
8003d7c4 1
8003d7c0 1
8003d728 1
8003d7b8 1
8003d7b4 1
8003d7b0 1
8003d7ac 1
8003d7a8 1
8003d7a4 1
8003d7a0 1
8003d79c 1
8003d798 1
8003d794 1
8003d790 1
8003d5e0 1
8003d662 1
8003d656 1
8003d64a 1
8003d63e 1
8003d632 1
8003d626 1
8003d61a 1
8003d60e 1
8003d602 1
8003d5f6 1
8003d5e8 1
8003d5e4 1
8003d66e 1
8003d5dc 1
8003d5d8 1
8003d5d4 1
8003d5d0 1
8003d5cc 1
8003d5c8 1
8003d5c4 1
8003d5c0 1
8003d5bc 1
8003d5b8 1
8003d5b4 1
8003d6f8 1
8003d724 1
8003d720 1
8003d71c 1
8003d718 1
8003d714 1
8003d710 1
8003d70c 1
8003d708 1
8003d704 1
8003d700 1
8003d6fc 1
8003d478 1
8003d6f4 1
8003d6e6 1
8003d6da 1
8003d6ce 1
8003d6c2 1
8003d6b6 1
8003d6aa 1
8003d69e 1
8003d692 1
8003d686 1
8003d67a 1
8003d1b6 1
8003d1f8 1
8003d1f4 1
8003d1ee 1
8003d1ec 1
8003d1e8 1
8003d1e4 1
8003d1e0 1
8003d1d6 1
8003d1ca 1
8003d1c2 1
8003d1be 1
8003d1ba 1
8003d1fa 1
8003d1b2 1
8003d1ae 1
8003d1aa 1
8003d1a6 1
8003d1a2 1
8003d1a0 1
8003d19e 1
8003d19a 1
8003d196 1
8003d192 1
8003d188 1
8003d21c 1
8003d240 1
8003d23e 1
8003d23a 1
8003d236 1
8003d232 1
8003d230 1
8003d22c 1
8003d22a 1
8003d228 1
8003d226 1
8003d222 1
8003d21e 1
8003d17c 1
8003d21a 1
8003d216 1
8003d212 1
8003d210 1
8003d20e 1
8002fe74 1
8003d20a 1
8003d208 1
8003d204 1
8003d200 1
8003d1fc 1
8003d09a 1
8003d0fa 1
8003d0f6 1
8003d0ec 1
8003d0e0 1
8003d0d4 1
8003d0c8 1
8003d0bc 1
8003d0b6 1
8003d0b0 1
8003d0a6 1
8003d0a2 1
8003d09e 1
8003d0fe 1
8003d096 1
8003d092 1
8003d08e 1
8003d08a 1
8003d086 1
8003d082 1
8003d07e 1
8003d07a 1
8003d076 1
8003d072 1
8003d06e 1
8003d12a 1
8003d170 1
8003d164 1
8003d158 1
8003d152 1
8003d14c 1
8003d142 1
8003d13e 1
8003d13a 1
8003d136 1
8003d132 1
8003d12e 1
8003d246 1
8003d126 1
8003d122 1
8003d11e 1
8003d11a 1
8003d116 1
8003d112 1
8003d10e 1
8003d10a 1
8003d106 1
8003d104 1
8003d102 1
8003d356 1
8001b61e 1
8003d388 1
8003d386 1
8003d384 1
8003d380 1
8003d37c 1
8003d37a 1
8003d374 1
8003d370 1
8003d36c 1
8003d368 1
8003d362 1
8002fe94 1
8003d34a 1
8003d33e 1
8003d334 1
8003d330 1
8003d32c 1
8003d328 1
8003d324 1
8003d320 1
8003d31c 1
8003d318 1
8003d314 1
8003d3ac 1
8003d474 1
8003d470 1
8003d46a 1
8003d45e 1
8003d3e4 1
8003d3e0 1
8003d3cc 1
8003d3c8 1
8003d3c2 1
8003d3c0 1
8003d3bc 1
8003d310 1
8003d3a8 1
8003d3a4 1
8003d3a0 1
8003d39c 1
8003d398 1
8003d394 1
8003d390 1
8003d38c 1
8002feac 1
8002fa74 1
8002fea6 1
8003d278 1
8003d2ac 1
8003d2a8 1
8003d2a4 1
8003d2a0 1
8003d29c 1
8003d298 1
8003d294 1
8003d290 1
8003d28c 1
8003d284 1
8003d280 1
8003d27c 1
8003d2b0 1
8003d272 1
8003d270 1
8003d26e 1
8003d26c 1
8003d268 1
8003d264 1
8003d25c 1
8003d258 1
8003d254 1
8003d250 1
8003d248 1
8003d2e0 1
8003d30c 1
8003d308 1
8003d304 1
8003d300 1
8003d2fc 1
8003d2f8 1
8003d2f4 1
8003d2f0 1
8003d2ec 1
8003d2e8 1
8003d2e4 1
8003cb16 1
8003d2dc 1
8003d2d8 1
8003d2d4 1
8003d2d0 1
8003d2cc 1
8003d2c8 1
8003d2c4 1
8003d2c0 1
8003d2bc 1
8003d2b8 1
8003d2b4 1
8002fa88 1
8002faaa 1
8002faa6 1
8002f672 1
8002faa4 1
8002faa2 1
8002faa0 1
8002fa9e 1
8002fa9a 1
8002fa96 1
8002f662 1
8002fa92 1
8002fa90 1
8003c65c 1
8002fa84 1
8002f650 1
8002fa82 1
8002f64c 1
8002fa7e 1
8002fa7c 1
8002fa7a 1
8002fa78 1
8002fa76 1
8002fa70 1
8002fa6c 1
8003c692 1
8003c6c2 1
8003c6be 1
8003c6ba 1
8003c6b6 1
8003c6b2 1
8003c6ae 1
8003c6aa 1
8003c6a6 1
8003c6a2 1
8003c69e 1
8003c69a 1
8003c696 1
8002f638 1
8003c68a 1
8003c686 1
8003c682 1
8003c67e 1
8003c67a 1
8003c674 1
8003c672 1
8003c66c 1
8003c668 1
8003c664 1
8003c660 1
8002fa2c 1
8002fa42 1
8002fa40 1
8002f60c 1
8002fa3e 1
8002fa3a 1
8002fa38 1
8002fa36 1
8001b1c0 1
8002fa34 1
8002fa32 1
8002fa2e 1
8002f5fa 1
8001b1ce 1
8002fa2a 1
8002f5f6 1
8002f5f2 1
8002fa24 1
8002fa22 1
8002f5ec 1
8002fa1e 1
8002fa1a 1
8002f5e4 1
8002fa16 1
8002f5e0 1
8002fa54 1
8002fa6a 1
8002fa68 1
8002f634 1
8002fa66 1
8002fa64 1
8002fa60 1
8002f62c 1
8002fa5e 1
8002fa5c 1
8002fa58 1
8002fa56 1
8003c6c6 1
8002fa52 1
8002fa4e 1
8002f61a 1
8002fa4c 1
8001b1d6 1
8002fa4a 1
8002f616 1
8002fa48 1
8001b1d2 1
8002f612 1
8002fa44 1
8002faba 1
8002faea 1
8002fae8 1
8002fae4 1
8002fae0 1
8002fadc 1
8002fad4 1
8002f69a 1
8002faca 1
8002fac6 1
8002fac2 1
8002f68c 1
8002fabe 1
8001ae42 1
8002fab6 1
8002f682 1
8002fab4 1
8002f67e 1
8002faae 1
8003c812 1
8003c80c 1
8003c808 1
8003c804 1
8003c7fe 1
8003c7fa 1
8002fb10 1
8002fb30 1
8002fb2e 1
8002f6f8 1
8002fb2a 1
8002f6f4 1
8002fb26 1
8002fb24 1
8002fb20 1
8002fb1e 1
8002fb1a 1
8002fb18 1
8002fb14 1
8003c7f2 1
8002f6dc 1
8001ae66 1
8002fb0e 1
8002fb0a 1
8002fb06 1
8001ae5c 1
8002fb04 1
8002fb00 1
8002faf8 1
8002faf2 1
8002faee 1
8003c6fa 1
8003c74a 1
8003c742 1
8003c736 1
8003c72a 1
8003c726 1
8003c722 1
8003c71e 1
8003c71a 1
8003c716 1
8003c70e 1
8003c702 1
8003c6fe 1
8003c752 1
8003c6f6 1
8003c6f2 1
8003c6ee 1
8003c6ea 1
8003c6e6 1
8003c6e2 1
8003c6de 1
8003c6d6 1
8003c6d2 1
8003c6ce 1
8003c6ca 1
8003c7b6 1
8003c7ee 1
8003c7ea 1
8003c7e6 1
8003c7e2 1
8003c7de 1
8003c7da 1
8003c7d2 1
8003c7ce 1
8003c7ca 1
8003c7c2 1
8003c7ba 1
8002fa12 1
8003c7ae 1
8003c7a6 1
8003c79e 1
8003c796 1
8003c78e 1
8003c782 1
8003c77a 1
8003c772 1
8003c76a 1
8003c762 1
8003c75a 1
8003c4b2 1
8003c4ea 1
8003c4e6 1
8003c4e2 1
8003c4de 1
8003c4d6 1
8003c4d2 1
8003c4ce 1
8003c4ca 1
8003c4c2 1
8003c4be 1
8003c4ba 1
8003c4b6 1
8003c4f0 1
8003c4aa 1
8003c4a6 1
8003c4a2 1
8003c49e 1
8003c498 1
8003c494 1
8003c490 1
8003c48e 1
8003c48c 1
8003c48a 1
8003c486 1
80012b38 1
8003c532 1
8003c530 1
8003c528 1
8003c524 1
8003c522 1
80012b48 1
8003c51e 1
80012b44 1
80012b40 1
8003c516 1
80012b3c 1
8003c512 1
8003c482 1
8003c510 1
80012b36 1
8003c50c 1
80012b32 1
8003c508 1
80012b2e 1
80012b2c 1
8003c4fe 1
8003c4f8 1
8003c4f4 1
8003c4f2 1
8003c3f4 1
8003c428 1
8003c424 1
8003c41c 1
8003c418 1
8003c414 1
8003c410 1
8003c40e 1
8003c408 1
8003c404 1
8003c400 1
8003c3fc 1
8003c3fa 1
8003c42c 1
8003c3f0 1
8003c3ee 1
8003c3ea 1
8003c3e6 1
8003c3e4 1
8003c3e0 1
8003c3de 1
80012a04 1
8003c3da 1
80012a00 1
8003c3d6 1
80012a8c 1
8003c480 1
8003c47c 1
8003c47a 1
80012aa0 1
8003c476 1
80012a9c 1
80012a98 1
8003c46e 1
80012a94 1
8003c46a 1
80012a90 1
8003c534 1
8003c464 1
80012a8a 1
8003c45c 1
8003c458 1
8003c450 1
8003c44c 1
8003c444 1
8003c440 1
8003c438 1
8003c434 1
8003c430 1
8003c622 1
80012c74 1
8003c64a 1
8003c646 1
8003c642 1
1010 1
8003c640 1
8003c63a 1
8003c636 1
8003c632 1
8003c62e 1
8003c62a 1
8003c626 1
8003c64e 1
8003c61e 1
8003c61a 1
8003c616 1
8003c612 1
8003c60a 1
8003c602 1
8003c5fe 1
8003c5fa 1
8003c5f6 1
8003c5f2 1
8003c5ee 1
8002f5c4 1
8002fa10 1
8002f5dc 1
8002fa0e 1
8002fa0c 1
8002fa0a 1
8002fa08 1
8002fa06 1
8002fa02 1
8002f9fe 1
8002f5ca 1
8002f9fc 1
8002f9fa 1
8003c5ea 1
8002f9f6 1
8002f9f4 1
8003c658 1
80012c7e 1
80012c7c 1
8003c654 1
80012c7a 1
8003c652 1
80012c78 1
8003c650 1
80012c76 1
8003c56e 1
8003c5a2 1
8003c59e 1
8003c596 1
8003c594 1
8003c592 1
8003c58e 1
8003c58a 1
8003c586 1
8003c582 1
8003c57e 1
8003c576 1
8003c572 1
8003c5a6 1
8003c56a 1
8003c562 1
8003c55e 1
8003c556 1
8003c552 1
8003c54e 1
8003c54a 1
8003c542 1
8003c540 1
8003c53c 1
8003c538 1
80012be8 1
8003c5e6 1
8003c5e4 1
8003c5dc 1
8003c5d6 1
8003c5d4 1
8003c5d2 1
8003c5ce 1
8003c5cc 1
8003c5c6 1
80012bec 1
8003c5c2 1
8002f6fe 1
8003c5be 1
80012be4 1
80012be0 1
8003c5b6 1
80012bdc 1
80012bda 1
8003c5b0 1
80012bd6 1
8003c5ac 1
80012bd2 1
80012bd0 1
8003ca78 1
8003cab4 1
8003caac 1
8003caa4 1
8003caa0 1
8003ca9c 1
8003ca98 1
8003ca94 1
8003ca90 1
8003ca8c 1
8003ca88 1
8003ca80 1
8003ca7c 1
8003cab8 1
8003ca74 1
8003ca70 1
8003ca68 1
8003ca60 1
8003ca58 1
8003ca50 1
8003ca48 1
8003ca40 1
8003ca3c 1
8003ca38 1
8003ca34 1
8003caec 1
8002fc8a 1
8002fc86 1
8002fc82 1
8002fc7e 1
8002f84a 1
8002fc7c 1
8002f846 1
8002fc78 1
8002f842 1
8002fc74 1
8002fc72 1
8002fc70 1
8003ca30 1
8003cae8 1
8003cae6 1
8003cae2 1
8003cade 1
8003cad8 1
8003cad0 1
8003cacc 1
8003cac8 1
8003cac4 1
8003cac0 1
8003cabc 1
8003c950 1
8003c994 1
8003c990 1
8003c98c 1
8003c988 1
8003c980 1
8003c978 1
8003c970 1
8003c968 1
8003c964 1
8003c95c 1
8003c958 1
8003c954 1
8003c998 1
8003c94e 1
8003c94c 1
8003c948 1
8003c946 1
8003c940 1
8003c93c 1
8003c938 1
8003c936 1
8002f83a 1
8002f836 1
8002fc66 1
8003c9fc 1
8003ca2c 1
8003ca28 1
8003ca24 1
8003ca20 1
8003ca1c 1
8003ca18 1
8003ca14 1
8003ca10 1
8003ca0c 1
8003ca08 1
8003ca04 1
8002fc8e 1
8003c9f4 1
8003c9ec 1
8003c9e4 1
8003c9dc 1
8003c9d4 1
8003c9cc 1
8003c9c4 1
8003c9b8 1
8003c9ac 1
8003c9a4 1
8003c99c 1
8002fd16 1
8002fd88 1
8002f93e 1
8002fd70 1
8001ac0c 1
8002f938 1
8002fd6a 1
8002fd64 1
8002fd50 1
8002f8ec 1
8002fd1e 1
8002f8e8 1
8002fd1a 1
8002fd8c 1
8002f8e0 1
8002fd12 1
8001b49c 1
8002f8dc 1
8002fd0e 1
8001b498 1
8002f8d8 1
8002fd0a 1
8002f8d4 1
8002fd06 1
8002f8d0 1
8002fde6 1
8003cb12 1
8003cb0e 1
8003cb06 1
8003cb02 1
8003cafe 1
8003cafc 1
8003cafa 1
8003caf6 1
8003caf4 1
8003caf2 1
8003caf0 1
8002f9b4 1
8002fd02 1
8002fdd8 1
8002fdd4 1
8001b55e 1
8002f988 1
8002fdba 1
8002fdb2 1
8002fdae 1
8002f968 1
8001b0f2 1
8002fd9a 1
8002fd94 1
8002f876 1
8002fcd0 1
8002fcce 1
8002fcca 1
8002fcc6 1
8002fcc2 1
8002fcbe 1
8002fcba 1
8002fcb6 1
8002fcb2 1
8002fcae 1
8002f87a 1
8002fcac 1
8001b028 1
8002f872 1
8002fca4 1
8002f86e 1
8002fca0 1
8002f86a 1
8002fc9c 1
8002f866 1
8002fc98 1
8002f862 1
8002fc94 1
8002fc92 1
8001b040 1
8002f8cc 1
8002fcfe 1
8002fcfc 1
8002f8c8 1
8002fcfa 1
8002fcf0 1
8001ab8c 1
8001b046 1
8002fcee 1
8002fcea 1
8002f8b6 1
8002f832 1
8002fce6 1
8002fce2 1
8001a74a 1
8002f8ae 1
8002fce0 1
8002f8aa 1
8002fcdc 1
8002fcd8 1
8001a73e 1
8002f8a2 1
8002f89e 1
8002fbd4 1
8002fbea 1
8002fbe6 1
8002fbe4 1
8001a64c 1
8002f7b0 1
8002fbe2 1
8002f7ac 1
8001af36 1
8002fbde 1
8002fbdc 1
8002fbd8 1
8002f7a2 1
8002fbec 1
8001af24 1
8002fbcc 1
8002fbc4 1
8002fbc0 1
8002fbbc 1
8002fbb8 1
8002f782 1
8002fbb4 1
8002f778 1
8002fbaa 1
8002f774 1
8002fc00 1
8002fc1a 1
8002fc18 1
8002f7e4 1
8002fc16 1
8001a67c 1
8002f7e0 1
8002fc12 1
8002fc0c 1
8002fc0a 1
8002f7d6 1
8002f7d0 1
8002fc02 1
8002fba6 1
8001aa9c 1
8002fbfc 1
8001aa98 1
8001a664 1
8002f7c8 1
8002fbfa 1
8002f7c4 1
8002fbf6 1
8002fbf2 1
8002fbee 1
8002f7ba 1
8002fb4a 1
8002fb66 1
8002f730 1
8002fb62 1
8002fb60 1
8002fb5e 1
8002f728 1
8002fb5a 1
8002fb58 1
8002fb56 1
8002fb52 1
8002fb4e 1
8002f718 1
8002fb68 1
8002f714 1
8002fb46 1
8002fb44 1
8001a9e0 1
8002fb3c 1
8001a9d8 1
8002f706 1
8002f702 1
8002fb34 1
8001a9d0 1
8002fb32 1
8002f750 1
8002fba2 1
8002fb9e 1
8002fb9a 1
8002fb96 1
8002fb92 1
8002fb8e 1
8002fb8a 1
8002f756 1
8002fb88 1
8002fb86 1
8001b310 1
8002f7e8 1
8002fb82 1
8002fb7c 1
8001b306 1
8002fb78 1
8002f742 1
8002f73e 1
8002fb70 1
8002fb6e 1
8002f73a 1
8002fb6c 1
8002f736 1
8003c8ea 1
8003c926 1
8003c924 1
8003c91e 1
8003c91c 1
8003c918 1
8003c916 1
8003c90e 1
8003c906 1
8003c8fe 1
8003c8f8 1
8003c8f6 1
8003c8f2 1
8003c928 1
8003c8e2 1
8003c8d6 1
8003c8ca 1
8003c8c2 1
8003c8ba 1
8003c8b2 1
8003c8b0 1
8003c8aa 1
8003c8a2 1
8003c89a 1
8003c88e 1
8002fc4e 1
8002fc64 1
8002f830 1
8002fc62 1
8002f82e 1
8002f82a 1
8002f828 1
8002fc5a 1
8002f826 1
8002f822 1
8002fc54 1
8002fc50 1
8003c882 1
8001b3d8 1
8002fc4c 1
8002fc4a 1
8001b3d4 1
8002fc46 1
8002fc42 1
8002fc3e 1
8003c934 1
8003c930 1
8003c92e 1
8003c92c 1
8001b3b8 1
8003c824 1
8003c822 1
8003c820 1
8003c81c 1
8003c81a 1
8003c816 1
8003c814 1
8002fc38 1
8002f800 1
8002fc32 1
8001b3bc 1
8002fc2e 1
8003c826 1
8002fc2a 1
8002f7f6 1
8002fc28 1
8001b3b2 1
8002fc26 1
8002fc24 1
8001b3ae 1
8002fc22 1
8001a688 1
8002f7ec 1
8002fc1e 1
8003c856 1
8003c87a 1
8003c876 1
8003c872 1
8003c86e 1
8003c86a 1
8003c868 1
8003c866 1
8003c860 1
8003c85e 1
8003c85a 1
8003c858 1
8002f0a4 1
8003c852 1
8003c850 1
8003c848 1
8003c846 1
8003c842 1
8003c840 1
8003c83e 1
8003c838 1
8003c834 1
8003c830 1
8003c82c 1
80032a5e 1
80032a3c 1
80032a3e 1
80032a40 1
80032a44 1
80032a48 1
80032a4c 1
80032a4e 1
80032a52 1
80032a54 1
80032a56 1
80032a5a 1
80032a5c 1
80032a38 1
80032a62 1
80032a64 1
80032a68 1
8001e1f2 1
80032a6a 1
8001e1f4 1
80032a6c 1
8001e1f6 1
80032a6e 1
8001e1f8 1
80032a70 1
80032a10 1
800329e2 1
800329e6 1
800329ea 1
800329ee 1
800329f2 1
800329f6 1
800329fa 1
800329fc 1
80032a00 1
80032a04 1
80032a08 1
80032a0c 1
8001e1fa 1
80032a14 1
80032a18 1
80032a1c 1
80032a1e 1
80032a22 1
80032a26 1
80032a2a 1
80032a2e 1
80032a30 1
80032a34 1
80032a36 1
80032ab6 1
80032a96 1
8001e220 1
80032a9a 1
8001e224 1
80032a9c 1
80032aa0 1
80032aa2 1
80032aa4 1
80032aa8 1
80032aac 1
80032aae 1
80032ab2 1
80032a94 1
80032aba 1
80032abe 1
80032ac2 1
80032ac6 1
80032ac8 1
80032aca 1
80032ace 1
80032ad2 1
80032ad6 1
80032ada 1
80032ade 1
80032a82 1
80032a74 1
8001e1fe 1
80032a76 1
8001e200 1
80032a78 1
8001e202 1
80032a7a 1
8001e204 1
80032a7c 1
8001e206 1
80032a80 1
800329de 1
8001e20c 1
80032a84 1
80032a86 1
8001e210 1
80032a8a 1
8001e214 1
80032a8c 1
80032a90 1
8001e21a 1
80032a92 1
8001e21c 1
80032954 1
80032928 1
8003292c 1
80032930 1
80032934 1
80032938 1
8003293c 1
80032940 1
80032942 1
80032946 1
8003294a 1
8003294c 1
80032950 1
80032924 1
80032958 1
8003295c 1
8003295e 1
80032962 1
80032966 1
8001e0f0 1
80032968 1
8001e0f2 1
8003296c 1
8001e0f6 1
80032970 1
800328fc 1
800328dc 1
800328de 1
800328e0 1
800328e4 1
800328e6 1
800328e8 1
800328ea 1
800328ee 1
800328f0 1
800328f4 1
800328f6 1
800328fa 1
8001e0fa 1
80032900 1
80032902 1
80032906 1
8003290a 1
8003290e 1
80032912 1
80032916 1
8003291a 1
8003291c 1
80032920 1
80032922 1
800329b8 1
8001e126 1
800329a0 1
8001e12a 1
800329a4 1
8001e12e 1
800329a8 1
800329ac 1
800329ae 1
800329b0 1
800329b2 1
800329b4 1
800329b6 1
8003299c 1
800329bc 1
800329be 1
800329c0 1
800329c4 1
800329c8 1
800329cc 1
800329d0 1
800329d2 1
800329d6 1
800329d8 1
800329da 1
8001e110 1
80032972 1
8001e0fc 1
80032976 1
8001e100 1
80032978 1
8003297a 1
8001e104 1
8003297c 1
80032980 1
80032984 1
80032986 1
80032ae2 1
80032988 1
8003298a 1
8001e114 1
8003298e 1
8001e118 1
80032992 1
8001e11c 1
80032996 1
8001e120 1
8003299a 1
8001e124 1
8001a31c 1
8001e3b0 1
80032c2a 1
80032c2c 1
80032c2e 1
80032c32 1
80032c34 1
80032c36 1
80032c3a 1
80032c3c 1
80032c3e 1
80032c42 1
80032c44 1
80032c26 1
8001a330 1
8001a4b6 1
8001a56e 1
8001a632 1
80032c48 1
80032c4a 1
80032c4c 1
80032c50 1
80032c52 1
80032c56 1
80032c58 1
8001e39c 1
80032bf0 1
80032bf4 1
80032bf8 1
80032bfc 1
80032bfe 1
80032c00 1
80032c04 1
80032c06 1
80032c08 1
80032c0c 1
80032c0e 1
80032c12 1
80032c5a 1
80032c14 1
80032c16 1
8001e3a0 1
80032c18 1
80032c1a 1
8001e3a4 1
80032c1c 1
80032c1e 1
8001e3a8 1
80032c20 1
80032c24 1
80032cbc 1
80032ca2 1
80032ca4 1
80032ca8 1
80032caa 1
80032cac 1
80032cae 1
80032cb2 1
8001e43c 1
80032cb4 1
8001e43e 1
80032cb8 1
8001e442 1
80032ca0 1
8001e446 1
80032cc0 1
80032cc2 1
8001e44c 1
80032cc4 1
80032cc8 1
80032ccc 1
80032cd0 1
80032cd4 1
80032cd6 1
80032cd8 1
80032c7e 1
80032c5e 1
80032c62 1
80032c66 1
80032c68 1
80032c6a 1
80032c6e 1
80032c70 1
80032c72 1
80032c76 1
80032c78 1
80032c7c 1
80032bec 1
80032c80 1
80032c84 1
80032c88 1
80032c8c 1
80032c8e 1
80032c90 1
80032c92 1
80032c96 1
80032c98 1
80032c9a 1
80032c9c 1
80032b54 1
80032b3a 1
80032b3e 1
80032b42 1
8001e2cc 1
80032b46 1
8001e2d0 1
80032b4a 1
8001e2d4 1
80032b4e 1
8001e2d8 1
80032b52 1
8001e2dc 1
80032b36 1
8001e2de 1
80032b56 1
8001e2e0 1
80032b5a 1
8001e2e4 1
80032b5c 1
8001e2e6 1
80032b5e 1
8001e2e8 1
80032b62 1
80032b64 1
80032b14 1
80032ae4 1
80032ae8 1
80032aec 1
80032af0 1
80032af4 1
80032af8 1
80032afc 1
80032b00 1
80032b04 1
80032b08 1
80032b0c 1
80032b10 1
8001e2ee 1
80032b16 1
80032b1a 1
80032b1c 1
80032b1e 1
80032b22 1
80032b24 1
80032b28 1
80032b2c 1
80032b2e 1
80032b30 1
80032b32 1
80032bc6 1
80032b9a 1
80032b9c 1
80032ba0 1
80032ba2 1
80032ba6 1
80032baa 1
80032bae 1
80032bb2 1
80032bb6 1
80032bba 1
80032bbe 1
80032bc2 1
80032b96 1
80032bca 1
80032bcc 1
80032bd0 1
80032bd4 1
80032bd8 1
80032bdc 1
80032bde 1
80032be2 1
80032be4 1
80032be6 1
80032bea 1
80032b7c 1
80032b68 1
8001e2f2 1
80032b6a 1
80032b6c 1
8001e2f6 1
80032b70 1
8001e2fa 1
80032b74 1
8001e2fe 1
80032b78 1
8001e302 1
800328da 1
8001e306 1
80032b7e 1
80032b82 1
8001e30c 1
80032b84 1
80032b86 1
8001e310 1
80032b8a 1
8001e314 1
80032b8e 1
80032b92 1
800476ac 1
80047690 1
80032530 1
80047694 1
80032538 1
8004769c 1
8003253c 1
800476a0 1
80032540 1
800476a4 1
80032544 1
800476a8 1
80032548 1
8003252c 1
80019a0c 1
80019aec 1
80032558 1
800476bc 1
80032566 1
8003256a 1
8003256e 1
80032572 1
8003257a 1
8003257e 1
80032582 1
800324ce 1
800324a8 1
8004760c 1
800324ac 1
80047610 1
800324b0 1
80047614 1
800324b4 1
80047618 1
800324bc 1
80047620 1
800324c6 1
800324ca 1
80032586 1
800324d6 1
8001dc60 1
800324da 1
8001dc64 1
800324de 1
8001dc68 1
80019922 1
800324ee 1
8003250e 1
8001dc98 1
8003251e 1
8001dd9e 1
8001dd78 1
800325f2 1
8001dd7c 1
800325fa 1
8001dd84 1
800325fe 1
80032602 1
80032608 1
8004776c 1
8001dd92 1
80032614 1
80047778 1
800325ee 1
8003261c 1
80047780 1
8001dda6 1
80032620 1
8001ddaa 1
80032624 1
8001ddae 1
8003262c 1
80047790 1
8001ddb6 1
80032630 1
80047718 1
8003258e 1
80032596 1
8003259c 1
80047700 1
800325a4 1
80047708 1
800325a8 1
8004770c 1
800325b0 1
80047714 1
800325b4 1
80047608 1
800325b8 1
8004771c 1
800325c0 1
80047724 1
800325d2 1
800325d6 1
8001dd60 1
800325da 1
8001dd64 1
800325e2 1
8001dd6c 1
8001db92 1
800323de 1
800323e2 1
800323e6 1
800323ea 1
800323ee 1
800323f2 1
800323fa 1
80032404 1
80047568 1
8001db8e 1
80032408 1
8004756c 1
800323da 1
8003240c 1
80047570 1
8001db96 1
80032414 1
80032418 1
8003241c 1
80032420 1
80047584 1
8001dbaa 1
80032424 1
80047588 1
80032376 1
80032336 1
8003233e 1
80032342 1
80032346 1
8003234a 1
8003234e 1
80032352 1
80032356 1
8003235e 1
80032362 1
80032366 1
8003236e 1
8001dbae 1
8003237a 1
8003237e 1
8003238e 1
800323a2 1
8001db2c 1
800323a6 1
8001db30 1
800323b0 1
800323b8 1
800323c8 1
8004752c 1
8003247c 1
8003244e 1
80032452 1
80032456 1
8003245a 1
8003245e 1
80032466 1
8003246c 1
800475d0 1
80032470 1
800475d4 1
80032478 1
800475dc 1
8003244a 1
800475e0 1
80032480 1
800475e4 1
80032484 1
800475e8 1
8003248c 1
800475f0 1
80032496 1
800324a0 1
80047604 1
800324a4 1
80019634 1
80032428 1
8004758c 1
8001dbb2 1
80032430 1
80047594 1
8001dbba 1
8003243a 1
8003243e 1
800195aa 1
800195d0 1
800195e4 1
80047794 1
80019648 1
800196a0 1
80019714 1
80019728 1
8001976e 1
800197e2 1
800197fe 1
80019842 1
800198b6 1
800198ca 1
80032442 1
80032878 1
8001a07a 1
8001a134 1
8001a1d0 1
8001a280 1
80032858 1
8003285c 1
80032860 1
80032864 1
80032868 1
8003286c 1
80032870 1
80032874 1
80032850 1
8003287c 1
8001e006 1
80032880 1
8001e00a 1
80032882 1
8001e00c 1
80032884 1
8001e00e 1
80032886 1
8001e010 1
8003288a 1
8003280e 1
800327ce 1
800327d2 1
800327d6 1
800327da 1
800327e2 1
800327e6 1
800327ee 1
800327f2 1
800327fa 1
800327fe 1
80032802 1
8003280a 1
8001e014 1
80032816 1
8003281a 1
8003281e 1
80032822 1
80032826 1
8003282a 1
8003282e 1
80032832 1
80032836 1
80032848 1
8003284c 1
800328c0 1
8001e036 1
800328ae 1
800328b0 1
8001e03a 1
800328b4 1
800328b6 1
8001e040 1
800328b8 1
800328ba 1
8001e044 1
800328be 1
8001e048 1
800328ac 1
800328c2 1
8001e04c 1
800328c6 1
8001e050 1
800328c8 1
800328ca 1
800328cc 1
800328ce 1
800328d2 1
800328d6 1
800328d8 1
8001e022 1
8003288c 1
8001e016 1
8003288e 1
8001e018 1
80032890 1
8001e01a 1
80032894 1
8001e01e 1
80032896 1
8001e020 1
80032898 1
800327c6 1
8003289a 1
8001e024 1
8003289c 1
8001e026 1
800328a0 1
8001e02a 1
800328a2 1
800328a4 1
8001e02e 1
800328a6 1
800328aa 1
8001de36 1
8001de12 1
8003268c 1
8001de16 1
80032690 1
8001de1a 1
80032694 1
8001de1e 1
8003269c 1
8001de26 1
800326a0 1
8001de2a 1
800326ac 1
80032688 1
800326b0 1
8001de3a 1
800326b4 1
8001de3e 1
800326b8 1
8001de42 1
800326bc 1
8001de46 1
800326c0 1
8001de4a 1
800326ca 1
80032652 1
8001ddba 1
80032634 1
80047798 1
8001ddbe 1
80032638 1
8004779c 1
8001ddc2 1
80032642 1
80032646 1
80019bba 1
80019daa 1
8003264e 1
8001de54 1
80032656 1
8003265a 1
8003265e 1
80032666 1
8003266a 1
80032672 1
80032676 1
8003267c 1
8001de06 1
80032684 1
8001de0e 1
80032786 1
80032738 1
8003273c 1
80032746 1
8003274e 1
80032752 1
8003275a 1
8003275e 1
80032766 1
8003276a 1
8003276e 1
80032774 1
80032780 1
80032730 1
8003278a 1
8003278e 1
80032792 1
80032796 1
8003279a 1
800327a2 1
800327b2 1
800327b6 1
800327ba 1
8001a05c 1
800327c2 1
800326fa 1
80019dd2 1
800326ce 1
800326d2 1
800326d6 1
800326da 1
800326de 1
800326e2 1
800326ea 1
800326ee 1
800326f2 1
800326f6 1
80032cda 1
800326fe 1
80032702 1
80032706 1
80032718 1
80032720 1
80032728 1
8003272c 1
80019e8a 1
80019e9e 1
80019eb2 1
80019f7c 1
80033152 1
8003313e 1
8001e8c8 1
80033140 1
80033144 1
80033146 1
8001e8d0 1
80033148 1
8003314a 1
8001e8d4 1
8003314c 1
80033150 1
8001e8da 1
8001e8c6 1
8001e8dc 1
80033156 1
8001e8e0 1
80033158 1
8001e8e2 1
8003315a 1
8001e8e4 1
8003315c 1
8001e8e6 1
8003315e 1
80033160 1
8001e8b6 1
8001e8aa 1
80033122 1
8001e8ac 1
80033124 1
8001e8ae 1
80033126 1
8001e8b0 1
80033128 1
8001e8b2 1
8003312a 1
8001e8b4 1
8003312c 1
8001e8ea 1
80033130 1
8001e8ba 1
80033132 1
8001e8bc 1
80033134 1
8001e8be 1
80033136 1
8001e8c0 1
8003313a 1
8001e8c4 1
8003313c 1
800331ae 1
8003318c 1
8003318e 1
80033192 1
80033194 1
80033198 1
8003319a 1
8003319c 1
800331a0 1
800331a4 1
800331a8 1
800331aa 1
800331ac 1
8003318a 1
800331b2 1
800331b4 1
8001b114 1
8001b120 1
8001b264 1
8001b268 1
8001b26c 1
8001b308 1
800331b8 1
800331ba 1
800331be 1
8001e8fc 1
80033164 1
8001e8ee 1
80033166 1
80033168 1
8001e8f2 1
8003316a 1
8001e8f4 1
8003316e 1
8001e8f8 1
80033170 1
80033172 1
80033120 1
80033174 1
80033178 1
8003317a 1
8001e904 1
8003317c 1
8001e906 1
8003317e 1
80033182 1
80033184 1
80033186 1
80033188 1
80033096 1
80033078 1
8003307a 1
8003307e 1
80033080 1
80033082 1
80033084 1
80033088 1
8003308a 1
8003308c 1
8003308e 1
80033092 1
80033094 1
8001e800 1
80033098 1
8003309a 1
8003309e 1
800330a0 1
800330a4 1
800330a6 1
800330a8 1
800330aa 1
800330ac 1
800330ae 1
800330b2 1
8001e7f0 1
8001e7e6 1
8001af1c 1
8001af20 1
8001af46 1
8001af4a 1
8001af50 1
8001af54 1
8001b016 1
80033060 1
8001e7ea 1
80033062 1
80033066 1
800330b4 1
80033068 1
8003306a 1
8001e7f4 1
8003306c 1
8003306e 1
8001e7f8 1
80033070 1
80033072 1
8001e7fc 1
80033074 1
80033076 1
8001b0fe 1
800330f2 1
800330f6 1
800330fa 1
800330fe 1
80033100 1
80033102 1
80033104 1
80033108 1
8003310a 1
8001b036 1
8001b03e 1
8001b0f4 1
800330f0 1
8003310e 1
80033110 1
80033114 1
80033116 1
8001e8a0 1
8003311a 1
8001e8a4 1
8003311c 1
8001e8a6 1
8003311e 1
8001e8a8 1
800330d2 1
800330b6 1
800330b8 1
800330bc 1
800330be 1
800330c0 1
800330c2 1
800330c6 1
800330c8 1
800330ca 1
800330cc 1
800330d0 1
8001e948 1
800330d4 1
800330d6 1
800330d8 1
800330da 1
800330dc 1
800330e0 1
800330e2 1
800330e4 1
800330e8 1
800330ea 1
800330ee 1
8001ea86 1
800332dc 1
800332de 1
800332e2 1
800332e6 1
800332e8 1
800332ea 1
800332ee 1
800332f2 1
800332f6 1
8001ea80 1
800332fa 1
800332fc 1
800332d8 1
80033300 1
80033304 1
80033308 1
8003330c 1
8003330e 1
8001ea98 1
80033310 1
80033314 1
80033316 1
8001eaa0 1
80033318 1
8001ea3c 1
8003329a 1
8001ea24 1
8003329e 1
8001ea28 1
800332a2 1
8001ea2c 1
800332a4 1
800332a8 1
800332ac 1
800332ae 1
8001ea38 1
800332b2 1
8003331c 1
800332b6 1
8001ea40 1
800332ba 1
800332be 1
800332c2 1
800332c6 1
800332c8 1
800332cc 1
800332d0 1
800332d2 1
800332d6 1
8001eb12 1
80033366 1
8001eaf0 1
8003336a 1
8003336e 1
80033372 1
80033376 1
8003337a 1
8003337e 1
80033382 1
80033384 1
8001eb0e 1
80033388 1
8001eaec 1
8003338c 1
80033390 1
80033394 1
80033396 1
8003339a 1
8003339c 1
8003339e 1
800333a0 1
800333a2 1
800333a4 1
800333a8 1
8003333e 1
8003331e 1
8001eaa8 1
80033322 1
80033324 1
80033326 1
8003332a 1
8003332e 1
80033332 1
80033336 1
80033338 1
8003333c 1
8001ea20 1
80033340 1
80033344 1
80033348 1
8003334c 1
80033350 1
80033354 1
80033358 1
8003335c 1
80033360 1
8001eaea 1
80033362 1
80033208 1
800331ec 1
800331ee 1
800331f0 1
800331f2 1
800331f6 1
800331f8 1
800331fa 1
800331fc 1
800331fe 1
80033202 1
80033204 1
80033206 1
800331e8 1
8003320c 1
8003320e 1
80033210 1
80033212 1
80033216 1
80033218 1
8003321a 1
8003321c 1
80033220 1
80033222 1
80033224 1
8001e95c 1
800331c0 1
800331c2 1
8001e94c 1
800331c6 1
8001e950 1
800331ca 1
8001e954 1
800331cc 1
800331ce 1
8001e958 1
800331d0 1
800331d2 1
8001e9ae 1
800331d4 1
800331d6 1
8001e960 1
800331da 1
8001e964 1
800331dc 1
800331de 1
8001e968 1
800331e2 1
800331e4 1
800331e6 1
80033272 1
8001e9d6 1
80033250 1
80033252 1
80033256 1
80033258 1
8003325c 1
8003325e 1
80033260 1
80033264 1
80033266 1
8003326a 1
8003326e 1
8003324c 1
80033276 1
8003327a 1
8003327e 1
80033282 1
80033284 1
80033286 1
8003328a 1
8003328e 1
8001ea18 1
80033292 1
80033296 1
8001e9c2 1
80033228 1
8003322a 1
8001e9b4 1
8003322c 1
8001e9b6 1
8003322e 1
80033230 1
8001e9ba 1
80033234 1
8001e9be 1
80033238 1
8003305c 1
8003323a 1
8003323c 1
8001e9c6 1
8003323e 1
80033240 1
8001e9ca 1
80033242 1
80033246 1
80033248 1
8001e9d2 1
8003324a 1
80032e0c 1
80032dfe 1
8001e588 1
80032e00 1
8001e58a 1
80032e04 1
8001e58e 1
80032e06 1
8001e590 1
80032e08 1
8001e592 1
80032e0a 1
8001e594 1
8001e586 1
8001e596 1
80032e10 1
8001e59a 1
80032e12 1
8001e59c 1
8001a9ba 1
8001a9ce 1
80032e16 1
8001e5a0 1
80032e1a 1
8001e5a4 1
80032ddc 1
80032dbe 1
80032dc0 1
80032dc2 1
80032dc6 1
80032dc8 1
80032dca 1
80032dcc 1
80032dd0 1
80032dd2 1
80032dd6 1
80032dd8 1
80032dda 1
80032e1e 1
80032dde 1
80032de0 1
80032de2 1
80032de6 1
80032de8 1
80032dec 1
80032dee 1
80032df0 1
80032df4 1
80032df8 1
80032dfc 1
80032e74 1
80032e52 1
80032e56 1
80032e5a 1
80032e5e 1
80032e60 1
80032e62 1
80032e66 1
80032e68 1
80032e6a 1
80032e6e 1
80032e70 1
80032e72 1
80032e50 1
80032e76 1
80032e7a 1
80032e7c 1
8001aaba 1
8001aac2 1
80032e80 1
80032e84 1
80032e88 1
80032e8a 1
80032e8c 1
80032e90 1
80032e3a 1
8001e5a8 1
80032e20 1
8001e5aa 1
80032e22 1
80032e26 1
80032e2a 1
80032e2e 1
80032e32 1
8001e5bc 1
80032e36 1
8001e5c0 1
80032dbc 1
8001e5c4 1
80032e3e 1
8001e5c8 1
80032e40 1
80032e42 1
8001e5cc 1
80032e46 1
8001e5d0 1
80032e4a 1
8001e5d4 1
80032e4e 1
80032d4a 1
80032d28 1
80032d2c 1
80032d2e 1
80032d30 1
80032d34 1
80032d38 1
80032d3c 1
80032d3e 1
80032d40 1
80032d42 1
80032d46 1
80032d48 1
80032d26 1
80032d4c 1
80032d50 1
80032d52 1
80032d54 1
80032d58 1
8001e4e2 1
80032d5c 1
8001e4e6 1
80032d5e 1
80032d62 1
8001e4ec 1
80032d02 1
80032cde 1
80032ce2 1
80032ce4 1
80032ce6 1
80032cea 1
80032cec 1
80032cee 1
80032cf2 1
80032cf6 1
80032cfa 1
80032cfc 1
80032cfe 1
80032d64 1
80032d06 1
80032d0a 1
80032d0e 1
80032d10 1
80032d12 1
80032d16 1
80032d18 1
80032d1a 1
80032d1e 1
80032d20 1
80032d22 1
80032d9e 1
80032d80 1
80032d82 1
80032d84 1
80032d86 1
80032d88 1
80032d8a 1
80032d8c 1
80032d90 1
80032d92 1
80032d96 1
80032d98 1
80032d9c 1
80032d7e 1
80032da0 1
80032da2 1
80032da4 1
80032da8 1
80032daa 1
80032dae 1
80032db0 1
80032db2 1
80032db4 1
80032db6 1
80032db8 1
8001a662 1
80032d66 1
8001e4f0 1
80032d6a 1
8001e4f4 1
80032d6e 1
8001e4f8 1
80032d70 1
80032d72 1
8001e4fc 1
8001a646 1
8001a64e 1
80032e92 1
8001a676 1
8001a6ce 1
8001a6d8 1
8001a738 1
8001a7b8 1
8001a80e 1
8001a820 1
8001a896 1
80032d76 1
80032d78 1
80032d7c 1
8001e740 1
80032fa4 1
8001e72e 1
80032fa6 1
80032fa8 1
8001e732 1
80032fac 1
80032fae 1
8001e738 1
80032fb2 1
8001e73c 1
80032fb4 1
80032fb6 1
80032fa2 1
80032fb8 1
80032fba 1
8001e744 1
80032fbc 1
80032fc0 1
80032fc2 1
80032fc4 1
80032fc6 1
80032fca 1
80032fcc 1
80032fd0 1
80032f86 1
8001ab8e 1
8001ab9a 1
8001aba6 1
8001ac2c 1
8001ac44 1
8001ac4c 1
8001ac50 1
8001ac6c 1
80032f7c 1
80032f7e 1
80032f82 1
80032f84 1
80032fd2 1
80032f88 1
80032f8a 1
80032f8c 1
80032f8e 1
80032f90 1
80032f94 1
80032f96 1
80032f9a 1
80032f9c 1
80032fa0 1
8001e72a 1
8003303e 1
80033016 1
8003301a 1
8003301e 1
80033022 1
80033026 1
80033028 1
8003302a 1
8003302e 1
80033032 1
80033036 1
80033038 1
8003303a 1
80033012 1
80033042 1
80033046 1
80033048 1
8003304a 1
8003304e 1
80033050 1
80033052 1
80033056 1
80033058 1
8003305a 1
8001e7e4 1
80032ff0 1
80032fd6 1
80032fd8 1
80032fda 1
80032fdc 1
80032fe0 1
80032fe2 1
80032fe4 1
80032fe6 1
80032fe8 1
80032fec 1
80032fee 1
80032f78 1
80032ff2 1
80032ff4 1
80032ff8 1
80032ffa 1
8001af18 1
80032ffe 1
80033002 1
80033006 1
80033008 1
8003300a 1
8003300e 1
80032eea 1
80032ed2 1
80032ed4 1
80032ed8 1
80032eda 1
80032ede 1
80032ee0 1
80032ee2 1
8001e66c 1
80032ee4 1
8001e66e 1
80032ee8 1
8001e672 1
80032ece 1
80032eec 1
8001e676 1
80032eee 1
8001e678 1
80032ef0 1
80032ef2 1
8001e67c 1
80032ef6 1
8001e680 1
80032efa 1
8001e684 1
80032eb0 1
80032e94 1
80032e96 1
80032e98 1
80032e9a 1
80032e9c 1
80032e9e 1
80032ea2 1
80032ea4 1
80032ea8 1
80032eaa 1
80032eae 1
80032efe 1
80032eb2 1
80032eb4 1
80032eb6 1
80032eb8 1
80032ebc 1
80032ebe 1
80032ec2 1
80032ec4 1
80032ec6 1
80032ec8 1
80032ecc 1
80032f5a 1
80032f3a 1
80032f3e 1
80032f40 1
80032f44 1
80032f46 1
80032f4a 1
80032f4c 1
80032f4e 1
80032f50 1
80032f52 1
80032f54 1
80032f56 1
80032f38 1
80032f5c 1
80032f5e 1
80032f60 1
80032f64 1
80032f66 1
80032f68 1
80032f6a 1
80032f6e 1
80032f70 1
80032f72 1
80032f76 1
80032f18 1
8001e688 1
80032f00 1
80032f02 1
80032f04 1
80032f06 1
80032f08 1
80032f0a 1
80032f0c 1
80032f10 1
80032f12 1
80032f16 1
80032326 1
80032f1c 1
80032f1e 1
80032f20 1
80032f22 1
80032f24 1
80032f28 1
80032f2a 1
80032f2e 1
80032f30 1
80032f32 1
80032f34 1
80017144 1
8003105a 1
8003105e 1
80031062 1
80031066 1
8003106a 1
80031072 1
8003107a 1
80031082 1
8001c80c 1
8003108a 1
8001c814 1
80017140 1
80031052 1
80017148 1
8001714c 1
80017150 1
80017154 1
80017158 1
8001716c 1
80017170 1
80017174 1
80017178 1
8001717c 1
80017180 1
80031032 1
8003100e 1
8001c798 1
80031012 1
8001c79c 1
80031016 1
8001c7a0 1
8003101a 1
8001c7a4 1
8003101e 1
8001c7a8 1
80031022 1
8003102a 1
80017184 1
8001c7bc 1
80031036 1
8001c7c0 1
8003103a 1
8001c7c4 1
8003103e 1
8001c7c8 1
80031042 1
80031046 1
8003104a 1
8003104e 1
80031126 1
800310d6 1
800310da 1
800310de 1
800310e6 1
800310ee 1
8001c878 1
800310f2 1
800310f6 1
80031106 1
8003111a 1
8003111e 1
80031122 1
800310ce 1
8003112a 1
8003112e 1
80031132 1
80031136 1
8003113a 1
8003113e 1
80031142 1
80031146 1
8003114a 1
8003114e 1
80031152 1
8001c81c 1
8001721c 1
80017228 1
8001722c 1
80017230 1
80017234 1
80017238 1
8001739e 1
80017462 1
8003108e 1
8001c818 1
80031092 1
8001c794 1
80031096 1
8001c820 1
8003109e 1
8001c828 1
800310ae 1
800310b6 1
800310ba 1
800310be 1
800310c2 1
800310c6 1
800310ca 1
80030eea 1
80030e94 1
80030e9e 1
80030ea4 1
80030eac 1
80030eb2 1
80030eb8 1
80030ebc 1
80030ec0 1
80030ecc 1
80030eda 1
80030ee2 1
80030ee6 1
80030e90 1
80030ef0 1
80030ef6 1
80030efa 1
80030efe 1
80030f0a 1
80030f0e 1
80030f12 1
80030f1e 1
8001c6a8 1
80030f22 1
80030f26 1
80030e36 1
80030dc6 1
80030dd2 1
80030de6 1
80030dea 1
80030dee 1
80030df6 1
80030dfa 1
80030dfe 1
80030e02 1
80030e06 1
80030e0e 1
80030e28 1
80030f2a 1
80030e54 1
80030e58 1
80030e5c 1
80030e68 1
8001c5f2 1
80030e6c 1
8001c5f6 1
80030e76 1
8001c600 1
80030e80 1
80030e84 1
8001c77c 1
80030fd6 1
80030fda 1
8001c764 1
80030fde 1
8001c768 1
80030fe2 1
8001c76c 1
80030fea 1
8001c774 1
80030fee 1
8001c778 1
80030ff2 1
80030fd2 1
80030ff6 1
8001c780 1
80030ffa 1
8001c784 1
80030ffe 1
8001c788 1
80031002 1
8001c78c 1
80031006 1
8001c790 1
8003100a 1
80030f9a 1
8001c6b4 1
80030f40 1
80030f5e 1
80030f62 1
80030f66 1
80030f6a 1
80030f76 1
80030f7a 1
80030f7e 1
80030f92 1
80030f96 1
8001c8dc 1
80030f9e 1
80030fa2 1
80030fa6 1
80030faa 1
80030fb0 1
80030fb4 1
80030fb8 1
80030fbc 1
80030fc6 1
80030fca 1
80030fce 1
8001caee 1
80031326 1
8003132a 1
80031330 1
80031334 1
80031338 1
80031346 1
8003134a 1
8003134e 1
80031352 1
80031356 1
8003135c 1
80031364 1
80031322 1
80031368 1
8001caf2 1
8003136c 1
8001caf6 1
80031376 1
8003137a 1
8003137e 1
8003138c 1
80031390 1
80031398 1
8003139e 1
800312fc 1
800179b4 1
800312d0 1
800312d4 1
800312d8 1
800312dc 1
800312e0 1
800312e4 1
800312e8 1
800312ec 1
800312f4 1
800312f8 1
8001ca82 1
800313a2 1
80031300 1
8001ca8a 1
80031304 1
8001ca8e 1
8003130c 1
8001ca96 1
80031310 1
8001ca9a 1
80031314 1
8001ca9e 1
8003131a 1
80031440 1
80031410 1
80031414 1
80031418 1
80031420 1
80031426 1
8003142a 1
8003142e 1
80031432 1
80031436 1
8001cbc0 1
8003143c 1
8001cbc6 1
80031406 1
8001cbca 1
80031448 1
80017c80 1
80017c88 1
8003144c 1
80031456 1
8001cbe0 1
80031468 1
8003146c 1
8001cbf6 1
80031470 1
80017c54 1
800313aa 1
800313ae 1
800313b4 1
800313b8 1
800313bc 1
800313c0 1
800313c4 1
800179d0 1
80017a38 1
80017a40 1
80017a50 1
800179ac 1
80017c66 1
800313ca 1
800313d2 1
800313d6 1
800313da 1
800313e4 1
800313e8 1
800313f0 1
800313f6 1
800313fa 1
80031402 1
800311ba 1
8001748e 1
80017492 1
8001749a 1
800174a2 1
80017572 1
8001757a 1
80017582 1
800175ca 1
80017638 1
80017640 1
8001770a 1
80017774 1
80017466 1
8001c944 1
800311c2 1
8001c94c 1
800311c6 1
8001c950 1
800311ca 1
8001c954 1
800311ce 1
8001c958 1
800311d2 1
8001c95c 1
8001c8fc 1
80031156 1
8003115a 1
8001c8e4 1
8003115e 1
8001c8e8 1
80031162 1
8001c8ec 1
80031166 1
8001c8f0 1
8003116a 1
8001c8f4 1
80031172 1
800311d6 1
80031182 1
80031186 1
8003118a 1
8003118e 1
80031196 1
800311a2 1
800311a6 1
800311aa 1
800311ae 1
800311b2 1
800311b6 1
800312a6 1
8003123e 1
80031242 1
80031246 1
8003124a 1
8003124e 1
80031252 1
80031256 1
800177ea 1
80031266 1
80031286 1
80031296 1
8001ca20 1
8003123a 1
8001ca30 1
800312ac 1
800312b0 1
800312b4 1
800312b8 1
800312bc 1
800312c0 1
800178ba 1
800178cc 1
800178d4 1
800178dc 1
80031202 1
8001c960 1
800311de 1
8001c968 1
800311e2 1
8001c96c 1
800311e6 1
800311ea 1
800311ee 1
800311f6 1
800311fa 1
800311fe 1
8001c544 1
80031206 1
8003120e 1
80031212 1
80031216 1
8003121e 1
80031222 1
80031226 1
8001c9b0 1
8003122e 1
80031232 1
80031236 1
80030a5e 1
8001c1be 1
80030a3a 1
80030a3e 1
8001c1c8 1
80030a44 1
8001c1ce 1
80030a4a 1
8001c1d4 1
80030a4e 1
8001c1d8 1
80030a54 1
80030a5a 1
80030a34 1
80030a64 1
80030a6a 1
80030a76 1
80030a7a 1
80030a80 1
80030a8a 1
80030a90 1
8001691a 1
8001691e 1
80016922 1
80016926 1
80030a0a 1
800309ca 1
800309ce 1
800309d4 1
800309da 1
800309de 1
800309e4 1
800309ea 1
800309ee 1
800309f4 1
800309fa 1
800309fe 1
80030a04 1
8001692e 1
8001c194 1
80030a0e 1
8001c198 1
80030a1a 1
8001c1a4 1
80030a1e 1
8001c1a8 1
80030a24 1
8001c1ae 1
80030a2a 1
80030a2e 1
800169d6 1
800169a6 1
800169aa 1
800169ae 1
800169b2 1
800169b6 1
800169ba 1
800169be 1
800169c2 1
800169c6 1
800169ca 1
800169ce 1
800169d2 1
800169a2 1
800169da 1
800169e6 1
800169ea 1
800169ee 1
800169f2 1
800169f6 1
800169fa 1
800169fe 1
80016a06 1
80016bb8 1
80016bbe 1
80016972 1
80016932 1
80016946 1
8001694a 1
80016952 1
80016956 1
8001695a 1
8001695e 1
80016962 1
80016966 1
8001696a 1
8001696e 1
800309c4 1
80016976 1
8001697a 1
8001697e 1
80016982 1
80016986 1
8001698a 1
8001698e 1
80016992 1
80016996 1
8001699a 1
8001699e 1
80016686 1
800164e8 1
8001652c 1
80016530 1
80016594 1
80016598 1
80016608 1
8001660c 1
8001666e 1
80016672 1
80016676 1
8001667e 1
80016682 1
800164e4 1
8001668a 1
8001668e 1
800166d2 1
800166d6 1
800166dc 1
800166e0 1
800166e4 1
800166e8 1
800166ec 1
80016740 1
800308b6 1
80016400 1
800308ac 1
800308b0 1
800163c8 1
800163cc 1
800163d0 1
800163d4 1
800163d8 1
800163ec 1
800163f0 1
800163f4 1
800163f8 1
800163fc 1
800308bc 1
80016404 1
80016418 1
80016458 1
800164c0 1
800164c8 1
800164cc 1
800164d0 1
800164d4 1
800164d8 1
800164dc 1
800164e0 1
8003097e 1
8001c0c6 1
80030940 1
8001c0ca 1
80016744 1
8001675a 1
8003094c 1
80030950 1
80030956 1
8001c0e0 1
80030966 1
8003096c 1
8003097a 1
8003093c 1
8003098a 1
8003098e 1
80030994 1
8003099a 1
8003099e 1
80016814 1
8001682e 1
80016836 1
800309b4 1
800309ba 1
800309be 1
800308fc 1
800308c0 1
800308c6 1
800308cc 1
800308d0 1
800308d6 1
800308dc 1
800308e0 1
800308e6 1
800308ec 1
800308f0 1
800308f6 1
80016bc2 1
80030900 1
80030906 1
8003090c 1
80030910 1
80030920 1
8003092c 1
8001c0b6 1
80030930 1
8001c0ba 1
80030936 1
8001c0c0 1
80017090 1
80016e96 1
80016e9a 1
80016e9e 1
80016ea2 1
80016ea6 1
80016eaa 1
80016eae 1
80016eb2 1
80016ebc 1
80016ec0 1
80016ec4 1
80016f4a 1
80016e92 1
8001709c 1
800170a0 1
800170a4 1
800170a8 1
800170ac 1
80017134 1
80017138 1
8001713c 1
80030ca8 1
80030cb2 1
80030cbc 1
80030c66 1
8001c3ae 1
80030c2a 1
8001c3b4 1
80030c2e 1
8001c3b8 1
80030c34 1
80030c3a 1
80030c40 1
80030c50 1
80030c54 1
80030c5a 1
80030c62 1
80030cc0 1
80030c6c 1
80030c72 1
80030c76 1
80030c7e 1
80030c84 1
80030c90 1
80030c94 1
80030c98 1
80030c9c 1
80030ca4 1
80016e8e 1
80030d6e 1
8001c490 1
80030d12 1
80030d1a 1
80030d1e 1
80030d24 1
80030d2a 1
80030d2e 1
80030d3a 1
80030d4e 1
80030d54 1
80030d64 1
80030d6a 1
80030d06 1
80030d7a 1
80030d7e 1
80030d9e 1
80030da2 1
80030da8 1
8001c532 1
80030db2 1
8001c53c 1
80030db6 1
8001c540 1
80030dba 1
80030ce0 1
8001c44a 1
80030cc4 1
8001c44e 1
80030ccc 1
8001c456 1
80030cd4 1
8001c45e 1
80030cd8 1
8001c462 1
80030cdc 1
8001c466 1
80030c24 1
8001c46a 1
80030ce8 1
8001c472 1
80030cec 1
8001c476 1
80030cf6 1
8001c480 1
80030cfe 1
8001c488 1
80030d02 1
8001c48c 1
80016ca4 1
80030b00 1
80030b06 1
80030b0a 1
80016bd4 1
80016bda 1
80016bde 1
80016bf0 1
80016bf4 1
80016bf8 1
80016bfc 1
80016c00 1
80016ca0 1
80030afa 1
80030b20 1
80030b30 1
80030b40 1
80030b50 1
80030b60 1
80030b6a 1
80030b76 1
8001c300 1
80016ca8 1
80016cac 1
80016cb0 1
80030ad0 1
80016bc8 1
80016bcc 1
80016bd0 1
80030a96 1
80030aa0 1
80030aa6 1
80030aaa 1
80030ab0 1
80030ab6 1
80030ac0 1
80030aca 1
80016cb4 1
80030ad6 1
8001c260 1
80030ada 1
8001c264 1
80030ae0 1
80030ae6 1
8001c270 1
80030aea 1
8001c274 1
80030af0 1
80030af6 1
80030c04 1
80030bba 1
80030bc0 1
80030bc6 1
80030bca 1
80030bd0 1
80030bd6 1
80030bda 1
80030be0 1
80030bea 1
80030bee 1
80030bfa 1
80030bfe 1
80030bb6 1
80030c0a 1
80016dac 1
80016db0 1
80016db4 1
80016dca 1
80016e86 1
80030c0e 1
80030c14 1
80030c1a 1
8001c3a4 1
80030c1e 1
80030b7a 1
80016cb8 1
80016cbc 1
80016cc0 1
80016cc4 1
80016cc8 1
80016ccc 1
80016cd0 1
80016cd4 1
80016da0 1
80016da4 1
80016da8 1
8001cbfa 1
80030b80 1
8001c30a 1
80030b86 1
8001c310 1
80030b8a 1
8001c314 1
80030b90 1
80030b96 1
80030ba6 1
80030baa 1
80030bb0 1
80031e2e 1
80031df6 1
80018de8 1
80018df0 1
80031dfa 1
80031e02 1
80031e06 1
80031e0a 1
80031e0e 1
80031e16 1
80031e1a 1
80031e22 1
80031e26 1
80031df2 1
80031e32 1
80031e36 1
80031e3e 1
80031e42 1
80031e4a 1
8001d5d4 1
80031e4e 1
8001d5d8 1
80031e52 1
80031e56 1
80031e5a 1
80031dc2 1
80031d96 1
8001d520 1
80031d9a 1
80031d9e 1
80031da2 1
80031da6 1
80031daa 1
80031dae 1
80031db2 1
80031db6 1
80031dba 1
80031dbe 1
80031e5e 1
80031dc6 1
80031dca 1
80031dce 1
80031dd2 1
80031dd6 1
80031dda 1
80031dde 1
80031de2 1
80031de6 1
80031dea 1
80031dee 1
800191cc 1
80031eda 1
80031ee2 1
80031ee6 1
80031eea 1
80031eee 1
80031ef2 1
80031ef6 1
80031efe 1
80031f0e 1
80031f12 1
80031f16 1
80019000 1
80031ed6 1
80019270 1
80031f1e 1
80031f22 1
80031f26 1
80031f2a 1
80031f2e 1
80031f32 1
80031f36 1
80031f3a 1
80031f3e 1
80031f42 1
80031e92 1
80031e62 1
80031e66 1
80031e6e 1
80031e7e 1
80031e82 1
80031e86 1
80018ee6 1
80018ef0 1
80018f04 1
80018fc4 1
80031e8e 1
80018d38 1
80031e9a 1
80031e9e 1
80031ea2 1
80031eaa 1
80031eae 1
80031eb6 1
80031eba 1
80031ec2 1
80031ec6 1
80031eca 1
80031ece 1
80031cce 1
80031c94 1
80031c9a 1
80031c9e 1
80031ca6 1
80031caa 1
80031cb2 1
80031cb6 1
80031cbe 1
8001d448 1
80031cc2 1
8001d44c 1
80031cc6 1
80031c8e 1
80031cd2 1
80031cda 1
80031cde 1
80031ce2 1
80031ce6 1
80031cea 1
80031cf2 1
80031cf6 1
80031cfa 1
80031cfe 1
80031d06 1
80031c50 1
80018a4e 1
80031c1a 1
8001d3a4 1
80031c22 1
80031c26 1
80031c2c 1
8001d3b6 1
80031c34 1
80031c3c 1
80031c40 1
80031c44 1
80031c48 1
80031d0e 1
80031c56 1
80031c60 1
80031c66 1
80031c6a 1
80031c72 1
80031c76 1
80031c7a 1
80031c7e 1
80031c82 1
80031c86 1
80031c8a 1
8001d4fc 1
80031d4e 1
80031d52 1
80031d5a 1
80031d5e 1
8001d4e8 1
80031d62 1
8001d4ec 1
80031d6a 1
8001d4f4 1
80031d6e 1
8001d4f8 1
80031d72 1
80031d4a 1
80031d7a 1
8001d504 1
80031d7e 1
8001d508 1
80031d86 1
8001d510 1
80031d8a 1
8001d514 1
80031d92 1
8001d51c 1
80018d10 1
80018b42 1
80018a62 1
80018a76 1
80018a8a 1
80018aa6 1
80018aba 1
80018ace 1
80018ae2 1
80018aea 1
80018afe 1
80018b12 1
80018b26 1
80031f46 1
80018cfc 1
80031d12 1
80031d1a 1
80031d1e 1
80031d22 1
80031d26 1
80031d2e 1
80031d32 1
80031d3a 1
80031d3e 1
80031d46 1
800321f2 1
800321a2 1
8001d92c 1
800321a6 1
8001d930 1
800321ca 1
800321ce 1
800321d2 1
800321d6 1
800321da 1
800321e2 1
800321ea 1
800321ee 1
8001d928 1
8001d97c 1
800321f6 1
8001d980 1
8003221a 1
80032222 1
8003222a 1
8003222e 1
80032232 1
80032236 1
8003223a 1
8003223e 1
80032186 1
80032136 1
8003213a 1
8003213e 1
80032142 1
80032146 1
8003214a 1
80032156 1
8003215a 1
8003215e 1
80032166 1
8003216e 1
80032172 1
80032242 1
8001d910 1
8003218a 1
8003218e 1
8001d918 1
80032192 1
8001d91c 1
80032196 1
8001d920 1
8003219a 1
8001d924 1
8003219e 1
8003230a 1
800322da 1
8001da64 1
800322e2 1
8001da6c 1
800322e6 1
8001da70 1
800322ea 1
8001da74 1
800322ee 1
800322f2 1
800322fa 1
80032302 1
8001da60 1
80032312 1
8001928c 1
800192a8 1
800192bc 1
80019358 1
8001936c 1
8001941a 1
800194e8 1
80032316 1
8003231a 1
8003231e 1
800322ba 1
8003224a 1
80032262 1
80032266 1
80032282 1
80032286 1
8003228a 1
8003228e 1
800322a2 1
800322a6 1
800322aa 1
800322b2 1
80032132 1
800322be 1
800322c2 1
8001da4c 1
800322c6 1
800322ca 1
8001da54 1
800322ce 1
8001da58 1
800322d2 1
8001da5c 1
800322d6 1
80031fe2 1
80047126 1
8001d74c 1
80031fd0 1
80047134 1
8001d75a 1
80031fd4 1
80047138 1
8001d75e 1
80031fd8 1
8004713c 1
8001d762 1
80031fde 1
80031fc2 1
80047146 1
80031fe6 1
8004714a 1
80031ffa 1
8004715e 1
80031ffe 1
80047162 1
80032008 1
80032016 1
8003201a 1
80032024 1
80031f86 1
80031f4a 1
80031f52 1
80031f56 1
80031f5a 1
80031f5e 1
80031f62 1
80031f66 1
80031f6a 1
80031f72 1
80031f76 1
80031f7a 1
80031f7e 1
80032036 1
80031f8e 1
80031f92 1
80031f98 1
80031f9c 1
80031fa0 1
80031fa6 1
80031faa 1
80031fae 1
80031fb4 1
80031fbc 1
8001d746 1
80047258 1
8001d848 1
800320cc 1
80047230 1
8001d856 1
800320d0 1
80047234 1
8001d85a 1
800320e0 1
80047244 1
800320e4 1
80047248 1
800320f4 1
800320be 1
800320fe 1
80032102 1
80032106 1
80032114 1
80047278 1
8003211a 1
80032120 1
80047284 1
8001d8aa 1
8003212a 1
8003212e 1
80032080 1
8003203a 1
80032040 1
80032044 1
80032048 1
800471ac 1
8003206a 1
8003206e 1
80032072 1
8003207c 1
800471e0 1
8001d806 1
80018980 1
800471e4 1
8001d80a 1
80032094 1
800471f8 1
8001d81e 1
8003209c 1
80047200 1
8001d826 1
800320a2 1
800320a6 1
800320aa 1
800316a0 1
80031664 1
80031668 1
8003166c 1
80031670 1
80031678 1
8003167c 1
80031684 1
80031688 1
8003168c 1
80031690 1
80031694 1
80031698 1
80031660 1
800316aa 1
800316ae 1
800316b2 1
800316d6 1
800316da 1
800316e0 1
800316e4 1
800316ea 1
800316ee 1
800316f4 1
800316f8 1
80031624 1
800315fc 1
80031600 1
80031604 1
8001cd8e 1
80031608 1
8001cd92 1
8003160c 1
8001cd96 1
80031614 1
80031618 1
8003161c 1
80031620 1
800316fe 1
80031628 1
8001cdb2 1
8003162c 1
8001cdb6 1
80031634 1
80031638 1
8003163c 1
80031640 1
80031648 1
80031650 1
80031654 1
8001cf8a 1
8001cf68 1
800317e4 1
8001cf6e 1
800317e8 1
8001cf72 1
800317ee 1
8001cf78 1
800317f2 1
8001cf7c 1
800317f8 1
8001cf82 1
80031800 1
800317de 1
80031804 1
8003180a 1
8001cf94 1
8003180e 1
8001cf98 1
80031814 1
8001cf9e 1
80031818 1
8001cfa2 1
8003181c 1
8001cfa6 1
80031764 1
80031704 1
8003170a 1
80031716 1
80031728 1
80031734 1
8003173a 1
80031740 1
80031746 1
80031752 1
8003175c 1
80031760 1
800315f8 1
80031774 1
80031778 1
80031792 1
80031796 1
8003179e 1
800317a2 1
800317a8 1
800317ac 1
800317c0 1
800317c6 1
800317ca 1
80031530 1
800314f8 1
800314fc 1
80031506 1
8003150a 1
8003150e 1
80031512 1
80031516 1
8003151c 1
80031520 1
80031524 1
80031528 1
8003152c 1
800314f0 1
80031536 1
8001ccc0 1
8003153a 1
8001ccc4 1
80017e4c 1
80017e54 1
80017f20 1
80031542 1
8001cccc 1
80031546 1
8001ccd0 1
800314ae 1
80031474 1
8001cbfe 1
80031478 1
80031486 1
80031494 1
80031498 1
8003149c 1
800314a0 1
800314a4 1
800314aa 1
80017d74 1
80017d7c 1
8003154c 1
800314b6 1
800314ba 1
800314c0 1
800314c4 1
800314c8 1
800314d0 1
800314d4 1
800314da 1
800314e2 1
800314e6 1
800314ea 1
80017f44 1
800315a8 1
800315ac 1
800315b0 1
800315b4 1
800315b8 1
800315bc 1
800315c0 1
800315c4 1
800315c8 1
800315cc 1
800315d0 1
800315d4 1
800315a4 1
80017f4c 1
8001809a 1
800180a2 1
8001813a 1
800181d6 1
800315e0 1
800315e4 1
800315e8 1
800315ec 1
800315f0 1
800315f4 1
80031576 1
8001ccd6 1
80031550 1
8001ccda 1
80031554 1
8001ccde 1
80031558 1
8001cce2 1
80031566 1
8001ccf0 1
8003156c 1
80031570 1
80031820 1
8001cd00 1
80031582 1
8001cd0c 1
80031586 1
8001cd10 1
8003158a 1
8001cd14 1
80031596 1
8001cd20 1
8003159c 1
800315a0 1
800185b2 1
80031af0 1
80031af4 1
80031af8 1
80031afc 1
80031b00 1
80018502 1
8001851a 1
8001852a 1
80018542 1
8001854a 1
8001859e 1
800185aa 1
8001d276 1
80018624 1
80018676 1
800186e2 1
800186ee 1
80018758 1
80018878 1
80031b04 1
80031b0c 1
80031b10 1
80031b14 1
80031b18 1
80031ab0 1
80031a8c 1
80031a90 1
80031a94 1
80031a98 1
80031a9c 1
80031aa0 1
80031aa4 1
8001d22e 1
80031aa8 1
8001d232 1
80031aac 1
8001d236 1
80031b1c 1
8001d23a 1
80031ab4 1
8001d23e 1
80031abc 1
8001d246 1
80031acc 1
80031ad0 1
80031ad4 1
80031ad8 1
80031ae0 1
80031aec 1
80031bda 1
80031b9c 1
80031ba0 1
8001887e 1
80018890 1
80031bb0 1
80031bbe 1
80031bc2 1
80031bc6 1
80031bca 1
80031bce 1
80031bd2 1
80031bd6 1
80031b98 1
80031be0 1
80031bf0 1
80031bf6 1
80031bfa 1
80031bfe 1
80031c02 1
80031c06 1
80031c0a 1
8001895a 1
80018962 1
8001896e 1
80031b5a 1
80031b20 1
80031b28 1
80031b2c 1
80031b30 1
80031b34 1
80031b38 1
80031b40 1
80031b44 1
80031b48 1
80031b4c 1
80031b50 1
80031a88 1
80031b62 1
80031b66 1
80031b6a 1
80031b6e 1
80031b72 1
8001d2fc 1
80031b76 1
80031b7e 1
80031b8c 1
80031b90 1
80031b94 1
80031904 1
8001d06a 1
800318e8 1
8001d072 1
800318f0 1
8001d07a 1
800318f4 1
8001d07e 1
800318f8 1
8001d082 1
800318fc 1
8001d086 1
80031900 1
800318e0 1
80031908 1
80031910 1
80031928 1
8003192c 1
80031968 1
8003196c 1
80031970 1
80031974 1
80031988 1
80031990 1
80031994 1
80031878 1
8001cfaa 1
80031826 1
8003182a 1
80031830 1
80031834 1
8003183e 1
8003184e 1
80031852 1
80031858 1
80031862 1
80031874 1
8003199c 1
8003187c 1
800318a2 1
800318a6 1
800318b0 1
800318b4 1
800318b8 1
800318bc 1
800318c2 1
800318c6 1
800318ca 1
8001d054 1
80031a42 1
80031a00 1
80031a04 1
80031a08 1
80031a0c 1
80031a10 1
80031a14 1
80031a18 1
80031a20 1
80031a24 1
80031a28 1
80031a30 1
80031a38 1
8001d182 1
80031a46 1
80031a50 1
80031a64 1
80031a68 1
80031a6c 1
80031a70 1
80031a74 1
80031a78 1
80031a7c 1
80031a80 1
80031a84 1
800184f6 1
800319a0 1
800319a4 1
800319a8 1
800319ac 1
800319b4 1
800319bc 1
800319c4 1
800319cc 1
8001d156 1
8001838e 1
8001843e 1
800333ac 1
800319d0 1
8001d15a 1
800319d4 1
8001d15e 1
800319d8 1
8001d162 1
800319e0 1
8001d16a 1
800319f0 1
8001d17a 1
800319f8 1
80034972 1
8003494e 1
80034950 1
80034954 1
80034956 1
80034958 1
8003495c 1
8003495e 1
80034962 1
80034964 1
80034966 1
8003496a 1
8003496e 1
8003494c 1
80034974 1
80034976 1
80034978 1
8003497c 1
8003497e 1
80034980 1
80034982 1
80034986 1
80034988 1
8003498a 1
8003498e 1
80034924 1
80034902 1
80034906 1
8003490a 1
8003490c 1
8003490e 1
80034910 1
80034914 1
80034918 1
8003491a 1
8003491c 1
80034920 1
80034922 1
80034992 1
80034928 1
8003492c 1
80034930 1
80034932 1
80034934 1
80034938 1
8003493c 1
80034940 1
80034944 1
80034946 1
80034948 1
800349b4 1
8001d9e8 1
8001da68 1
8001dab8 1
8001dabc 1
8001db20 1
8001db28 1
80047530 1
80047534 1
80047538 1
800349ac 1
800349ae 1
800349b2 1
8001d9e4 1
800349b6 1
800349b8 1
800349ba 1
800349bc 1
800349be 1
800349c0 1
800349c2 1
800349c4 1
800349c8 1
800349ca 1
800349cc 1
80047214 1
80034994 1
80034998 1
8003499a 1
8003499c 1
800349a0 1
800349a4 1
800349a6 1
800349a8 1
8001d818 1
800471fc 1
8001d822 1
800348fe 1
8001d83a 1
80047218 1
8001d83e 1
8004721c 1
8001d842 1
8001d84c 1
8001d850 1
8004725c 1
80047274 1
8001d934 1
8001d938 1
8001d500 1
8003485e 1
80034862 1
80034864 1
80034866 1
8003486a 1
8003486c 1
8003486e 1
80034872 1
80034874 1
80034876 1
8003487a 1
8003487c 1
8003485c 1
8001d50c 1
8001d518 1
8001d5d0 1
8001d68c 1
8001d690 1
8001d694 1
8004712a 1
8001d750 1
80047166 1
80047174 1
800471ba 1
8003483e 1
8003481a 1
8003481c 1
8003481e 1
80034822 1
80034824 1
80034828 1
8003482c 1
80034830 1
80034834 1
80034836 1
80034838 1
8003483c 1
800471c8 1
80034840 1
80034844 1
80034846 1
8003484a 1
8003484c 1
8003484e 1
80034850 1
80034852 1
80034854 1
80034856 1
80034858 1
800348da 1
800348bc 1
800348be 1
800348c0 1
800348c2 1
800348c6 1
800348c8 1
800348ca 1
800348cc 1
800348d0 1
800348d2 1
800348d6 1
800348d8 1
800348b8 1
800348de 1
800348e0 1
800348e2 1
800348e4 1
800348e8 1
800348ea 1
800348ee 1
800348f2 1
800348f6 1
800348f8 1
800348fa 1
80034892 1
800471dc 1
8001d802 1
8001d810 1
8001d814 1
80034880 1
80034882 1
80034884 1
80034888 1
8003488a 1
8003488e 1
80034890 1
800349ce 1
80034896 1
8003489a 1
8003489e 1
800348a0 1
800348a2 1
800348a6 1
800348a8 1
800348ac 1
800348ae 1
800348b0 1
800348b4 1
80034b14 1
80034af6 1
80034af8 1
80034afa 1
80034afe 1
80034b00 1
80034b02 1
80034b04 1
80034b06 1
80034b0a 1
80034b0c 1
80034b10 1
80034b12 1
80034af4 1
80034b16 1
80034b18 1
80034b1a 1
80034b1e 1
80034b20 1
80034b22 1
80034b24 1
80034b28 1
80034b2a 1
80034b2c 1
80034b2e 1
80034ad8 1
800476b8 1
800476c0 1
80047704 1
80047710 1
8004772c 1
80034ac4 1
80034ac8 1
80034acc 1
80034ace 1
80034ad0 1
80034ad2 1
80034ad6 1
80034b32 1
80034ada 1
80034adc 1
80034ade 1
80034ae0 1
80034ae2 1
80034ae4 1
80034ae6 1
80034aea 1
80034aec 1
80034aee 1
80034af0 1
80034b8c 1
80034b6e 1
80034b72 1
80034b74 1
80034b76 1
80034b78 1
80034b7c 1
80034b7e 1
80034b80 1
80034b82 1
80034b86 1
80034b88 1
80034b8a 1
80034b6c 1
80034b8e 1
80034b92 1
80034b94 1
80034b98 1
80034b9a 1
80034b9c 1
80034b9e 1
80034ba0 1
80034ba2 1
80034ba6 1
80034ba8 1
80034b4e 1
80034b34 1
80034b36 1
80034b38 1
80034b3c 1
80034b3e 1
80034b40 1
80034b42 1
80034b46 1
80034b48 1
80034b4a 1
80034b4c 1
800476b4 1
80034b50 1
80034b54 1
80034b58 1
80034b5c 1
80034b5e 1
80034b60 1
80034b62 1
80034b64 1
80034b66 1
80034b68 1
80034b6a 1
80034a2c 1
80034a10 1
80034a12 1
80034a14 1
80034a16 1
80034a1a 1
80034a1c 1
80034a1e 1
80034a20 1
80034a22 1
80034a24 1
80034a26 1
80034a2a 1
80034a0c 1
80034a30 1
80034a32 1
80034a34 1
80034a38 1
80034a3c 1
80034a40 1
80034a42 1
80034a44 1
80034a48 1
80034a4a 1
80034a4c 1
800349f0 1
800349d2 1
800349d4 1
800349d6 1
800349d8 1
800349dc 1
800349de 1
800349e0 1
800349e2 1
800349e4 1
800349e8 1
800349ea 1
800349ee 1
80034a4e 1
800349f2 1
800349f4 1
800349f6 1
800349f8 1
800349fc 1
800349fe 1
80034a00 1
80034a02 1
80034a06 1
80034a08 1
80034a0a 1
80034aac 1
80034a86 1
80034a8a 1
80034a8e 1
80034a92 1
80034a94 1
80034a96 1
80034a9a 1
80034a9e 1
80034aa2 1
80034aa4 1
80034aa6 1
80034aaa 1
80034a84 1
80034aae 1
80034ab2 1
80034ab4 1
80034ab6 1
80034ab8 1
80034aba 1
80034abe 1
80034ac0 1
8001dc6c 1
8001dc9c 1
800476b0 1
80034a5a 1
80034a50 1
80034a54 1
80034a56 1
80047590 1
8001dbb6 1
80047598 1
8001dbbe 1
800475d8 1
800475ec 1
80047600 1
8004761c 1
80034816 1
80034a5e 1
80034a62 1
80034a64 1
80034a66 1
80034a6a 1
80034a6e 1
80034a72 1
80034a76 1
80034a7a 1
80034a7e 1
80034a82 1
800344da 1
800344bc 1
800344c0 1
800344c2 1
800344c4 1
800344c6 1
800344c8 1
800344cc 1
800344ce 1
800344d0 1
800344d2 1
800344d6 1
800344d8 1
800344ba 1
800344dc 1
800344e0 1
800344e2 1
800344e4 1
800344e6 1
800344ea 1
800344ec 1
800344ee 1
800344f2 1
800344f4 1
800344f6 1
8003449c 1
8001d444 1
8001d4f0 1
80034482 1
80034484 1
80034488 1
8003448a 1
8003448c 1
80034490 1
80034494 1
80034496 1
80034498 1
8003449a 1
800344f8 1
8003449e 1
800344a0 1
800344a4 1
800344a6 1
800344a8 1
800344ac 1
800344ae 1
800344b0 1
800344b2 1
800344b6 1
800344b8 1
8003456c 1
80034540 1
80034544 1
80034548 1
8003454c 1
8003454e 1
80034550 1
80034554 1
80034558 1
8003455c 1
80034560 1
80034564 1
80034568 1
8003453c 1
8003456e 1
80034572 1
80034576 1
80034578 1
8003457c 1
80034580 1
80034584 1
80034588 1
8003458c 1
80034590 1
80034592 1
80034516 1
800344fa 1
800344fe 1
80034502 1
80034504 1
80034506 1
80034508 1
8003450a 1
8003450c 1
80034510 1
80034512 1
80034514 1
8001d3a8 1
8003451a 1
8003451c 1
80034520 1
80034522 1
80034526 1
80034528 1
8003452a 1
8003452e 1
80034530 1
80034534 1
80034538 1
800343f4 1
800343d6 1
800343da 1
800343dc 1
800343e0 1
800343e2 1
800343e4 1
800343e6 1
800343e8 1
800343ea 1
800343ec 1
800343ee 1
800343f0 1
800343d4 1
800343f6 1
800343f8 1
800343fa 1
800343fe 1
80034400 1
80034402 1
80034404 1
80034408 1
8003440a 1
8003440c 1
8003440e 1
800343c4 1
800343a2 1
800343a4 1
800343a6 1
800343a8 1
800343ac 1
800343ae 1
800343b2 1
800343b6 1
800343b8 1
800343ba 1
800343bc 1
800343c0 1
80034410 1
800343c6 1
800343c8 1
800343ca 1
800343ce 1
800343d0 1
8001d166 1
8001d16e 1
8001d172 1
8001d176 1
8001d17e 1
8001d186 1
80034470 1
8003444e 1
80034450 1
80034452 1
80034456 1
80034458 1
8003445c 1
8003445e 1
80034460 1
80034464 1
80034468 1
8003446c 1
8003446e 1
8003444c 1
80034474 1
80034476 1
80034478 1
8003447a 1
8003447e 1
8001d242 1
8001d24a 1
8001d266 1
8001d26e 1
8001d272 1
8001d3a0 1
8003442e 1
80034414 1
80034416 1
8003441a 1
8003441c 1
8003441e 1
80034420 1
80034422 1
80034424 1
80034428 1
8003442a 1
8003442c 1
80034596 1
80034432 1
80034434 1
80034436 1
80034438 1
8003443c 1
8003443e 1
80034440 1
80034442 1
80034446 1
80034448 1
8003444a 1
8003474e 1
80034724 1
80034728 1
8003472c 1
80034730 1
80034734 1
80034736 1
8003473a 1
8003473e 1
80034742 1
80034746 1
80034748 1
8003474c 1
80034720 1
80034750 1
80034754 1
80034756 1
8003475a 1
8003475e 1
80034760 1
80034762 1
80034764 1
80034768 1
8003476c 1
80034770 1
800346f6 1
800346ce 1
800346d0 1
800346d4 1
800346d6 1
800346da 1
800346dc 1
800346e0 1
800346e4 1
800346e8 1
800346ec 1
800346f0 1
800346f2 1
80034774 1
800346f8 1
800346fa 1
800346fe 1
80034702 1
80034706 1
8003470a 1
8003470e 1
80034712 1
80034714 1
80034718 1
8003471c 1
800347ec 1
800347c2 1
800347c4 1
800347c8 1
800347cc 1
800347d0 1
800347d2 1
800347d6 1
800347d8 1
800347dc 1
800347e0 1
800347e4 1
800347e8 1
800347be 1
800347f0 1
800347f4 1
800347f8 1
800347fc 1
80034800 1
80034802 1
80034806 1
8003480a 1
8003480c 1
80034810 1
80034814 1
8003479a 1
80034778 1
8003477c 1
80034780 1
80034784 1
80034786 1
80034788 1
8003478c 1
8003478e 1
80034790 1
80034794 1
80034796 1
800346cc 1
8003479c 1
8003479e 1
800347a2 1
800347a4 1
800347a8 1
800347ac 1
800347b0 1
800347b2 1
800347b6 1
800347b8 1
800347ba 1
80034612 1
800345e8 1
800345ec 1
800345ee 1
800345f0 1
800345f4 1
800345f8 1
800345fc 1
80034600 1
80034602 1
80034606 1
8003460a 1
8003460e 1
800345e6 1
80034616 1
8003461a 1
8003461e 1
80034622 1
80034624 1
80034628 1
8003462c 1
80034630 1
80034634 1
80034638 1
8003463c 1
800345c0 1
8003459a 1
8003459c 1
800345a0 1
800345a2 1
800345a6 1
800345a8 1
800345ac 1
800345b0 1
800345b2 1
800345b4 1
800345b8 1
800345bc 1
80034640 1
800345c4 1
800345c6 1
800345ca 1
800345ce 1
800345d2 1
800345d6 1
800345d8 1
800345da 1
800345de 1
800345e0 1
800345e2 1
800346aa 1
8003468e 1
80034690 1
80034692 1
80034694 1
80034696 1
8003469a 1
8003469c 1
8003469e 1
800346a0 1
800346a2 1
800346a6 1
800346a8 1
8003468a 1
800346ac 1
800346b0 1
800346b4 1
800346b6 1
800346b8 1
800346bc 1
800346be 1
800346c0 1
800346c2 1
800346c6 1
800346c8 1
80034666 1
80034644 1
80034648 1
8003464c 1
80034650 1
80034654 1
80034656 1
8003465a 1
8003465c 1
8003465e 1
80034662 1
80034664 1
80034baa 1
8003466a 1
8003466e 1
80034672 1
80034674 1
80034678 1
8003467a 1
8003467c 1
80034680 1
80034682 1
80034684 1
80034688 1
800350f6 1
800350c8 1
800350cc 1
800350ce 1
800350d2 1
800350d6 1
800350da 1
800350de 1
800350e2 1
800350e6 1
800350ea 1
800350ee 1
800350f2 1
800350c4 1
800350fa 1
800350fe 1
80035100 1
80035104 1
80035106 1
80035108 1
8003510c 1
8003510e 1
80035112 1
80035114 1
80035116 1
8003509a 1
80035078 1
8003507a 1
8003507e 1
80035080 1
80035084 1
80035086 1
80035088 1
8003508c 1
8003508e 1
80035092 1
80035094 1
80035096 1
80035118 1
8003509c 1
800350a0 1
800350a4 1
800350a8 1
800350ac 1
800350b0 1
800350b2 1
800350b4 1
800350b8 1
800350bc 1
800350c0 1
80035188 1
80035166 1
8003516a 1
8003516c 1
80035170 1
80035172 1
80035174 1
80035178 1
8003517c 1
8003517e 1
80035182 1
80035184 1
80035186 1
80035162 1
8003518a 1
8003518c 1
80035190 1
80035194 1
80035196 1
80035198 1
8003519a 1
8003519e 1
800351a2 1
800351a6 1
800351aa 1
8003513e 1
8003511c 1
80035120 1
80035124 1
80035128 1
8003512c 1
8003512e 1
80035132 1
80035134 1
80035136 1
80035138 1
8003513a 1
80035076 1
80035140 1
80035142 1
80035146 1
80035148 1
8003514c 1
8003514e 1
80035150 1
80035152 1
80035156 1
8003515a 1
8003515e 1
80034fb8 1
80034f94 1
80034f96 1
80034f98 1
80034f9c 1
80034f9e 1
80034fa2 1
80034fa4 1
80034fa6 1
80034faa 1
80034fae 1
80034fb2 1
80034fb6 1
80034f90 1
80034fbc 1
80034fc0 1
80034fc4 1
80034fc8 1
80034fcc 1
80034fd0 1
80034fd4 1
80034fd8 1
80034fda 1
80034fde 1
80034fe2 1
80034f68 1
80034f44 1
80034f46 1
80034f4a 1
80034f4e 1
80034f50 1
80034f54 1
80034f56 1
80034f5a 1
80034f5c 1
80034f60 1
80034f64 1
80034f66 1
80034fe6 1
80034f6a 1
80034f6e 1
80034f72 1
80034f76 1
80034f7a 1
80034f7c 1
80034f80 1
80034f84 1
80034f88 1
80034f8c 1
80034f8e 1
80035056 1
80035038 1
8003503a 1
8003503c 1
80035040 1
80035042 1
80035046 1
80035048 1
8003504a 1
8003504c 1
8003504e 1
80035052 1
80035054 1
80035034 1
80035058 1
8003505a 1
8003505e 1
80035060 1
80035062 1
80035064 1
80035068 1
8003506c 1
8003506e 1
80035070 1
80035074 1
80035012 1
80034fea 1
80034fee 1
80034ff2 1
80034ff6 1
80034ffa 1
80034ffc 1
80035000 1
80035004 1
80035008 1
8003500c 1
8003500e 1
800351ac 1
80035014 1
80035016 1
8003501a 1
8003501c 1
8003501e 1
80035022 1
80035026 1
8003502a 1
8003502c 1
80035030 1
80035032 1
8001ec28 1
8001eafe 1
8001eb02 1
8001eb06 1
8001eb0a 1
8001eb56 1
8001eb78 1
8001ebc0 1
8001ebc4 1
8001ebda 1
8001ebde 1
8001ebe2 1
8001ebe6 1
8001eafa 1
8001ec2c 1
80035354 1
8003535a 1
8003535c 1
8003535e 1
80035364 1
8003536c 1
80035372 1
80035374 1
80035376 1
80035378 1
8001ea1e 1
8003534c 1
8003534e 1
8001e8b8 1
8001e8c2 1
8001e8cc 1
8001e8d8 1
8001e8de 1
8001e900 1
8001e946 1
8001e9b0 1
8001e9ce 1
8001ea1a 1
8003537e 1
8001ea30 1
8001ea34 1
8001ea82 1
8001ea88 1
8001ea8c 1
8001ea90 1
8001ea94 1
8001ea9c 1
8001eaa4 1
8001eaf2 1
8001eaf6 1
80035476 1
80035448 1
8003544e 1
80035454 1
8003545e 1
80035464 1
80035468 1
8001ed06 1
8001ed0c 1
8001ed24 1
8001ed2c 1
8001edfc 1
8001ee00 1
8003543e 1
80035480 1
80035488 1
8003548a 1
8003548c 1
80035492 1
80035498 1
8003549a 1
8003549c 1
800354a2 1
800354ae 1
800354b0 1
800353f8 1
80035382 1
8003539a 1
800353b0 1
800353be 1
800353c4 1
800353c8 1
800353d0 1
800353d6 1
800353ea 1
800353ee 1
800353f2 1
80035342 1
8001ec30 1
8001ec34 1
8001ec5c 1
8001ecfe 1
80035404 1
8003540e 1
8003541c 1
80035420 1
80035424 1
80035428 1
80035430 1
8003521a 1
800351fa 1
800351fc 1
800351fe 1
80035200 1
80035204 1
80035206 1
8003520a 1
8003520c 1
8003520e 1
80035212 1
80035214 1
80035216 1
800351f8 1
8003521c 1
8003521e 1
80035222 1
80035224 1
8001e598 1
8001e59e 1
8001e5a2 1
8001e5a6 1
8001e5ae 1
8001e5b2 1
8001e5b6 1
800351d8 1
800351b0 1
800351b4 1
800351b8 1
800351bc 1
800351be 1
800351c2 1
800351c4 1
800351c6 1
800351ca 1
800351cc 1
800351d0 1
800351d4 1
8001e5ba 1
800351dc 1
800351de 1
800351e0 1
800351e4 1
800351e6 1
800351e8 1
800351ec 1
800351ee 1
800351f2 1
800351f4 1
800351f6 1
800352d0 1
80035260 1
80035264 1
8003527a 1
80035282 1
80035288 1
80035292 1
8003529a 1
800352ae 1
800352b2 1
800352b8 1
800352c0 1
800352c8 1
8003525c 1
800352d8 1
800352fc 1
80035300 1
80035304 1
8003530a 1
80035316 1
8003531c 1
80035320 1
80035326 1
8003532a 1
8003532e 1
80035238 1
8001e5be 1
8001e728 1
8001e734 1
8001e7ee 1
8001e8a2 1
80035228 1
8003522a 1
8003522c 1
80035230 1
80035232 1
80035236 1
80034f40 1
8003523a 1
8003523e 1
80035242 1
80035246 1
80035248 1
8003524a 1
8003524e 1
80035250 1
80035254 1
80035256 1
80035258 1
80034cda 1
80034cba 1
80034cbc 1
80034cbe 1
80034cc2 1
80034cc6 1
80034cc8 1
80034cca 1
80034cce 1
80034cd0 1
80034cd2 1
80034cd6 1
80034cd8 1
80034cb8 1
80034cdc 1
8001e0f8 1
8001e0fe 1
8001e108 1
8001e10c 1
8001e1f0 1
80034ce0 1
80034ce2 1
80034ce6 1
80034ce8 1
80034cea 1
80034c8e 1
80034c78 1
80034c7a 1
80034c7c 1
80034c7e 1
8001e028 1
8001e032 1
8001e03c 1
8001e0f4 1
80034c82 1
80034c86 1
80034c8a 1
80034c8c 1
80034cec 1
80034c90 1
80034c94 1
80034c98 1
80034c9c 1
80034ca0 1
80034ca4 1
80034ca8 1
80034caa 1
80034cac 1
80034cb0 1
80034cb4 1
80034d44 1
80034d26 1
80034d28 1
80034d2a 1
80034d2c 1
80034d30 1
80034d32 1
80034d34 1
80034d36 1
80034d3a 1
80034d3c 1
80034d3e 1
80034d40 1
80034d24 1
80034d46 1
80034d48 1
80034d4a 1
80034d4e 1
80034d50 1
80034d52 1
80034d54 1
80034d56 1
80034d58 1
80034d5a 1
80034d5e 1
80034d08 1
80034cee 1
80034cf0 1
80034cf2 1
80034cf4 1
80034cf6 1
80034cf8 1
80034cfa 1
80034cfe 1
80034d00 1
80034d02 1
80034d04 1
80034c76 1
80034d0a 1
80034d0c 1
80034d0e 1
80034d12 1
80034d14 1
80034d16 1
80034d18 1
80034d1a 1
80034d1c 1
80034d1e 1
80034d22 1
8001de0a 1
80034be6 1
80034be8 1
80034bec 1
80034bee 1
8001dd68 1
8001dd74 1
8001dd80 1
80047770 1
8001dd96 1
8004777c 1
8001dda2 1
8001ddb2 1
80034be4 1
8001de22 1
8001de50 1
8001e012 1
8001e01c 1
80034bf2 1
80034bf4 1
80034bf8 1
80034bfa 1
80034bfc 1
80034bfe 1
80034c00 1
80034bca 1
80034bac 1
80034bb0 1
80034bb2 1
80034bb4 1
80034bb6 1
80034bba 1
80034bbc 1
80034bbe 1
80034bc0 1
80034bc4 1
80034bc6 1
80034bc8 1
80034c02 1
80034bcc 1
80034bce 1
80034bd0 1
80034bd4 1
80034bd6 1
80034bd8 1
80034bda 1
80034bdc 1
80034bde 1
80034be0 1
80034be2 1
80034c58 1
80034c3c 1
80034c3e 1
80034c40 1
80034c42 1
80034c44 1
80034c48 1
80034c4a 1
80034c4c 1
80034c4e 1
80034c52 1
80034c54 1
80034c56 1
80034c3a 1
80034c5c 1
80034c5e 1
80034c60 1
80034c62 1
80034c66 1
80034c68 1
80034c6a 1
80034c6c 1
80034c6e 1
80034c72 1
80034c74 1
80034c1e 1
80034c04 1
80034c06 1
80034c08 1
80034c0a 1
80034c0e 1
80034c10 1
80034c12 1
80034c14 1
80034c18 1
80034c1a 1
80034c1c 1
80034d60 1
80034c22 1
80034c24 1
80034c26 1
80034c28 1
80034c2a 1
80034c2c 1
80034c2e 1
80034c32 1
80034c34 1
80034c36 1
80034c38 1
80034e86 1
80034e68 1
80034e6c 1
80034e6e 1
80034e70 1
80034e72 1
80034e76 1
80034e78 1
80034e7a 1
80034e7c 1
80034e7e 1
80034e82 1
80034e84 1
80034e66 1
80034e88 1
80034e8c 1
80034e8e 1
80034e90 1
80034e92 1
80034e96 1
80034e98 1
80034e9a 1
80034e9c 1
80034ea0 1
80034ea2 1
80034e4a 1
8001e454 1
8001e458 1
8001e4e0 1
8001e4ea 1
8001e584 1
8001e58c 1
80034e38 1
80034e3a 1
80034e3e 1
80034e40 1
80034e42 1
80034e46 1
80034ea4 1
80034e4c 1
80034e4e 1
80034e50 1
80034e52 1
80034e54 1
80034e56 1
80034e5a 1
80034e5c 1
80034e5e 1
80034e62 1
80034e64 1
80034f14 1
80034ee8 1
80034eec 1
80034ef0 1
80034ef4 1
80034ef8 1
80034efc 1
80034f00 1
80034f02 1
80034f04 1
80034f08 1
80034f0c 1
80034f10 1
80034ee4 1
80034f18 1
80034f1c 1
80034f20 1
80034f22 1
80034f26 1
80034f2a 1
80034f2c 1
80034f30 1
80034f34 1
80034f38 1
80034f3c 1
80034ec2 1
80034ea8 1
80034eaa 1
80034eac 1
80034eae 1
80034eb0 1
80034eb4 1
80034eb8 1
80034eba 1
80034ebc 1
80034ebe 1
80034ec0 1
8001e450 1
80034ec6 1
80034ec8 1
80034eca 1
80034ecc 1
80034ed0 1
80034ed2 1
80034ed6 1
80034ed8 1
80034edc 1
80034ede 1
80034ee2 1
80034db0 1
80034d94 1
80034d96 1
80034d98 1
80034d9a 1
80034d9c 1
80034d9e 1
80034da0 1
80034da2 1
80034da6 1
80034da8 1
80034daa 1
80034dac 1
80034d92 1
80034db2 1
80034db4 1
80034db6 1
80034dba 1
80034dbc 1
80034dbe 1
80034dc0 1
80034dc2 1
80034dc4 1
80034dc6 1
80034dca 1
80034d80 1
80034d64 1
80034d68 1
80034d6a 1
80034d6c 1
80034d6e 1
80034d72 1
80034d76 1
80034d78 1
80034d7a 1
80034d7c 1
80034d7e 1
80034dcc 1
8001e1fc 1
8001e208 1
8001e218 1
8001e2ce 1
8001e2d2 1
8001e2d6 1
80034d84 1
80034d86 1
80034d8a 1
80034d8c 1
80034d90 1
80034e2c 1
80034e08 1
80034e0a 1
80034e0e 1
80034e12 1
80034e14 1
80034e16 1
80034e1a 1
80034e1e 1
80034e22 1
80034e24 1
80034e26 1
80034e2a 1
80034e06 1
80034e2e 1
80034e30 1
80034e34 1
8001e2da 1
8001e2e2 1
8001e2ea 1
8001e304 1
8001e30a 1
8001e39a 1
8001e3ac 1
8001e448 1
80034de8 1
80034dce 1
80034dd0 1
80034dd2 1
80034dd4 1
80034dd8 1
80034dda 1
80034ddc 1
80034dde 1
80034de2 1
80034de4 1
80034de6 1
800343a0 1
80034dec 1
80034dee 1
80034df0 1
80034df2 1
80034df6 1
80034df8 1
80034dfa 1
80034dfc 1
80034dfe 1
80034e00 1
80034e02 1
800338d6 1
800338ba 1
800338bc 1
800338be 1
800338c0 1
800338c2 1
800338c6 1
800338c8 1
800338cc 1
800338ce 1
800338d0 1
800338d2 1
800338d4 1
800338b6 1
800338da 1
800338dc 1
800338de 1
800338e0 1
800338e4 1
800338e6 1
800338e8 1
800338ea 1
800338ee 1
800338f0 1
800338f2 1
8003389a 1
8003387c 1
8003387e 1
80033880 1
80033882 1
80033884 1
80033888 1
8003388c 1
80033890 1
80033892 1
80033894 1
80033896 1
80033898 1
800338f4 1
8003389c 1
8003389e 1
800338a0 1
800338a2 1
800338a6 1
800338a8 1
800338aa 1
800338ac 1
800338b0 1
800338b2 1
800338b4 1
8003392c 1
8001bc5a 1
8001bc8e 1
8001bc92 1
8001bcca 1
8001bcde 1
8001bce2 1
8001bce6 1
8001bd1a 1
8001becc 1
8001bedc 1
8001bee2 1
8003392a 1
8001bc56 1
80033930 1
80033932 1
80033934 1
80033936 1
80033938 1
8003393a 1
8003393c 1
8003393e 1
80033942 1
80033944 1
80033948 1
80033912 1
800338f8 1
800338fa 1
800338fc 1
800338fe 1
80033900 1
80033902 1
80033904 1
80033908 1
8003390a 1
8003390c 1
8003390e 1
8003387a 1
80033914 1
80033916 1
80033918 1
8003391c 1
8003391e 1
80033920 1
80033924 1
80033926 1
8001bc2c 1
8001bc36 1
8001bc48 1
800337e6 1
800337c2 1
800337c6 1
800337c8 1
800337ca 1
800337ce 1
800337d2 1
800337d6 1
800337d8 1
800337da 1
800337de 1
800337e0 1
800337e2 1
800337be 1
800337e8 1
800337ea 1
800337ec 1
800337ee 1
800337f2 1
800337f4 1
8001bc22 1
8001bc28 1
800337f8 1
800337fc 1
80033800 1
80033796 1
80033774 1
80033776 1
80033778 1
8003377c 1
8003377e 1
80033780 1
80033782 1
80033784 1
80033788 1
8003378a 1
8003378e 1
80033792 1
80033802 1
80033798 1
8003379a 1
8003379e 1
800337a2 1
800337a6 1
800337aa 1
800337ae 1
800337b2 1
800337b6 1
800337b8 1
800337ba 1
8003385c 1
8003383e 1
80033840 1
80033844 1
80033846 1
80033848 1
8003384a 1
8003384c 1
8003384e 1
80033852 1
80033854 1
80033856 1
80033858 1
8003383a 1
8003385e 1
80033860 1
80033862 1
80033866 1
80033868 1
8003386a 1
8003386c 1
80033870 1
80033872 1
80033874 1
80033876 1
8003381e 1
80033804 1
80033806 1
8003380a 1
8003380c 1
8003380e 1
80033810 1
80033812 1
80033814 1
80033816 1
80033818 1
8003381a 1
8003394a 1
80033820 1
80033822 1
80033824 1
80033828 1
8003382a 1
8003382c 1
8003382e 1
80033832 1
80033834 1
80033836 1
80033838 1
80033aba 1
80033a9c 1
80033a9e 1
80033aa0 1
80033aa2 1
80033aa4 1
80033aa6 1
80033aaa 1
80033aac 1
80033ab0 1
80033ab2 1
80033ab6 1
80033ab8 1
80033a9a 1
80033abc 1
80033abe 1
80033ac2 1
80033ac4 1
80033ac8 1
80033aca 1
80033acc 1
80033ace 1
80033ad2 1
80033ad4 1
80033ad8 1
80033a7a 1
80033a5a 1
80033a5c 1
80033a5e 1
80033a60 1
80033a62 1
80033a64 1
80033a68 1
80033a6a 1
80033a6e 1
80033a70 1
80033a72 1
80033a76 1
80033ada 1
80033a7e 1
80033a80 1
80033a82 1
80033a84 1
80033a88 1
80033a8a 1
8001c0d0 1
80033a8e 1
80033a90 1
80033a94 1
80033a96 1
80033b3c 1
80033b1e 1
80033b22 1
8001c19e 1
8001c452 1
80033b26 1
80033b28 1
80033b2c 1
80033b2e 1
80033b30 1
80033b34 1
80033b38 1
80033b3a 1
80033b1c 1
80033b3e 1
80033b40 1
80033b42 1
80033b44 1
80033b48 1
80033b4c 1
80033b4e 1
80033b52 1
80033b54 1
80033b58 1
80033b5a 1
80033af8 1
80033ade 1
80033ae0 1
80033ae4 1
80033ae6 1
80033ae8 1
80033aea 1
80033aec 1
80033aee 1
80033af0 1
80033af4 1
80033af6 1
80033a58 1
80033afc 1
80033b00 1
80033b02 1
80033b04 1
80033b08 1
80033b0c 1
80033b10 1
80033b12 1
80033b14 1
80033b18 1
80033b1a 1
800339b0 1
8003398e 1
80033992 1
80033994 1
80033996 1
80033998 1
8003399a 1
8003399e 1
800339a0 1
800339a4 1
800339a8 1
800339ac 1
800339ae 1
8003398c 1
800339b4 1
800339b8 1
800339bc 1
800339c0 1
800339c4 1
800339c8 1
800339cc 1
800339ce 1
800339d0 1
800339d4 1
800339d8 1
8003396c 1
8003394e 1
80033950 1
80033952 1
80033954 1
80033956 1
8003395a 1
8003395c 1
80033960 1
80033962 1
80033964 1
80033966 1
8003396a 1
800339dc 1
80033970 1
80033972 1
80033976 1
80033978 1
8003397c 1
8003397e 1
80033980 1
80033982 1
80033986 1
80033988 1
8003398a 1
80033a36 1
80033a16 1
80033a18 1
80033a1a 1
80033a1e 1
80033a20 1
80033a24 1
80033a26 1
80033a2a 1
80033a2c 1
80033a2e 1
80033a30 1
80033a32 1
80033a14 1
80033a38 1
80033a3c 1
80033a3e 1
80033a40 1
80033a42 1
80033a46 1
80033a48 1
80033a4c 1
80033a4e 1
80033a52 1
80033a54 1
800339fe 1
800339de 1
800339e0 1
800339e4 1
800339e8 1
800339ec 1
800339ee 1
800339f0 1
800339f4 1
800339f6 1
800339f8 1
800339fc 1
80033770 1
80033a00 1
80033a02 1
8001bfc2 1
8001bfd8 1
8001bfe8 1
80033a06 1
80033a08 1
80033a0c 1
80033a0e 1
80033a10 1
80033a12 1
800334f8 1
800334d4 1
800334d6 1
800334d8 1
800334dc 1
800334de 1
800334e2 1
800334e6 1
800334ea 1
800334ec 1
800334f0 1
800334f2 1
800334f4 1
800334d0 1
800334fc 1
80033500 1
80033502 1
80033506 1
8003350a 1
8003350c 1
80033510 1
80033512 1
80033516 1
8003351a 1
8003351e 1
800334be 1
800334a8 1
8001ec32 1
800334ac 1
8001ec36 1
800334b0 1
8001ec3a 1
800334b4 1
8001ec3e 1
800334b8 1
8001ec42 1
800334bc 1
8001ec46 1
80033522 1
8001ec48 1
800334c0 1
800334c2 1
8001ec4c 1
800334c6 1
8001ec50 1
800334c8 1
800334ca 1
8001ec54 1
800334ce 1
8001ec58 1
80033586 1
8001ecfc 1
80033576 1
8001ed00 1
80033578 1
8001ed02 1
8003357a 1
8001ed04 1
8003357e 1
8001ed08 1
80033580 1
8001ed0a 1
80033584 1
80033572 1
8001ed10 1
80033588 1
8003358a 1
8001ed14 1
8003358c 1
8003358e 1
8001ed18 1
80033590 1
80033592 1
8001ed1c 1
80033596 1
8003354e 1
80033526 1
8003352a 1
8003352e 1
80033532 1
80033536 1
8003353a 1
8003353c 1
80033540 1
80033544 1
80033546 1
8003354a 1
8001ec2e 1
80033550 1
80033554 1
80033556 1
80033558 1
8003355c 1
8003355e 1
80033562 1
80033566 1
8003356a 1
8003356e 1
80033570 1
800333f6 1
800333e0 1
800333e2 1
8001eb6c 1
800333e6 1
8001eb70 1
800333e8 1
800333ea 1
8001eb74 1
800333ec 1
800333f0 1
800333f2 1
8001eb7c 1
8001eb68 1
800333f8 1
800333fa 1
800333fc 1
80033400 1
80033402 1
80033406 1
80033408 1
8003340a 1
8003340e 1
80033410 1
80033414 1
800333ce 1
800333b0 1
800333b2 1
800333b6 1
800333b8 1
800333ba 1
800333bc 1
800333c0 1
800333c2 1
800333c4 1
800333c8 1
800333ca 1
8001eb54 1
80033416 1
800333d0 1
8001eb5a 1
800333d2 1
8001eb5c 1
800333d4 1
800333d6 1
8001eb60 1
800333da 1
8001eb64 1
800333dc 1
800333de 1
80033486 1
8003345a 1
8003345e 1
80033462 1
80033466 1
8003346a 1
8003346e 1
80033472 1
80033476 1
8003347a 1
8003347e 1
80033480 1
80033484 1
80033456 1
80033488 1
8003348c 1
8003348e 1
80033492 1
80033496 1
80033498 1
8003349a 1
8003349c 1
800334a0 1
8001ec2a 1
800334a4 1
8003343c 1
8003341a 1
8003341c 1
80033420 1
80033424 1
80033428 1
8003342c 1
80033430 1
80033432 1
80033434 1
8001ebbe 1
80033438 1
8001ed20 1
8001ebc6 1
80033440 1
8001ebca 1
80033444 1
8001ebce 1
80033448 1
8001ebd2 1
8003344c 1
8001ebd6 1
8003344e 1
80033452 1
8001b91c 1
800336ce 1
800336d0 1
800336d4 1
800336d8 1
800336da 1
800336dc 1
8001b6ee 1
8001b708 1
8001b7da 1
8001b8a8 1
8001b8ac 1
8001b918 1
800336cc 1
8001b9ea 1
8001ba50 1
800336e0 1
800336e2 1
800336e6 1
800336e8 1
800336ea 1
800336ec 1
800336ee 1
800336f0 1
800336f2 1
800336aa 1
80033688 1
8003368a 1
8003368c 1
80033690 1
80033692 1
80033696 1
80033698 1
8003369a 1
8003369e 1
800336a2 1
800336a6 1
800336a8 1
800336f4 1
800336ac 1
800336b0 1
800336b2 1
800336b4 1
800336b6 1
800336ba 1
800336bc 1
800336be 1
800336c2 1
800336c6 1
800336c8 1
80033750 1
80033732 1
80033734 1
80033736 1
8003373a 1
8003373c 1
8003373e 1
80033740 1
80033744 1
80033746 1
80033748 1
8003374a 1
8003374e 1
80033730 1
80033752 1
80033754 1
80033756 1
80033758 1
8003375a 1
8003375e 1
80033760 1
80033764 1
80033766 1
80033768 1
8003376c 1
80033712 1
800336f6 1
800336f8 1
800336fc 1
800336fe 1
80033700 1
80033702 1
80033706 1
80033708 1
8003370a 1
8003370c 1
80033710 1
80033684 1
80033714 1
80033716 1
80033718 1
8003371c 1
8003371e 1
80033722 1
80033724 1
80033726 1
80033728 1
8003372a 1
8003372c 1
800335da 1
8001b6d8 1
800335ba 1
800335bc 1
800335be 1
800335c2 1
800335c4 1
800335c8 1
800335ca 1
800335cc 1
800335d0 1
800335d4 1
800335d8 1
8001b614 1
800335dc 1
800335e0 1
800335e2 1
800335e6 1
800335e8 1
800335ea 1
800335ee 1
800335f2 1
800335f6 1
800335f8 1
800335fa 1
8001ed36 1
80033598 1
8003359c 1
8003359e 1
8001ed28 1
800335a0 1
800335a4 1
800335a6 1
8001ed30 1
800335a8 1
8001ed32 1
800335ac 1
800335fc 1
800335ae 1
800335b0 1
8001ed3a 1
800335b4 1
800335b6 1
8001b3c0 1
8001b3c4 1
8001b3dc 1
8001b3e0 1
8001b550 1
8001b554 1
80033668 1
80033644 1
80033648 1
8003364c 1
8003364e 1
80033650 1
80033654 1
80033656 1
80033658 1
8003365c 1
80033660 1
80033664 1
80033666 1
80033642 1
8003366c 1
80033670 1
80033674 1
8001edfe 1
80033678 1
8001ee02 1
8003367a 1
8001ee04 1
8003367c 1
80033680 1
80033682 1
8003361c 1
80033600 1
80033602 1
80033604 1
80033606 1
8003360a 1
8003360c 1
8003360e 1
80033612 1
80033614 1
80033616 1
80033618 1
80033b5c 1
8003361e 1
80033622 1
80033626 1
8003362a 1
8003362c 1
8003362e 1
80033632 1
80033636 1
8003363a 1
8003363e 1
80033640 1
80034124 1
80034110 1
80034114 1
80034116 1
8001cbce 1
8001cbdc 1
8001cbe4 1
8001cbe8 1
8001cbec 1
8001ccc8 1
8003411a 1
8003411e 1
80034122 1
8003410e 1
80034126 1
80034128 1
8003412c 1
8003412e 1
80034130 1
80034132 1
80034134 1
80034136 1
80034138 1
8003413a 1
8003413e 1
800340ec 1
800340c4 1
800340c8 1
800340cc 1
800340d0 1
800340d4 1
800340d8 1
800340da 1
800340dc 1
800340e0 1
800340e4 1
800340e8 1
800340ea 1
80034140 1
800340f0 1
800340f4 1
800340f8 1
800340fa 1
800340fc 1
80034100 1
80034102 1
80034104 1
80034108 1
8003410a 1
8003410c 1
800341a2 1
80034184 1
80034186 1
80034188 1
8003418a 1
8003418c 1
80034190 1
80034194 1
80034198 1
8003419a 1
8003419c 1
8003419e 1
800341a0 1
80034182 1
800341a4 1
800341a6 1
800341a8 1
800341aa 1
800341ae 1
800341b0 1
800341b2 1
800341b4 1
800341b8 1
800341ba 1
800341bc 1
80034160 1
80034144 1
80034146 1
8003414a 1
8003414c 1
8003414e 1
80034150 1
80034152 1
80034156 1
80034158 1
8003415c 1
8003415e 1
800340c0 1
80034162 1
80034166 1
80034168 1
8003416c 1
8003416e 1
80034172 1
80034174 1
80034178 1
8003417a 1
8003417c 1
8003417e 1
8003401e 1
8001c874 1
8001c8f8 1
8001c900 1
8001c904 1
8001c964 1
8001c9b4 1
8001ca18 1
8001ca24 1
8001ca28 1
8001ca2c 1
8001ca92 1
8003401c 1
8001c82c 1
80034022 1
80034024 1
80034026 1
80034028 1
8003402a 1
8003402c 1
8003402e 1
80034030 1
80034032 1
80034036 1
80034038 1
80034002 1
80033fe2 1
80033fe4 1
80033fe6 1
80033fe8 1
80033fec 1
80033fee 1
80033ff0 1
80033ff2 1
80033ff6 1
80033ff8 1
80033ffa 1
80033ffe 1
8003403c 1
80034004 1
80034008 1
8003400a 1
8003400c 1
80034010 1
80034014 1
80034016 1
80034018 1
8001c7b8 1
8001c810 1
8001c824 1
800340a0 1
8003407c 1
80034080 1
80034082 1
80034086 1
80034088 1
8003408a 1
8003408e 1
80034092 1
80034096 1
80034098 1
8003409a 1
8003409e 1
8003407a 1
800340a2 1
800340a4 1
800340a6 1
800340aa 1
800340ac 1
8001cb0c 1
800340b0 1
800340b4 1
800340b8 1
800340ba 1
800340bc 1
8003405a 1
8003403e 1
80034042 1
80034044 1
80034046 1
80034048 1
8003404a 1
8003404e 1
80034050 1
80034054 1
80034056 1
80034058 1
800341be 1
8003405e 1
80034060 1
80034064 1
80034066 1
8003406a 1
8003406c 1
80034070 1
80034072 1
80034074 1
80034076 1
80034078 1
8003431c 1
800342f6 1
800342fa 1
800342fe 1
80034302 1
80034304 1
80034306 1
8003430a 1
8003430e 1
80034312 1
80034314 1
80034316 1
8003431a 1
800342f4 1
8003431e 1
80034322 1
80034324 1
80034326 1
80034328 1
8003432a 1
8001d05a 1
8001d05e 1
8001d062 1
8001d066 1
8001d06e 1
800342ca 1
800342ae 1
800342b0 1
800342b2 1
800342b4 1
800342b8 1
800342ba 1
800342bc 1
800342be 1
800342c0 1
800342c4 1
800342c6 1
8001cf86 1
8001d076 1
800342ce 1
800342d2 1
800342d4 1
800342d6 1
800342da 1
800342de 1
800342e2 1
800342e6 1
800342ea 1
800342ee 1
800342f2 1
80034382 1
80034364 1
80034366 1
8003436a 1
8003436c 1
80034370 1
80034372 1
80034374 1
80034376 1
80034378 1
8003437a 1
8003437e 1
80034380 1
80034362 1
80034384 1
80034388 1
8003438a 1
8003438c 1
8003438e 1
80034392 1
80034394 1
80034396 1
80034398 1
8003439c 1
8003439e 1
80034344 1
8001d152 1
8003432e 1
80034330 1
80034334 1
80034336 1
80034338 1
8003433a 1
8003433c 1
8003433e 1
80034340 1
80034342 1
800342ac 1
80034346 1
8003434a 1
8003434c 1
8003434e 1
80034350 1
80034354 1
80034356 1
80034358 1
8003435a 1
8003435e 1
80034360 1
8003421c 1
800341fe 1
80034202 1
80034204 1
80034206 1
80034208 1
8003420a 1
8003420c 1
8003420e 1
80034212 1
80034214 1
80034216 1
80034218 1
800341fc 1
8003421e 1
80034220 1
80034222 1
80034226 1
80034228 1
8003422a 1
8003422e 1
80034230 1
8001cce6 1
8001ccec 1
8001cd04 1
800341de 1
800341c2 1
800341c4 1
800341c6 1
800341c8 1
800341ca 1
800341cc 1
800341d0 1
800341d2 1
800341d6 1
800341d8 1
800341da 1
800341dc 1
80034234 1
800341e0 1
800341e4 1
800341e6 1
800341e8 1
800341ea 1
800341ee 1
800341f0 1
800341f2 1
800341f4 1
800341f8 1
800341fa 1
8003428e 1
80034270 1
80034272 1
80034276 1
80034278 1
8003427a 1
8003427c 1
8003427e 1
80034280 1
80034284 1
80034286 1
80034288 1
8003428a 1
8003426c 1
80034290 1
80034292 1
80034294 1
80034298 1
8003429a 1
8003429c 1
8003429e 1
800342a2 1
800342a4 1
800342a6 1
800342a8 1
80034250 1
80034236 1
8003423a 1
8003423c 1
8003423e 1
80034240 1
80034242 1
80034244 1
80034246 1
80034248 1
8003424a 1
8003424c 1
80033fde 1
80034252 1
80034254 1
80034256 1
8003425a 1
8003425c 1
8003425e 1
80034260 1
80034264 1
80034266 1
80034268 1
8003426a 1
80033cec 1
80033cc8 1
80033ccc 1
80033cce 1
80033cd0 1
80033cd4 1
80033cd6 1
80033cd8 1
80033cdc 1
80033ce0 1
80033ce4 1
80033ce6 1
80033cea 1
80033cc6 1
80033cee 1
80033cf2 1
80033cf4 1
80033cf6 1
80033cfa 1
80033cfc 1
80033d00 1
80033d02 1
80033d04 1
80033d06 1
80033d08 1
80033c9a 1
80033c76 1
80033c7a 1
80033c7c 1
80033c80 1
80033c84 1
80033c86 1
80033c8a 1
80033c8e 1
80033c92 1
80033c94 1
80033c96 1
80033c98 1
80033d0c 1
80033c9c 1
80033c9e 1
80033ca2 1
80033ca6 1
80033caa 1
80033cae 1
80033cb2 1
80033cb6 1
80033cba 1
80033cbe 1
80033cc2 1
80033d78 1
80033d4e 1
80033d52 1
80033d56 1
80033d5a 1
80033d5e 1
80033d62 1
80033d64 1
80033d68 1
80033d6a 1
80033d6c 1
80033d70 1
80033d74 1
80033d4c 1
80033d7c 1
80033d80 1
80033d84 1
80033d86 1
80033d8a 1
80033d8e 1
80033d92 1
80033d96 1
80033d9a 1
80033d9e 1
80033da2 1
80033d2a 1
80033d0e 1
80033d10 1
80033d12 1
80033d14 1
80033d18 1
80033d1a 1
80033d1c 1
80033d1e 1
80033d22 1
80033d26 1
80033d28 1
80033c74 1
80033d2e 1
80033d30 1
80033d32 1
80033d34 1
80033d38 1
80033d3a 1
80033d3e 1
80033d40 1
80033d42 1
80033d46 1
80033d48 1
80033bc8 1
80033ba2 1
80033ba4 1
80033ba8 1
80033baa 1
80033bae 1
80033bb0 1
80033bb4 1
80033bb6 1
80033bba 1
80033bbe 1
80033bc2 1
80033bc4 1
80033b9e 1
80033bca 1
80033bce 1
80033bd0 1
80033bd2 1
80033bd6 1
80033bd8 1
80033bda 1
80033bde 1
80033be2 1
80033be6 1
80033bea 1
80033b80 1
80033b60 1
80033b62 1
80033b66 1
80033b68 1
80033b6c 1
80033b6e 1
80033b72 1
80033b74 1
80033b76 1
80033b7a 1
80033b7c 1
80033b7e 1
80033bec 1
80033b82 1
80033b86 1
80033b8a 1
80033b8c 1
80033b8e 1
80033b90 1
80033b92 1
80033b94 1
80033b98 1
80033b9a 1
80033b9c 1
80033c54 1
80033c36 1
80033c3a 1
80033c3c 1
80033c3e 1
80033c40 1
80033c42 1
80033c46 1
80033c48 1
80033c4a 1
80033c4c 1
80033c50 1
80033c52 1
80033c32 1
80033c58 1
80033c5a 1
80033c5e 1
80033c60 1
80033c62 1
80033c66 1
80033c68 1
80033c6c 1
80033c6e 1
80033c70 1
80033c72 1
80033c12 1
80033bf0 1
80033bf4 1
80033bf6 1
80033bfa 1
80033bfe 1
80033c02 1
80033c06 1
80033c08 1
80033c0a 1
80033c0c 1
80033c0e 1
80033da6 1
80033c14 1
80033c16 1
80033c18 1
80033c1c 1
80033c1e 1
80033c22 1
80033c24 1
80033c26 1
80033c28 1
80033c2a 1
80033c2e 1
80033f2c 1
80033f08 1
80033f0c 1
80033f0e 1
80033f10 1
80033f14 1
80033f16 1
80033f18 1
80033f1c 1
80033f1e 1
80033f20 1
80033f24 1
80033f28 1
80033f04 1
80033f2e 1
80033f30 1
80033f32 1
80033f36 1
80033f38 1
80033f3a 1
80033f3c 1
80033f40 1
80033f42 1
80033f46 1
80033f48 1
8001c6bc 1
80033edc 1
80033ee0 1
80033ee2 1
80033ee4 1
80033ee8 1
80033eea 1
8001c45a 1
8001c46e 1
8001c47a 1
8001c484 1
8001c548 1
8001c5ec 1
80033f4a 1
8001c6c0 1
8001c6c4 1
8001c770 1
80033eee 1
80033ef0 1
80033ef2 1
80033ef6 1
80033ef8 1
80033efc 1
80033efe 1
80033f00 1
80033fbc 1
80033f94 1
80033f98 1
80033f9c 1
80033fa0 1
80033fa2 1
80033fa4 1
80033fa8 1
80033fac 1
80033fb0 1
80033fb4 1
80033fb6 1
80033fb8 1
80033f92 1
80033fbe 1
80033fc0 1
80033fc4 1
80033fc6 1
80033fc8 1
80033fcc 1
80033fce 1
80033fd2 1
80033fd4 1
80033fd6 1
80033fda 1
80033f6e 1
80033f4e 1
80033f50 1
80033f52 1
80033f54 1
80033f58 1
80033f5a 1
80033f5e 1
80033f62 1
80033f66 1
80033f68 1
80033f6a 1
80033eda 1
80033f72 1
80033f76 1
80033f7a 1
80033f7c 1
80033f7e 1
80033f80 1
80033f84 1
80033f88 1
80033f8a 1
80033f8c 1
80033f90 1
80033e1c 1
80033df8 1
80033dfa 1
80033dfe 1
80033e00 1
80033e02 1
80033e06 1
80033e08 1
80033e0c 1
80033e0e 1
80033e10 1
80033e14 1
80033e18 1
80033df6 1
80033e20 1
80033e22 1
80033e26 1
80033e28 1
80033e2a 1
80033e2e 1
80033e32 1
80033e34 1
80033e38 1
80033e3c 1
80033e40 1
80033dcc 1
80033da8 1
80033dac 1
80033db0 1
80033db4 1
80033db8 1
80033dba 1
80033dbe 1
80033dc0 1
80033dc2 1
80033dc6 1
80033dc8 1
80033e42 1
80033dd0 1
80033dd2 1
80033dd4 1
80033dd6 1
80033dda 1
80033dde 1
80033de2 1
80033de6 1
80033dea 1
80033dee 1
80033df2 1
80033ebc 1
80033e9a 1
80033e9e 1
80033ea2 1
80033ea4 1
80033ea6 1
80033eaa 1
80033eac 1
80033eae 1
80033eb2 1
80033eb4 1
80033eb8 1
80033eba 1
80033e96 1
80033ebe 1
80033ec0 1
80033ec2 1
80033ec4 1
80033ec6 1
80033eca 1
80033ecc 1
80033ed0 1
80033ed2 1
80033ed4 1
80033ed8 1
80033e70 1
80033e46 1
80033e48 1
80033e4c 1
80033e50 1
80033e54 1
80033e58 1
80033e5c 1
80033e60 1
80033e64 1
80033e68 1
80033e6c 1
800308a6 1
80033e72 1
80033e76 1
80033e7a 1
80033e7e 1
80033e82 1
80033e84 1
80033e88 1
80033e8a 1
80033e8c 1
80033e90 1
80033e92 1
80011f98 1
80011f8a 1
8003b966 1
80011f8c 1
8003b96a 1
80011f90 1
80015808 1
80011f94 1
8001580c 1
8003b970 1
80011f96 1
8001580e 1
8003b972 1
80011f88 1
8003b974 1
80011f9a 1
80015812 1
8003b976 1
80011f9c 1
80015814 1
80011f9e 1
8003b97c 1
80011fa2 1
8003b980 1
80011fa6 1
8003b954 1
8003b946 1
80011f6c 1
800160d2 1
8003b948 1
80011f6e 1
8001b042 1
8003b94c 1
80011f72 1
80011f76 1
8003b952 1
80011f78 1
800160de 1
8001581e 1
80011f7a 1
80011f7c 1
800160e2 1
8003b958 1
80011f7e 1
8003b95a 1
80011f80 1
800160e6 1
8003b95e 1
80011f84 1
8003b962 1
8003b9bc 1
80011fd0 1
80011fd4 1
8003b9b2 1
80011fd8 1
8003b9b4 1
80011fda 1
80015852 1
8003b9b6 1
80011fdc 1
80011fde 1
8003b9ba 1
80011fe0 1
80011fce 1
80011fe2 1
8003b9c0 1
80011fe6 1
80011fea 1
80030220 1
8003b9c6 1
80011fec 1
8003b9c8 1
80011fee 1
80030226 1
8003b9cc 1
80011fb6 1
80011fa8 1
8003b984 1
80011faa 1
80015822 1
8003b988 1
80011fae 1
8003b98c 1
80011fb2 1
8003b98e 1
80011fb4 1
8003b990 1
80011f6a 1
80011fb8 1
8003b994 1
80011fba 1
8003b996 1
80011fbc 1
80011fc0 1
80011fc4 1
8003b9a2 1
80011fc8 1
80011fcc 1
8003b9a8 1
80011f1e 1
80015788 1
8003b8ec 1
80011f12 1
8003b8ee 1
80011f14 1
8001578c 1
8003b8f2 1
80011f18 1
80015790 1
8003b8f6 1
80011f1c 1
8003b8f8 1
80011f10 1
80011f20 1
8003b8fc 1
80011f22 1
80011f24 1
8003b900 1
80011f26 1
8003b904 1
80011f2a 1
80011f2e 1
8003b90a 1
80011f30 1
80011efa 1
8003b8c4 1
80011eea 1
8003b8c8 1
80011eee 1
80011ef2 1
8003b8ce 1
80011ef4 1
8003b8d0 1
80011ef6 1
8003b8d2 1
80011ef8 1
8003b8d4 1
80016096 1
8003b8d6 1
80011efc 1
8003b8da 1
80011f00 1
8003b8de 1
80011f04 1
8003b8e2 1
80011f08 1
8003b8e6 1
80011f0c 1
80015784 1
80011f5a 1
80011f4c 1
800160b2 1
8003b928 1
80011f4e 1
8003b92a 1
80011f50 1
800160b6 1
8003b92e 1
80011f54 1
8003b932 1
80011f58 1
8003b934 1
8003b926 1
8003b936 1
80011f5c 1
8003b938 1
80011f5e 1
80011f60 1
8003b93c 1
80011f62 1
800160c8 1
8003b940 1
80011f66 1
800160cc 1
80011f3e 1
8003b90c 1
80011f32 1
80016098 1
8003b910 1
80011f36 1
8001609c 1
80011f3a 1
8003b916 1
80011f3c 1
800160a2 1
8003b918 1
80011ff2 1
80011f40 1
800160a6 1
8003b91c 1
80011f42 1
800160a8 1
8003b91e 1
80011f44 1
8001b018 1
8003b922 1
80011f48 1
800160ae 1
8003ba62 1
800302ac 1
8003ba52 1
80012078 1
800302b0 1
8003ba56 1
8001207c 1
8003ba5a 1
80012080 1
800302b6 1
8003ba5c 1
80012082 1
80012084 1
80012076 1
80012088 1
8003ba66 1
8001208c 1
8003ba68 1
8001208e 1
800302c4 1
8003ba6a 1
80012090 1
80012092 1
800302c8 1
8001ba52 1
8001206a 1
8003ba38 1
8001205e 1
8001b132 1
80030296 1
80012062 1
8003ba3e 1
80012064 1
8003ba42 1
80012068 1
8001b13a 1
8003029e 1
8003ba44 1
8003ba6e 1
800302a2 1
8003ba48 1
8001206e 1
800302a4 1
8003ba4a 1
80012070 1
8003ba4c 1
80012072 1
800302a8 1
80012074 1
8003ba50 1
800120be 1
8003ba86 1
800120ac 1
8003ba88 1
800120ae 1
800120b2 1
800302ea 1
8003ba90 1
800120b6 1
8003ba92 1
800120b8 1
8003ba96 1
800120bc 1
800302e0 1
8003ba9a 1
800120c0 1
800302f8 1
8001ba82 1
8003ba9e 1
800120c4 1
800302fc 1
8003baa2 1
800120c8 1
8003baa4 1
800120ca 1
8002f580 1
80012094 1
8003ba70 1
80012096 1
800302ce 1
8001209a 1
800302d2 1
8001ba5c 1
8003ba78 1
8001209e 1
800302d6 1
800120a2 1
8001205a 1
8002f584 1
8002f588 1
8001a8e4 1
8002f590 1
8002f596 1
8003ba7e 1
800120a4 1
800302da 1
8003ba80 1
800120a6 1
800120aa 1
8001201e 1
80012014 1
8003024a 1
8003b9f0 1
80012016 1
8003b9f2 1
80012018 1
8001617e 1
8003024e 1
8001201a 1
8003b9f6 1
8001201c 1
8003b9f8 1
8003b9ee 1
8003b9fc 1
80012022 1
8003ba00 1
80012026 1
8001b0f8 1
8003025c 1
8001b9e6 1
8003ba02 1
80012028 1
8001b0fa 1
8003025e 1
8003b9da 1
8001586a 1
8003b9d0 1
80011ff6 1
80011ff8 1
8003022e 1
8003b9d4 1
80011ffa 1
8003b9d6 1
80011ffc 1
80030232 1
8003b9d8 1
80011ffe 1
8003ba04 1
80012000 1
8003b9de 1
80012004 1
8003023c 1
80012008 1
8003b9e4 1
8001200a 1
80015882 1
8003b9e6 1
8001200c 1
80012010 1
80030286 1
8003ba1a 1
80012040 1
80012044 1
8003027a 1
8003ba20 1
80012046 1
8003ba22 1
80012048 1
8003ba26 1
8001204c 1
8003ba2a 1
80012050 1
8001b110 1
8003ba2c 1
80012052 1
8001b124 1
8003ba2e 1
80012054 1
80012056 1
8001b128 1
8003028c 1
8003ba32 1
80012058 1
8003ba34 1
8001b106 1
8001202a 1
80030262 1
8001b9ec 1
8003ba08 1
8001202e 1
8001b102 1
80030266 1
8003ba0c 1
80012032 1
8003ba0e 1
80012034 1
80011ee8 1
8003026a 1
8003ba10 1
80012036 1
8001b108 1
8003026c 1
8003ba12 1
80012038 1
8001203a 1
8001b10c 1
8003ba16 1
8001203c 1
8003b73e 1
8003b730 1
80011d56 1
8003b734 1
80011d5a 1
8003b736 1
80011d5c 1
8003b738 1
80011d5e 1
8003b73a 1
80011d60 1
8003b73c 1
80011d62 1
80011d52 1
80011d64 1
80011d68 1
8003b746 1
80011d6c 1
8003b74a 1
80011d70 1
8003b74e 1
80011d74 1
8003b752 1
80011d78 1
8003b754 1
8003b718 1
80011d30 1
8003b70c 1
80011d32 1
8003b70e 1
80011d34 1
8003b710 1
80011d36 1
800155ae 1
8003b712 1
80011d38 1
80011d3a 1
800155b2 1
80011d7a 1
80011d3e 1
8003b71c 1
80011d42 1
8003b720 1
80011d46 1
8003b722 1
80011d48 1
8003b726 1
80011d4c 1
80011d4e 1
8003b72c 1
8003b78e 1
8003b77c 1
80011da2 1
8003b77e 1
80011da4 1
80011da6 1
8003b782 1
80011da8 1
8003b784 1
80011daa 1
8003b786 1
80011dac 1
80011db0 1
80011d9e 1
80011db4 1
8003b792 1
80011db8 1
80011dba 1
8003b798 1
80011dbe 1
8003b79a 1
80011dc0 1
8003b79e 1
80011dc4 1
8003b7a2 1
80011d8c 1
80011d7c 1
8001ae50 1
8003b75a 1
80011d80 1
80011d84 1
8003b760 1
80011d86 1
8003b762 1
80011d88 1
80011d8a 1
8003b766 1
8003b70a 1
8003b768 1
80011d8e 1
8003b76c 1
80011d92 1
8003b770 1
80011d96 1
8003b772 1
80011d98 1
8003b774 1
80011d9a 1
8003b778 1
8002f572 1
8003b690 1
80015e1c 1
8003b692 1
8003b696 1
8003b698 1
8003b69a 1
8003b69c 1
8003b6a0 1
80011cc6 1
8002f556 1
8002f560 1
8002f56e 1
8003b68e 1
8002f576 1
8003b6a2 1
80011cc8 1
8003b6a4 1
80011cca 1
80011cce 1
8003b6ac 1
80011cd2 1
8003b6b0 1
80011cd6 1
8003b6b4 1
80015df8 1
8003b642 1
8003b646 1
8003b648 1
8003b64c 1
8003b650 1
8003b652 1
8003b658 1
8003b65a 1
8003b65e 1
8003b662 1
8003b666 1
8003b66c 1
80011cda 1
8003b670 1
8003b672 1
8003b678 1
8003b67a 1
8003b67e 1
8003b680 1
80015e0c 1
8003b684 1
80015e10 1
8003b688 1
80015e14 1
80011d18 1
8003b6e4 1
80011d0a 1
8001b6ca 1
8003b6e6 1
80011d0c 1
8003b6e8 1
80011d0e 1
8001b6ce 1
80011d10 1
8003b6ee 1
80011d14 1
8003b6f2 1
80011d08 1
8003b6f6 1
80011d1c 1
8003b6fa 1
80011d20 1
8003b6fe 1
80011d24 1
80011d26 1
8003b702 1
80011d28 1
8001b6ea 1
80011d2c 1
8003b6ce 1
8003b6b8 1
80011cde 1
8003b6bc 1
80011ce2 1
8003b6c0 1
80011ce6 1
8003b6c4 1
80011cea 1
8003b6c8 1
80011cee 1
80011cf0 1
80011dc8 1
80011cf4 1
8003b6d0 1
80011cf6 1
8003b6d4 1
80011cfa 1
8003b6d8 1
80011cfe 1
8003b6dc 1
80011d02 1
80011d06 1
8003b6e2 1
80015ff4 1
80011e7e 1
8003b85a 1
80011e80 1
80011e82 1
8003b85e 1
80011e84 1
80011e88 1
8003b866 1
80011e8c 1
80015ff2 1
8003b868 1
80011e8e 1
8003b858 1
8003b86a 1
80011e90 1
8003b86e 1
80011e94 1
8003b872 1
80011e98 1
8003b874 1
80011e9a 1
8001b85a 1
8003b876 1
80011e9c 1
8001af3e 1
80011e58 1
8003b834 1
80011e5a 1
8003b838 1
80011e5e 1
8003b83c 1
80011e62 1
8003b840 1
80011e66 1
8001af3a 1
8003b844 1
80011e6a 1
8003b878 1
8003b848 1
80011e6e 1
80011e70 1
8003b84c 1
80011e72 1
8003b850 1
80011e76 1
8003b854 1
80011e7a 1
8003b856 1
80011e7c 1
80011ed6 1
8003b89e 1
80011ec4 1
8003b8a2 1
80011ec8 1
8003b8a4 1
80011eca 1
8003b8a6 1
80011ecc 1
8003b8aa 1
80011ed0 1
80011ed4 1
8003b8b0 1
80011ec0 1
8003b8b2 1
80011ed8 1
8003b8b4 1
80011eda 1
8003b8b6 1
80011edc 1
80011ede 1
8003b8bc 1
80011ee2 1
8003b8c0 1
80011ee6 1
8003b88c 1
80011e9e 1
80011ea0 1
8003b87c 1
80011ea2 1
8003b880 1
80011ea6 1
80011eaa 1
8003b886 1
80011eac 1
8003b888 1
80011eae 1
80011e56 1
80011eb2 1
8003b890 1
80011eb6 1
8003b892 1
80011eb8 1
8003b894 1
80011eba 1
8003b896 1
80011ebc 1
8003b898 1
80011ebe 1
80011e00 1
80011df2 1
80015f58 1
8003b7ce 1
80011df4 1
8003b7d0 1
80011df6 1
80011df8 1
8003b7d4 1
80011dfa 1
8003b7d6 1
80011dfc 1
8003b7da 1
8003b7cc 1
8003b7de 1
80011e04 1
8003b7e0 1
80011e06 1
8003b7e2 1
80011e08 1
8003b7e6 1
80011e0c 1
8003b7ea 1
80011e10 1
8003b7ec 1
8003b7b8 1
8003b7a4 1
80011dca 1
80011dcc 1
8003b7a8 1
80011dce 1
8003b7aa 1
80011dd0 1
8003b7ac 1
80011dd2 1
8003b7b0 1
80011dd6 1
80011dda 1
80011e12 1
80011dde 1
8003b7bc 1
80011de2 1
8003b7c0 1
80011de6 1
8003b7c2 1
80011de8 1
8003b7c4 1
80011dea 1
80015f50 1
80011dee 1
80011e40 1
80011e2e 1
800156a6 1
80011e30 1
8003b80c 1
80011e32 1
800156aa 1
80011e34 1
8003b810 1
80011e36 1
800156ae 1
80011e38 1
80011e3c 1
8003b808 1
80011e44 1
8003b820 1
80011e46 1
80011e48 1
8003b826 1
80011e4c 1
80011e50 1
8003b82c 1
80011e52 1
80011e54 1
8003b830 1
80011e1e 1
8001568a 1
8003b7ee 1
80011e14 1
8003b7f0 1
80011e16 1
8001568e 1
8003b7f2 1
80011e18 1
80011e1a 1
80015692 1
8003b7f8 1
8003baa8 1
80015696 1
8003b7fc 1
80011e22 1
8001569a 1
80011e24 1
8003b800 1
80011e26 1
8001569e 1
8003b804 1
80011e2a 1
800156a2 1
8003be8a 1
80012490 1
8003be6e 1
80012494 1
8003be72 1
8003be76 1
8002092a 1
8002bca6 1
8003be7a 1
8003be7e 1
8003be82 1
8003be86 1
800124ac 1
8003be6a 1
800124b0 1
8003be8e 1
8003be92 1
8003be96 1
8003be9a 1
8003be9c 1
8003be9e 1
8003bea2 1
800124c8 1
8003bea6 1
800124cc 1
8003be42 1
8003be2e 1
8002c0da 1
80020d66 1
8002c0e2 1
80020d6e 1
8002c0ea 1
80020d76 1
8003be32 1
80012458 1
8003be36 1
8001245c 1
8003be3a 1
8003beaa 1
8003be46 1
8003be4a 1
8003be4e 1
80012474 1
8003be52 1
80012478 1
8003be56 1
8003be5a 1
8003be5e 1
8003be62 1
8003be66 1
8003bef2 1
8001250c 1
8003bee8 1
8001250e 1
80012510 1
8003beec 1
80012512 1
8002f780 1
8002f784 1
8002f788 1
8002f79c 1
8001af26 1
8003beee 1
8003bee6 1
8003bef4 1
8003bef6 1
8003bef8 1
8003befe 1
8003bf00 1
8003bf04 1
8003bf06 1
8003bf08 1
8003bf0c 1
8003bf0e 1
8003bf10 1
8003becc 1
8003beae 1
8002bc70 1
8003beb2 1
8003beb6 1
8003beba 1
8003bebe 1
800124e4 1
8003bec2 1
800124e8 1
8003bec6 1
800124ec 1
8003be2c 1
8003bed4 1
8003bed6 1
8003bedc 1
80012502 1
8003bede 1
80012504 1
8003bee0 1
80012506 1
80012508 1
8003bee4 1
8001250a 1
800123e4 1
8003bd94 1
8003bd96 1
8003bd9a 1
800123c0 1
8003bd9e 1
800123c4 1
8003bda6 1
8003bdae 1
8003bdb2 1
800123dc 1
8003bdba 1
800123e0 1
8003bd8e 1
8003bdc0 1
8003bdc4 1
8003bdcc 1
8003bdce 1
8003bdd4 1
800123fa 1
8003bdd6 1
800123fc 1
800123fe 1
8003bdda 1
80012400 1
8003bd56 1
8003bd3e 1
8003bd40 1
8003bd46 1
8001236c 1
80012370 1
8003bd4e 1
8002c6fa 1
8002c4ea 1
80017c74 1
8002c506 1
800211e0 1
80016f5c 1
8003bddc 1
8003bd5c 1
8003bd5e 1
80012388 1
8003bd66 1
8001238c 1
8003bd6e 1
8003bd78 1
8003bd7a 1
800123a4 1
800123a8 1
8003bd86 1
8003be02 1
8003bdf2 1
80012418 1
8003bdf4 1
8001241a 1
8003bdf6 1
8001241c 1
8001241e 1
8003bdfa 1
80012420 1
8003bdfe 1
80012424 1
80012426 1
80012416 1
8002bc3a 1
8002c088 1
8003be0a 1
8003be0e 1
8003be10 1
8003be16 1
8001243c 1
80012440 1
8003be1e 1
80020920 1
8003be26 1
8002f75c 1
80012402 1
8003bdde 1
80012404 1
80012406 1
8003bde2 1
80012408 1
8003bde4 1
8001240a 1
8002f754 1
8001a1c6 1
8001aab4 1
8003bf14 1
8002f76c 1
8002f772 1
8003bde6 1
8001240c 1
8001240e 1
8003bdea 1
80012410 1
8003bdec 1
80012412 1
8003bdee 1
80012414 1
8003c104 1
80012710 1
8003c0ee 1
80012714 1
8003c0f2 1
80012718 1
8003c0f6 1
8001271c 1
80012720 1
8003c0fc 1
80012722 1
8003c100 1
80012726 1
8003c0ea 1
8001272a 1
8003c108 1
8003c10c 1
8003c110 1
8003c114 1
8003c116 1
8003c11a 1
8003c122 1
8003c126 1
8003c12a 1
8003c12e 1
800126f8 1
8003c0c0 1
8003c0c2 1
8003c0c4 1
8003c0c8 1
8003c0ca 1
8002f7f0 1
8003c0cc 1
800126f2 1
8003c0ce 1
800126f4 1
800126f6 1
8003c0d2 1
8003c132 1
8003c0d4 1
800126fa 1
8003c0d6 1
800126fc 1
80012700 1
8003c0de 1
80012704 1
8003c0e2 1
80012708 1
8003c0e6 1
8001270c 1
8003c1c8 1
8003c1a2 1
8003c1a6 1
8003c1aa 1
8003c1ae 1
8003c1b2 1
8003c1b4 1
8003c1b8 1
8003c1ba 1
8003c1bc 1
8003c1c2 1
8003c1c6 1
800127ec 1
8003c19e 1
800127ee 1
800127f0 1
8003c1cc 1
800127f2 1
8003c1ce 1
800127f4 1
8002f7fe 1
8002f802 1
8002f80c 1
8002f81c 1
8003c1d0 1
8003c162 1
8003c136 1
8003c13a 1
8003c13e 1
8003c142 1
8003c146 1
8003c14a 1
8003c14e 1
8003c152 1
8003c156 1
8003c15a 1
8003c15e 1
8003c0be 1
8003c166 1
8003c16a 1
8003c16e 1
8003c172 1
8003c176 1
8003c17a 1
8003c17e 1
8003c182 1
8003c186 1
8003c18a 1
8003c19a 1
8003bfb8 1
8003bf84 1
8003bf88 1
8003bf8c 1
8003bf8e 1
8003bf92 1
8003bf96 1
8003bf9a 1
8003bfa2 1
8003bfa4 1
8003bfaa 1
8003bfac 1
8003bfb4 1
8003bf80 1
8003bfbc 1
8003bfc0 1
8003bfc2 1
8003bfc4 1
8003bfc8 1
8003bfd6 1
8003bfda 1
8003bfde 1
8003bfe2 1
8003bfe6 1
8003bfec 1
8003bf4c 1
8003bf16 1
8003bf1a 1
8003bf1e 1
8003bf22 1
8003bf26 1
8003bf2c 1
8003bf2e 1
8003bf32 1
8003bf34 1
8003bf3c 1
8003bf44 1
8003bf4a 1
8002f7b2 1
8003bf50 1
8003bf52 1
8003bf5a 1
8003bf5e 1
8003bf62 1
8003bf66 1
8003bf6a 1
8003bf6e 1
8003bf70 1
8003bf78 1
8003bf7c 1
8003c082 1
8003c042 1
8003c046 1
8003c04a 1
8003c052 1
8003c05e 1
8003c062 1
8003c066 1
8003c06a 1
8003c06e 1
8003c072 1
8003c076 1
8003c07e 1
8003c03e 1
8003c086 1
8003c08a 1
8003c08e 1
8003c096 1
8003c09a 1
8003c09e 1
8003c0a2 1
8003c0aa 1
8003c0ae 1
8003c0b6 1
8003c0ba 1
8003c00a 1
8002f7b8 1
8001af42 1
8002f7d4 1
8002f7d8 1
8002f7dc 1
8002f7e6 1
8003bffa 1
8003bffc 1
8003bffe 1
8003c002 1
8003c006 1
8003bd32 1
8003c00e 1
8003c012 1
8003c016 1
8003c01a 1
8003c01e 1
8003c022 1
8003c026 1
80016666 1
8002bb7e 1
8002bb86 1
8003c02e 1
8003bb98 1
8003bb62 1
8003bb66 1
8003bb6a 1
8003bb6e 1
8003bb72 1
8003bb76 1
8003bb7a 1
8003bb7e 1
8003bb82 1
8003bb8a 1
8003bb8e 1
8003bb94 1
8003bb5e 1
8003bb9c 1
8003bba0 1
8003bba4 1
8003bba8 1
8003bbb4 1
8003bbbc 1
8003bbc0 1
8003bbc4 1
800121ea 1
8002f5d4 1
8002f5d8 1
8003bb36 1
80012136 1
8003036c 1
80012138 1
80030370 1
8003bb16 1
80030374 1
8003bb1e 1
8003bb22 1
8003bb26 1
8003bb2a 1
80030388 1
8003bb2e 1
8002f5de 1
8003bb3a 1
8003bb3e 1
8003bb42 1
800303a0 1
8003bb46 1
8003bb4a 1
8003bb4e 1
800303ac 1
8003bb52 1
8003bb56 1
8003bb5a 1
8003bc4e 1
8003bc1e 1
8003bc22 1
8003bc26 1
8003bc2a 1
8003bc2e 1
8003bc32 1
8003bc36 1
8003bc3a 1
8003bc3e 1
8003bc42 1
8003bc46 1
8003bc4a 1
8003bc1a 1
8003bc52 1
8003bc56 1
8003bc5a 1
8003bc5e 1
8003bc62 1
8003bc66 1
8003bc6a 1
8003bc6e 1
8003bc76 1
8003bc7a 1
8003bc7e 1
8003bbea 1
8003bbc6 1
800121ec 1
800121f0 1
8003bbce 1
800121f4 1
8003bbd2 1
8003bbd6 1
8003bbda 1
8003bbde 1
8003bbe2 1
8003bbe6 1
8003bb10 1
8003bbee 1
8003bbf2 1
8003bbf6 1
8003bbfa 1
8003bbfe 1
8003bc02 1
8003bc06 1
8003bc0a 1
8003bc0e 1
8003bc12 1
8003bc16 1
800120f6 1
8003bac6 1
800120ec 1
80030322 1
8003bac8 1
800120ee 1
8001b1c2 1
80030326 1
800120f2 1
8003bace 1
800120f4 1
8001b1c6 1
8003bad0 1
80030320 1
8001b1ca 1
8003032e 1
800120fa 1
8003bad8 1
800120fe 1
80030334 1
8003bada 1
80012100 1
80030338 1
8003bade 1
80012104 1
8003bab6 1
800120ce 1
80030304 1
800120d0 1
80030306 1
8003baac 1
800120d2 1
8003030a 1
8003bab0 1
800120d6 1
8003030e 1
8003bab4 1
800120da 1
80012106 1
800120dc 1
80030314 1
8003baba 1
800120e0 1
800120e2 1
80030318 1
8003babe 1
800120e4 1
8003031c 1
8003bac2 1
800120e8 1
8002f5b0 1
80012128 1
8003035e 1
8003bb04 1
8001212a 1
8001212c 1
80012130 1
80030368 1
8003bb0e 1
80012134 1
8001a8f8 1
8002f5a8 1
8002f5ac 1
8003bb02 1
8002f5b4 1
8002f5ba 1
8002f810 1
8002f814 1
8002f818 1
800158ba 1
800158be 1
8002bfa6 1
8002bfb6 1
8002f5c2 1
8002f5c6 1
80012116 1
8003033c 1
8003bae2 1
80012108 1
8003bae6 1
8001210c 1
8003baea 1
80012110 1
80030346 1
8003baec 1
80012112 1
8003034a 1
8003bc82 1
8003034c 1
8003baf2 1
80012118 1
8003baf4 1
8001211a 1
8003baf8 1
8001211e 1
8003bafc 1
80012122 1
80030358 1
80012124 1
80012314 1
80012306 1
80012308 1
8003bce4 1
8001230a 1
8003bce6 1
8001230c 1
8001230e 1
8003bcea 1
80012310 1
8003bcec 1
80012312 1
8003bcee 1
8003bce0 1
80012316 1
8003bcf2 1
80012318 1
8003bcf6 1
8001231c 1
8001231e 1
8003bcfa 1
8003bcfe 1
8002bbb2 1
8002bf3a 1
80020bd0 1
8002f72a 1
8002f6e4 1
8001ae6e 1
8002f6e8 1
8001ae72 1
8002f6ec 1
8001ae76 1
8002f6fa 1
8002f700 1
8002f708 1
8002f71c 1
8002f720 1
8002f724 1
8003bd02 1
8002f72e 1
8001aa88 1
8002f732 1
8001aa90 1
8002f738 1
8002f746 1
8002f74a 1
8002f74e 1
8001aaa8 1
8003bcde 1
80012304 1
8002c002 1
8002c0fc 1
80020d88 1
8002c110 1
8003bd1e 1
8003bd24 1
8003bd26 1
8002bfba 1
80020c46 1
8002bb90 1
8002bfc2 1
80020c4e 1
8002bfca 1
8002bc82 1
8002c00a 1
80020c96 1
8002c012 1
8002bbf2 1
80020cb0 1
8002c038 1
8002c040 1
8002bf94 1
8002bfa8 1
80012350 1
80012354 1
8002100e 1
8003bd06 1
8003bd0a 1
8003bd0e 1
80012334 1
8003bd12 1
80012338 1
8003bd16 1
8003bd1a 1
8002bbd8 1
80020864 1
80021004 1
8001ae6a 1
8002c39e 1
8002c3a6 1
8002c3ae 1
8002c3ca 1
8002c3e6 1
8002c3ee 1
8002c3f6 1
8002bbe0 1
8002bc0e 1
80020d02 1
8002c080 1
8002f648 1
8001a962 1
8002f60a 1
8002f60e 1
8001a07e 1
8002f614 1
8002f61c 1
8002f620 1
8002f624 1
8002f62a 1
8002f63c 1
8002f640 1
8002f644 1
8002f606 1
8001a9b0 1
8002f660 1
8002f664 1
8002f66e 1
8002f686 1
8002f68a 1
8002f68e 1
8002f694 1
8002f69c 1
80016604 1
8002ba72 1
8003bcc2 1
8003bc8a 1
8003bc92 1
8003bc9a 1
8003bc9e 1
8003bca2 1
8003bca6 1
8003bcaa 1
8003bcae 1
8003bcb2 1
8003bcb6 1
8003bcba 1
8001690e 1
8003bcc6 1
8003bcca 1
8003bcd0 1
8003bcd8 1
80012302 1
8002f5e6 1
8002f5ea 1
8002f5f0 1
8001a062 1
8002f5f8 1
8002f602 1
8001ae46 1
8001ae2c 1
8002f6a6 1
8001ae30 1
8002f6aa 1
8001ae34 1
8002f6ae 1
8001ae38 1
8002f6b2 1
8001ae3c 1
8002f6b6 1
8001ae40 1
8002f6bc 1
8002f6a2 1
8002f6c0 1
8001ae4a 1
8002f6c4 1
8001ae4e 1
8002f6c8 1
8002f6cc 1
8002f6d0 1
8002f6d4 1
8002f6d8 1
8001ae62 1
8002f6e0 1
8002bf66 1
80016942 1
8001694e 1
80016810 1
8002bf26 1
8002f7a0 1
8001af2a 1
8002bf2a 1
8002f7a4 1
8001af2e 1
8002bf32 1
8002f7aa 1
8003b63e 1
8002bf7a 1
8002f7f4 1
8002f7f8 1
8001589a 1
80016188 1
8002bf82 1
8001a26a 1
800158a6 1
8002bf8e 1
8002f806 1
800158aa 1
8003b0be 1
8002bfee 1
80016e8a 1
8002fd44 1
8001abe0 1
8003b0b8 1
800116de 1
8003b0ba 1
800116e0 1
8001abc4 1
8002f86c 1
800116e2 1
8002fd4a 1
800116da 1
8001abc8 1
8002f870 1
8002fd4e 1
8003b0c2 1
8002f874 1
8002fd52 1
8003b0c8 1
8002fd56 1
8002f87c 1
8002fd5a 1
8001abd8 1
8002bfe6 1
800158f6 1
8002bfde 1
800116cc 1
8002f858 1
8003b0a8 1
800116ce 1
80016e7e 1
8002fd36 1
800116d0 1
8002f85c 1
8003b0ac 1
800116d2 1
8002f880 1
80016e82 1
800116d4 1
8002f860 1
8001a7a6 1
8002fd3c 1
8003b0b0 1
800116d6 1
800116d8 1
8002f864 1
8002fd40 1
8003b0b4 1
8002fd9e 1
8002fd84 1
8003b0f8 1
8003b0fa 1
8003b0fe 1
8002fd90 1
8003b104 1
80011730 1
8002fd98 1
8001ac34 1
8003b10c 1
80011732 1
80011736 1
8003b0f4 1
8003b112 1
8002fda2 1
8003b116 1
8002fda4 1
8001ac40 1
8003b11a 1
8002fda8 1
8003b11e 1
8002fdac 1
8003b120 1
8003b128 1
80011708 1
8002fd5c 1
8001abf8 1
8003b0d0 1
8002fd60 1
8001abfc 1
8003b0d4 1
8002f888 1
8003b0dc 1
80011706 1
8002fd6e 1
8003b0e2 1
800116ca 1
8002f894 1
8001170c 1
8002f898 1
8001b022 1
8003b0e8 1
8003b0f0 1
8001a30c 1
8002f8a4 1
8001b02e 1
8002fd80 1
8001ac1c 1
8002c16c 1
80011848 1
8003b224 1
8001184a 1
8002c160 1
80016ffc 1
8002c162 1
8003b228 1
8001184e 1
8002c166 1
8002feba 1
8003b22e 1
80011854 1
8003b222 1
80017008 1
8001185a 1
8001185e 1
80011862 1
80011866 1
8002fed4 1
8001186e 1
8003b24c 1
80011872 1
8003b250 1
80011876 1
8002fea2 1
800166f4 1
8002c148 1
8000276e 1
8002fe9a 1
8003b20e 1
80011834 1
8002c14c 1
80002772 1
8002fe9e 1
80011838 1
8002c150 1
80016fec 1
8003b254 1
8003b216 1
8001183c 1
8002c154 1
8002c158 1
8002feaa 1
8003b21e 1
80011844 1
8002c15a 1
80016ff6 1
80016ff8 1
8002feae 1
8003b09c 1
8002f480 1
8002fd22 1
800116bc 1
8003b098 1
800116be 1
800158ea 1
8002bfd2 1
8002fd26 1
8003b09a 1
800116c0 1
8002f84c 1
8002fd28 1
8001ac00 1
800116c2 1
8002bfd6 1
8002fd2a 1
800116c4 1
8002f850 1
8003b0a0 1
800116c6 1
8002fd2e 1
800116c8 1
8002f854 1
8003b0a4 1
80011886 1
8001187a 1
80015aa8 1
8002c190 1
80015aac 1
8002c194 1
8002fee6 1
80011880 1
80015ab0 1
8002c198 1
8002feec 1
8003b260 1
8002fdb6 1
80015ab4 1
8002c19c 1
8002fef0 1
8003b264 1
8001188a 1
8002f466 1
8002f468 1
8002f46a 1
8002f46e 1
8002f472 1
8002f476 1
8003b218 1
8002fe82 1
8003b1f6 1
8001181c 1
8003b1f8 1
8001181e 1
8002fe86 1
8003b1fa 1
80011820 1
8003b1fe 1
80011824 1
8002fe8e 1
80011828 1
8001a8ec 1
8001183e 1
8003b21c 1
80011842 1
8002feb6 1
8003b22a 1
80011850 1
8002febc 1
8003b230 1
80011856 1
8002f4a8 1
8002f4ac 1
8001ac24 1
8002fe72 1
8002fe76 1
8003b1ea 1
80011810 1
8003b1ec 1
80011812 1
8003b1ee 1
80011814 1
8002f490 1
8002f496 1
8001ac20 1
8002f49a 1
8002f4b0 1
8002f49e 1
8001ac28 1
8002fe7c 1
8003b1f0 1
80011816 1
8002fe7e 1
80011818 1
8002fe80 1
8001b60a 1
8003b1f4 1
8001181a 1
80019f78 1
8002f4de 1
8001ac68 1
8002f4e6 1
8001ac70 1
8002f4ea 1
8001ac74 1
8002f4f0 1
8001ac7a 1
8002f4f8 1
8002f4fc 1
8002f502 1
8002f50a 1
8002f4d4 1
8002f50e 1
8002f514 1
8002f518 1
8002f51c 1
80019f8a 1
8001a878 1
8002f520 1
8002f538 1
8002f53c 1
8002f540 1
8002f544 1
8003b242 1
8002f4b4 1
8002f4be 1
8001ac48 1
8001a818 1
8002fec2 1
8003b236 1
8001185c 1
8002feca 1
8003b23e 1
80011864 1
8002fece 1
8003b1e4 1
80011868 1
8002fed2 1
8003b246 1
8001186c 1
8002fed6 1
8003b24a 1
80011870 1
8002f4cc 1
8001ac56 1
8002f4d0 1
8001ac5a 1
8003b176 1
8001177e 1
8003b15c 1
80011782 1
8002fdea 1
8002fdee 1
8002fdf0 1
8003b164 1
8003b168 1
8002fdf6 1
8003b16c 1
8002fdfc 1
8002fe02 1
8003b158 1
8002fe04 1
800117a2 1
8001a874 1
8002fe0a 1
8003b17e 1
800117a4 1
8003b182 1
800117a8 1
8002fe10 1
8003b18a 1
8002fe1a 1
8003b140 1
8003b12a 1
8003b130 1
80011756 1
80011758 1
8003b136 1
8001175c 1
8002fdc4 1
8001ac60 1
8001b54e 1
8003b138 1
8003b13c 1
8002fdcc 1
8003b18e 1
8002fdce 1
8002fdd0 1
8001b55a 1
8003b144 1
8001b12a 1
8002fdd6 1
8003b150 1
8002fdde 1
8002fde2 1
8001177c 1
8002fde4 1
8002fe5c 1
8003b1bc 1
8003b1c0 1
8002fe4e 1
8003b1c2 1
8002fe50 1
8002fe54 1
8003b1c8 1
800117ee 1
8002fe56 1
8003b1ca 1
800117f0 1
8002fe58 1
8002fe48 1
8003b1d0 1
8002fe5e 1
8003b1d2 1
8002fe62 1
8003b1d6 1
8003b1d8 1
8002fe66 1
8002fe6a 1
8003b1de 1
8002fe6e 1
8003b1e2 1
8003b1a4 1
8002fe1c 1
8003b192 1
8002fe22 1
8003b196 1
8003b19a 1
8002fe28 1
8002fe2a 1
8003b19e 1
8002fe2e 1
8003b1a2 1
800117c8 1
8002c146 1
800117ca 1
8003b1a8 1
800117ce 1
8002fe36 1
8003b1aa 1
8002fe3c 1
8003b1b0 1
8002fe3e 1
8003b1b2 1
8003b1b4 1
8003b1b8 1
8001a96e 1
8002f1d2 1
8002f1d4 1
8001a070 1
8001a95e 1
8002f1d6 1
8002f1da 1
8002f1dc 1
8001a966 1
8002f1de 1
8002f1e0 1
8001a96a 1
8002f1e4 1
8001a95a 1
8002f1e8 1
8002f1ea 1
8001a086 1
8002f1ee 1
8001a08a 1
8002f1f0 1
8002f1f2 1
8001a08e 1
80016818 1
8002f1f8 1
8001a094 1
8002f1be 1
8002f1a0 1
8002f1a2 1
8002f1a4 1
8002f1a6 1
8002f1aa 1
8002f1ac 1
8002f1ae 1
8002f1b4 1
8002f1b6 1
8002f1b8 1
8001a054 1
8002f1ba 1
8001681c 1
8001a05a 1
8001a948 1
8002f1c0 1
8002f1c4 1
8001a94e 1
8002f1c8 1
8001a952 1
8002f1cc 1
8001a956 1
8002f1d0 1
8001a06c 1
8002f248 1
8001a9b6 1
8002f22e 1
8002f232 1
8001a9bc 1
8002f234 1
8001a9be 1
8002f238 1
8001a9c2 1
8002f23c 1
8001a9c6 1
8002f240 1
8001a9ca 1
8002f22c 1
8002f24c 1
8002f250 1
8002f254 1
8002f25a 1
8002f25c 1
8002f260 1
8002f264 1
8002f268 1
8002f26c 1
8002f26e 1
8002f270 1
8002f21e 1
8002f1fa 1
8002f1fe 1
8002f202 1
8002f206 1
8002f20c 1
8002f20e 1
8002f210 1
8002f212 1
8002f216 1
8002f218 1
8002f21a 1
8002f19c 1
8001a578 1
8002f220 1
80016844 1
8002f222 1
8002f224 1
80016848 1
8002f228 1
8001a9b2 1
8001684c 1
8002f22a 1
8001a9b4 1
8001a892 1
8002f0ea 1
80019f86 1
8002f0ec 1
8002f0f0 1
8001a87a 1
8002f0f4 1
8001a87e 1
8002f0fa 1
8002f0fe 1
8002f106 1
80019fa2 1
8002f108 1
8001a872 1
8002f10a 1
8002f10e 1
8002f110 1
8001a89a 1
8002f112 1
8001673c 1
8002f11a 1
8002f11c 1
8002f11e 1
8002f124 1
8002f128 1
8002f0ca 1
8002f0a8 1
8002f0ac 1
8002f0ae 1
8002f0b0 1
8002f0b2 1
8002f0b6 1
8001a410 1
8002f0b8 1
8002f0ba 1
8002f0c0 1
8002f0c4 1
8002f0c6 1
8002f12c 1
8002f0cc 1
8002f0d0 1
8002f0d6 1
8002f0d8 1
8002f0da 1
8002f0de 1
8002f0e0 1
8002f0e2 1
8002f0e6 1
80019f82 1
8002f0e8 1
8001a904 1
8002f16a 1
8001a8f4 1
8002f16c 1
80019bda 1
8001a4c8 1
8002f170 1
8002f172 1
8001a8fc 1
8002f174 1
8002f176 1
8001a900 1
8002f17a 1
8001a4c0 1
8002f17e 1
8002f182 1
8002f186 1
8002f188 1
8002f18c 1
8002f18e 1
8002f190 1
8002f192 1
8002f196 1
8002f198 1
8002f19a 1
8001a8dc 1
8002f12e 1
8002f130 1
8002f134 1
8002f138 1
8002f13e 1
8002f140 1
8002f142 1
8002f144 1
8002f14a 1
8002f14e 1
8002f152 1
8002f272 1
80019bbe 1
8002f154 1
8001a8de 1
8002f156 1
8002f158 1
8001a8e2 1
8002f15e 1
8001a8e8 1
8002f162 1
8002f166 1
8001a8f0 1
8002f3f0 1
8002f3d4 1
8002f3d6 1
8001a272 1
8002f3da 1
8002f3dc 1
8002f3de 1
8002f3e2 1
8002f3e4 1
8002f3e8 1
8001a742 1
8002f3ea 1
8002f3ee 1
8002f3d0 1
8002f3f4 1
8002f3f6 1
8002f3fc 1
8001ab86 1
8002f400 1
8001ab8a 1
8002f406 1
8001ab90 1
8002f408 1
8001ab92 1
8002f40c 1
8002f3a8 1
8002f384 1
8002f386 1
8002f38c 1
8002f390 1
8002f392 1
8002f396 1
8002f398 1
8002f39a 1
8002f39e 1
8002f3a0 1
8002f3a2 1
8002f3a6 1
8001ab96 1
8002f3ac 1
8002f3ae 1
8002f3b2 1
8002f3b4 1
8002f3b8 1
8002f3ba 1
8002f3be 1
8002f3c0 1
8002f3c4 1
8002f3c6 1
8002f3cc 1
8002f462 1
8002f440 1
8002f442 1
8001abcc 1
8002f44a 1
8001abd4 1
80019eb6 1
8002f44c 1
8002f450 1
8002f454 1
8002f456 1
8002f45c 1
8002f45e 1
8002f43c 1
8001abec 1
80011822 1
8002c13e 1
8002c140 1
8002fe92 1
8003b206 1
8001182c 1
8002c144 1
8002fe96 1
8003b20a 1
80011830 1
8002f420 1
8002f40e 1
8001ab98 1
80019e7c 1
8002f412 1
8001ab9c 1
8002f414 1
8001ab9e 1
8002f418 1
8001aba2 1
8002f41a 1
8002f41e 1
8002f380 1
8001abaa 1
8002f424 1
8002f426 1
8001abb0 1
8002f42a 1
8001abb4 1
8002f42c 1
8002f430 1
8002f432 1
8001abbc 1
8002f438 1
8002f2dc 1
8002f2bc 1
8002f2be 1
8002f2c0 1
8002f2c4 1
8002f2c6 1
8002f2c8 1
8002f2ce 1
8001a628 1
8002f2d0 1
8002f2d4 1
8002f2d8 1
8002f2da 1
8002f2ba 1
8002f2de 1
8002f2e2 1
8001a63c 1
8002f2e4 1
8002f2e6 1
8002f2e8 1
8002f2ec 1
8002f2ee 1
8002f2f0 1
8002f2f2 1
8002f2f6 1
8002f29a 1
8002f278 1
8002f27c 1
8002f280 1
8002f284 1
8002f28a 1
8002f28c 1
8002f28e 1
8002f290 1
8002f294 1
8002f296 1
8002f298 1
8002f2f8 1
8002f29e 1
8002f2a0 1
8002f2a2 1
8002f2a4 1
8002f2a8 1
8002f2aa 1
8002f2ac 1
8002f2ae 1
8002f2b2 1
8002f2b4 1
8002f2b6 1
8002f358 1
8002f33a 1
80019da6 1
8002f33c 1
8002f340 1
8002f342 1
8002f346 1
8002f348 1
8002f34c 1
80019db8 1
8002f34e 1
8002f352 1
8002f354 1
8001aabe 1
8002f35a 1
8002f35e 1
8002f360 1
8002f364 1
8002f366 1
8002f368 1
8002f36c 1
8002f36e 1
8002f372 1
8002f37a 1
8002f37e 1
8002f314 1
8002f2fc 1
8001aa86 1
8001a658 1
8002f300 1
8001aa8a 1
8002f304 1
8001aa8e 1
8002f308 1
8001aa92 1
8002f310 1
8001a66c 1
8002f54e 1
8002f316 1
8001aaa0 1
8002f31c 1
8002f320 1
8002f322 1
8001aaac 1
80019d92 1
8001a680 1
8002f328 1
8002f32c 1
8002f334 1
80011aa4 1
80030102 1
80011a9c 1
80030104 1
8003b478 1
80011a9e 1
80015c04 1
80030108 1
8003b47c 1
80011aa2 1
80015c08 1
8003010a 1
8003b47e 1
80011a9a 1
8003010e 1
8003b482 1
80011aa8 1
80011aaa 1
80015c10 1
80030112 1
8003b486 1
80011aac 1
80030116 1
8003b48a 1
80011ab0 1
800300f4 1
8003b458 1
80011a7e 1
800300e6 1
8003b45a 1
80011a80 1
80011a84 1
800300ec 1
8003b460 1
80011a86 1
800300f0 1
8003b464 1
80011a8a 1
80030118 1
80011a8e 1
8003b46a 1
80011a90 1
800300f8 1
8003b46c 1
80011a92 1
800300fc 1
8003b470 1
80011a96 1
80030100 1
8003b474 1
8003013c 1
8001b8ba 1
8003b4a4 1
80011aca 1
80030134 1
8003b4a8 1
80011ace 1
8001aba0 1
80011ad0 1
8001aba4 1
8001b492 1
8003013a 1
80011ad4 1
80030130 1
8001b8c6 1
8003b4b0 1
80011ad6 1
80015c3c 1
8001aba8 1
8003013e 1
8003b4b2 1
80011ad8 1
8001abac 1
80030142 1
8003b4b6 1
80015336 1
8003b48c 1
80011ab2 1
8003011c 1
8001b8a6 1
8003b490 1
80011ab6 1
8003b494 1
80011aba 1
80011abc 1
8003b498 1
80011abe 1
80011a7c 1
80030128 1
8003b49c 1
80011ac2 1
8001533a 1
8003012c 1
8001b8b6 1
8003b4a0 1
80011ac6 1
8003012e 1
8003b4a2 1
80011ac8 1
800300b0 1
800300a0 1
8003b414 1
80011a3a 1
80011a3c 1
8003b41a 1
80011a40 1
800300a8 1
8003b41c 1
80011a42 1
8001683e 1
80011a44 1
80011a48 1
80016832 1
8001af4c 1
8003b424 1
80011a4a 1
800300b4 1
8003b428 1
80011a4e 1
800300b6 1
8001b840 1
8003b42a 1
80011a50 1
800300b8 1
80011a26 1
8003b3f6 1
80011a1c 1
8003b3f8 1
80011a1e 1
80030086 1
8001af22 1
80011a20 1
80030088 1
8003b3fc 1
80011a22 1
8003008c 1
8003b400 1
8003b42c 1
80016822 1
8003b404 1
80011a2a 1
80016826 1
80011a2e 1
8001682a 1
8003b40a 1
80011a30 1
8003b40c 1
80011a32 1
80011a36 1
800300d8 1
800300ce 1
80011a68 1
800300d2 1
8003b446 1
80011a6c 1
800300d4 1
8003b448 1
80011a6e 1
800152e6 1
800300d6 1
8003b44a 1
80011a70 1
800152de 1
80011a72 1
800152ea 1
800300dc 1
8001b866 1
8003b450 1
80011a76 1
800152ee 1
800300de 1
8003b452 1
80011a78 1
800300e2 1
800300c4 1
80011a52 1
800300bc 1
8001b846 1
8003b430 1
80011a56 1
800152ce 1
8003b432 1
80011a58 1
800300c2 1
8003b436 1
80011a5c 1
80011adc 1
8003b438 1
80011a5e 1
800152d6 1
8003b43a 1
80011a60 1
800300ca 1
80011a64 1
800300cc 1
8001b856 1
8003b440 1
80011a66 1
8003b572 1
800301ea 1
800301ec 1
8003b560 1
800301f0 1
8003b568 1
8003b56a 1
800301f8 1
8001b982 1
8003b56c 1
800301fc 1
8001b986 1
8003b570 1
8003b55c 1
80030202 1
8003b576 1
80030204 1
8003b578 1
80015416 1
80015d04 1
80030206 1
8003b57a 1
8003b57e 1
8003020c 1
8001b996 1
8003b546 1
800301c6 1
8003b53a 1
800301c8 1
8003b53c 1
800301ca 1
8003b53e 1
800301cc 1
8003b540 1
800301d0 1
8003b544 1
8001ac3c 1
800301d2 1
8003b580 1
800301d6 1
8003b54a 1
800301d8 1
8003b54c 1
800301da 1
8003b54e 1
800301de 1
8003b552 1
8003b554 1
8003b558 1
800301e8 1
8003b610 1
8003b5d8 1
8003b5dc 1
8003b5e0 1
8003b5e4 1
8003b5e8 1
8003b5ec 1
8003b5f0 1
8003b5f4 1
8003b5fc 1
8003b602 1
8003b604 1
8003b60e 1
8003b5d2 1
8003b618 1
8003b61a 1
8003b620 1
8003b622 1
8003b626 1
8003b62a 1
8003b62c 1
8003b630 1
8003b634 1
8003b638 1
8003b63a 1
8003b5a2 1
80030210 1
8003b584 1
80030214 1
8003b588 1
80030216 1
8003b58a 1
8003b58c 1
8003b590 1
8003b594 1
8003b596 1
8003b59c 1
8003b536 1
8003b5a4 1
8003b5a6 1
8003b5aa 1
8003b5b0 1
8003b5b6 1
8003b5b8 1
8003b5bc 1
8003b5c2 1
8003b5c4 1
8003b5c8 1
8003b5d0 1
8003b4ea 1
80030168 1
8003b4dc 1
80011b02 1
8003016c 1
8003b4e0 1
80011b06 1
8003016e 1
8003b4e2 1
80011b08 1
80030172 1
8003b4e6 1
80011b0c 1
80011afe 1
80011b10 1
80030178 1
80011b12 1
8003b4f0 1
80011b16 1
8002ba76 1
80016912 1
8001abe8 1
8003b4f2 1
80011b18 1
80030182 1
80030154 1
80030144 1
80011ade 1
80030148 1
80011ae2 1
80011ae6 1
8001abb8 1
8001b4a6 1
8003b4c2 1
80011ae8 1
80030150 1
8003b4c4 1
80011aea 1
8001b01e 1
80011aee 1
80030158 1
8003b4cc 1
80011af2 1
8003015a 1
8003b4ce 1
80011af4 1
80011af6 1
8003b4d4 1
80011afa 1
80030164 1
8001693e 1
8001ac08 1
8003019e 1
8001b03a 1
80011b38 1
800301a2 1
8001b92c 1
8003b516 1
80011b3c 1
800301a4 1
8003b518 1
8001693a 1
8003b51c 1
80011b36 1
800301ac 1
8003b520 1
8003b524 1
800301b2 1
8003b52a 1
800301b8 1
8003b52e 1
800301be 1
8003b532 1
800301c0 1
8003b534 1
80011b28 1
80011b1c 1
80030184 1
8003b4f8 1
80011b1e 1
8001abf0 1
8003b4fa 1
80011b20 1
8001abf4 1
8003b4fe 1
80011b24 1
8003b502 1
80011a18 1
80030190 1
8001b02c 1
8003b504 1
80011b2a 1
8003b506 1
80011b2c 1
80030196 1
8003b50a 1
80011b30 1
80011b32 1
8003b510 1
8002ff88 1
8001b704 1
8003b2ee 1
80011914 1
8002ff7c 1
8003b2f0 1
80011916 1
8003b2f2 1
80011918 1
8002ff82 1
8003b2f6 1
8001191c 1
8001191e 1
8002ff7a 1
8003b2fc 1
80011922 1
8002ff8a 1
8003b2fe 1
80011924 1
8002ff8c 1
8003b300 1
80011926 1
8002ff90 1
8003b304 1
8001192a 1
8002ff6e 1
800118f8 1
8003b2d6 1
800118fc 1
8002ff66 1
8003b2da 1
80011900 1
8002ff68 1
8003b2dc 1
80011902 1
8002ff6c 1
8003b2e0 1
80011906 1
8002ff92 1
8003b2e2 1
80011908 1
8002ff70 1
8001b6fa 1
8003b2e4 1
8001190a 1
8003b2e8 1
8001190e 1
8003b2ea 1
80011910 1
8001a9e4 1
8001194e 1
8003b31e 1
80011944 1
8002ffac 1
8003b320 1
80011946 1
8003b322 1
80011948 1
8002ffb0 1
8001ae4c 1
8003b324 1
8001194a 1
8003b328 1
80011942 1
8002ffb8 1
8001ae54 1
8003b32c 1
80011952 1
8002ffba 1
80011954 1
8002ffbc 1
8001ae58 1
8003b330 1
80011956 1
8002ffc0 1
8003b310 1
8001ae2e 1
8001192c 1
8002ff94 1
8003b308 1
8001192e 1
8002ff98 1
8001b722 1
8003b30c 1
80011932 1
80011934 1
8002ff9c 1
8003b2d2 1
80011936 1
8002ff9e 1
8003b312 1
80011938 1
8003b316 1
8001193c 1
8002ffa4 1
8003b318 1
8001193e 1
8002ffa8 1
8003b31c 1
800118b6 1
8003b280 1
800118a6 1
800118a8 1
8002ff12 1
800118ac 1
8002ff14 1
8003b288 1
800118ae 1
800118b0 1
8002ff1a 1
800118b4 1
8003b290 1
800118a2 1
8003b294 1
800118ba 1
8001b27a 1
8002ff22 1
8003b296 1
800118bc 1
8002ff24 1
800118be 1
8003b29c 1
800118c2 1
8002ff2a 1
8003b26c 1
8002f552 1
8002fee4 1
8003b258 1
8001187e 1
8001667a 1
8002fee8 1
8003b25c 1
80011882 1
8002fef4 1
8003b268 1
8001188e 1
80011890 1
8003b29e 1
80011892 1
80011894 1
8002fefc 1
8003b270 1
80011896 1
8003b274 1
8001189a 1
8003b278 1
8001189e 1
800118a0 1
8003b27c 1
8002ff54 1
8003b2ba 1
800118e0 1
8002ff4a 1
8001b6d4 1
8003b2be 1
800118e4 1
8001a9b8 1
8003b2c2 1
800118e8 1
8002ff52 1
8003b2c6 1
800118ec 1
8002ff46 1
8001b6de 1
8003b2c8 1
800118ee 1
8002ff56 1
8003b2ca 1
800118f0 1
8002ff5a 1
8001b6e4 1
8003b2ce 1
800118f4 1
8002ff5e 1
8003b2aa 1
800118c4 1
8003b2a0 1
800118c6 1
8003b2a4 1
800118ca 1
8002ff32 1
8003b2a6 1
800118cc 1
8003b2a8 1
800118ce 1
8002ff36 1
8003b334 1
800118d0 1
8002ff3a 1
800118d4 1
8003b2b0 1
800118d6 1
800118da 1
8002ff42 1
8003b2b6 1
800118dc 1
8003b2b8 1
800118de 1
80015b48 1
8003b3b2 1
800119d8 1
800119da 1
80015252 1
80015b40 1
8003b3b8 1
800119de 1
80015256 1
80015b44 1
8003b3bc 1
800119e2 1
8001525a 1
8003003e 1
8003004a 1
8003b3be 1
800119e4 1
8003004c 1
8003b3c0 1
800119e6 1
8001525e 1
80015b4c 1
8003b3c4 1
800119ea 1
80015262 1
800119cc 1
800119c0 1
8001aa94 1
8003002a 1
8003b39e 1
800119c4 1
8003002c 1
800119c6 1
8001523e 1
8003002e 1
8003b3a2 1
800119c8 1
8003b3a6 1
8001b3aa 1
8003b3a8 1
800119ce 1
80015246 1
8003b3ac 1
800119d2 1
8001524a 1
80015b38 1
8003b3b0 1
800119d6 1
8001524e 1
80015b3c 1
8001b3ce 1
8003b3de 1
80011a04 1
8003006c 1
8003b3e0 1
80011a06 1
8001527e 1
80011a0a 1
80015282 1
80030074 1
8003b3e8 1
80011a0e 1
80015286 1
8003006a 1
80030076 1
80011a10 1
8003b3ec 1
80011a12 1
8001680e 1
8001528a 1
8003007c 1
8003b3f0 1
80011a16 1
80016812 1
8003007e 1
8003b3ce 1
80030052 1
8001b7dc 1
8003b3c6 1
800119ec 1
80030056 1
8003b3ca 1
800119f0 1
8003b3cc 1
800119f2 1
8001526a 1
8003005a 1
8003b39a 1
800119f4 1
8003005e 1
8001b7e8 1
800119f8 1
8003b3d4 1
800119fa 1
8003b3d8 1
800119fe 1
8003b3dc 1
80011a02 1
8001527a 1
8001b772 1
80011972 1
8002ffdc 1
8003b350 1
80011976 1
8003b354 1
8001197a 1
8002ffe4 1
8003b358 1
8001197e 1
8003b35a 1
80011980 1
8002ffe8 1
8003b34c 1
8003b35c 1
80011982 1
8002ffea 1
8003b35e 1
80011984 1
8002ffee 1
8003b362 1
80011988 1
8001198a 1
8002b8ea 1
8002fff2 1
80011966 1
8001195a 1
8002ffc4 1
8003b338 1
8001195e 1
8001b31e 1
8002ffc6 1
80011960 1
8002ffc8 1
8003b33c 1
80011962 1
8003b340 1
8003b366 1
8002ffce 1
8003b342 1
80011968 1
8002ffd2 1
8003b346 1
8001196c 1
8003b348 1
8001196e 1
8003b34a 1
80011970 1
8002ffd8 1
800119b4 1
8003b382 1
800119a8 1
80030012 1
800119ac 1
80030014 1
8003b388 1
800119ae 1
80030016 1
8003b38a 1
800119b0 1
8001aa84 1
8003b38e 1
800119a6 1
8003001c 1
8003b390 1
800119b6 1
8003001e 1
8003b392 1
800119b8 1
8003b394 1
800119ba 1
8003b398 1
800119be 1
80030026 1
80011998 1
8001198c 1
8003b36a 1
80011990 1
8002fff8 1
8001b782 1
8003b36c 1
80011992 1
8002fffc 1
8003b370 1
80011996 1
8003b372 1
800127f6 1
80030000 1
8003b374 1
8001199a 1
80030004 1
8003b378 1
8001199e 1
8003b37a 1
800119a0 1
8003000a 1
800119a4 1
8003b380 1
80047260 1
8001d868 1
8001cf7e 1
8001cf84 1
800320e8 1
8001cf88 1
800320ec 1
80047250 1
8001cf8c 1
800320f0 1
800320f6 1
800320fa 1
800320fc 1
8001cf7a 1
8001cf9c 1
80047264 1
80032104 1
80047268 1
8004726c 1
8003210a 1
8003210e 1
8001cfae 1
80032112 1
8001cfb2 1
80032118 1
8001cf6a 1
800320b2 1
8001d83c 1
800320b6 1
8001d840 1
800320ba 1
8001d844 1
80047220 1
8001d846 1
800320c0 1
800320c4 1
800320c8 1
8001d854 1
8003211c 1
8001cf70 1
800320d4 1
80047238 1
8001d85e 1
8001cf74 1
800320d8 1
8004723c 1
8001d862 1
800320dc 1
80047240 1
8001d866 1
800472d4 1
800472a8 1
80032148 1
800472ac 1
8003214c 1
80032150 1
80032154 1
800472b8 1
80032158 1
80032160 1
80032164 1
80032168 1
8003216c 1
8001d8ca 1
80032174 1
80032178 1
800472dc 1
8003217c 1
800472e0 1
80032180 1
800472e4 1
80032184 1
800472ec 1
8001d912 1
8003218c 1
80047294 1
8001d8a8 1
80032122 1
80032124 1
80047288 1
8001d8ae 1
80032128 1
8004728c 1
8001d8b2 1
80047290 1
8001d8b6 1
80032130 1
800320ae 1
8001d8ba 1
80032134 1
80047298 1
8001d8be 1
8004729c 1
8001d8c2 1
8003213c 1
800472a0 1
8001d8c6 1
80032140 1
800472a4 1
80032020 1
80031fee 1
80031ff2 1
80047156 1
80031ff6 1
8004715a 1
80032000 1
80032004 1
8003200a 1
8003200e 1
80032012 1
80047178 1
8003201c 1
8004714e 1
80047184 1
80032026 1
8003202a 1
8003202e 1
80032030 1
80032034 1
8003203c 1
80032046 1
8003204c 1
800471b0 1
1000 1
80031fc0 1
80047102 1
80031fa2 1
80047106 1
80031fa4 1
80031fac 1
80031fb0 1
80047116 1
80031fb6 1
8004711a 1
80031fba 1
80047122 1
8001d748 1
80032050 1
80031fc4 1
80031fc8 1
8001d752 1
80031fcc 1
80047130 1
8001d756 1
80031fda 1
80047140 1
80031fe0 1
80047144 1
80031fea 1
8003209a 1
80032088 1
800471ec 1
8001d812 1
8003208c 1
800471f0 1
8001d816 1
80032090 1
800471f4 1
8001d81a 1
8001d81c 1
80032096 1
8001d820 1
8001d80e 1
8001d824 1
8003209e 1
8001d828 1
80047204 1
8001d82a 1
80047208 1
8001d82e 1
8004720c 1
8001d832 1
80047210 1
8001d836 1
8003206c 1
1004 1
80032054 1
80032058 1
100c 1
8003205a 1
800471be 1
8003205e 1
800471c2 1
80032062 1
80032066 1
800471cc 1
800472f0 1
800471d0 1
80032074 1
800471d8 1
80032076 1
8003207a 1
8001d804 1
8001d808 1
80032082 1
8001d80c 1
80032084 1
800471e8 1
8001d164 1
800322b0 1
800322b4 1
80047418 1
8001d154 1
800322b8 1
8004741c 1
8001d158 1
80047420 1
8001d15c 1
8001d160 1
80047428 1
8001da4e 1
80047410 1
8004742c 1
8001da52 1
8001d168 1
800322cc 1
800322d4 1
800322dc 1
8001d17c 1
800322e0 1
800322e4 1
800322e8 1
800322ec 1
8001da06 1
8001d9f6 1
80032270 1
800473d4 1
8001d9fa 1
80032274 1
800473d8 1
8001d9fe 1
80032278 1
800473dc 1
8001da02 1
8003227c 1
800473e0 1
800322f4 1
80032280 1
800473e4 1
8001da0a 1
800473e8 1
800473ec 1
800473f4 1
80032292 1
80032296 1
8003229a 1
8003229e 1
800322ac 1
800474a4 1
80047490 1
8001dab6 1
80032330 1
80032334 1
80047498 1
8001dabe 1
80032338 1
8004749c 1
8001dac2 1
8003233c 1
800474a0 1
8001dac6 1
8003232c 1
8001daca 1
80032344 1
800474a8 1
8001dace 1
800474ac 1
8001dad2 1
800474b0 1
8001dad6 1
800474b4 1
8001dada 1
80032354 1
8003230c 1
80047458 1
800322f8 1
8004745c 1
800322fc 1
80047460 1
80032300 1
80047464 1
80032304 1
80047468 1
80032308 1
8004746c 1
800473d0 1
80047470 1
80032310 1
80047474 1
80047478 1
80032318 1
8004747c 1
80047480 1
80032320 1
80032324 1
80032328 1
8004748c 1
8001d982 1
80047344 1
800321e4 1
800321e8 1
8001d088 1
80047350 1
8001d08c 1
80047354 1
8001d97a 1
8001d090 1
800321f4 1
800321f8 1
8004735c 1
800321e0 1
800321fc 1
80047360 1
8001d986 1
80032200 1
80047364 1
8001d98a 1
80032204 1
80047368 1
8001d98e 1
80032208 1
8004736c 1
80047324 1
8001d916 1
800321a8 1
800321ac 1
800321b0 1
800321b4 1
800321b8 1
8004731c 1
8001d058 1
800321bc 1
80047320 1
8001d05c 1
800321c0 1
8001d992 1
8001d060 1
800321c4 1
80047328 1
800321c8 1
8004732c 1
80047330 1
80047334 1
80047338 1
8004733c 1
800321dc 1
80047340 1
800473bc 1
8004739c 1
800473a0 1
800473a4 1
80032244 1
800473a8 1
80032248 1
800473ac 1
8003224c 1
80032250 1
80032254 1
800473b8 1
80032258 1
80047398 1
8001d9e2 1
8003225c 1
80032260 1
800473c4 1
8001d9ea 1
800473c8 1
8001d9ee 1
80032268 1
800473cc 1
8001d9f2 1
8003226c 1
8001d9a2 1
8003220c 1
80047370 1
8001d996 1
80032210 1
80047374 1
8001d99a 1
80032214 1
80047378 1
8001d99e 1
80032218 1
8004737c 1
80031f9e 1
8003221c 1
80047380 1
80032220 1
80047384 1
80032224 1
80047388 1
80032228 1
8004738c 1
80047390 1
80032230 1
80047394 1
80031c10 1
80031bba 1
80031bd0 1
80031bde 1
80031be2 1
80031be6 1
80031bea 1
80031bee 1
80031bf2 1
80031bf8 1
80031c00 1
80031c04 1
80031c0c 1
80031bb6 1
80031c14 1
8001d39e 1
80031c18 1
80031c1c 1
80031c20 1
8001d3aa 1
80031c24 1
8001d3ae 1
80031c28 1
8001d3b2 1
80031c2a 1
80031b7c 1
80031b4e 1
80031b52 1
80031b56 1
80031b58 1
80031b5c 1
80031b60 1
80031b68 1
80031b6c 1
80031b70 1
8001d2fe 1
80031b78 1
8001d302 1
80031c2e 1
80031b80 1
80031b84 1
80031b88 1
80031b8e 1
80031b96 1
80031b9a 1
80031ba2 1
80031ba6 1
80031baa 1
80031bae 1
80031bb2 1
80031cb4 1
8001cb1c 1
80031c80 1
8001cb20 1
80031c84 1
80031c92 1
80031c96 1
80031c98 1
80031c9c 1
80031ca0 1
80031ca4 1
80031cac 1
80031cb0 1
80031c7c 1
80031cb8 1
80031cbc 1
80031cc4 1
80031cc8 1
80031ccc 1
80031cd4 1
80031cd8 1
80031ce0 1
80031ce4 1
80031ce8 1
80031cec 1
80031c58 1
80031c30 1
8001d3ba 1
80031c36 1
80031c3a 1
80031c42 1
80031c46 1
80031c4a 1
80031c4e 1
8001caf0 1
80031c54 1
8001caf4 1
80031b46 1
80031c5a 1
8001cafa 1
80031c5e 1
8001cafe 1
80031c64 1
80031c6c 1
80031c70 1
8001cb10 1
80031c74 1
8001cb14 1
8001cb18 1
80031a56 1
80031a1e 1
80031a22 1
80031a2a 1
80031a2e 1
80031a32 1
80031a36 1
80031a3a 1
80031a3c 1
80031a40 1
80031a4a 1
80031a4e 1
80031a52 1
80031a1a 1
80031a5a 1
80031a5e 1
80031a62 1
80031a66 1
80031a72 1
80031a7a 1
80031a8a 1
80031a9e 1
80031aa6 1
8001c946 1
8001c94a 1
8001c88a 1
800319ca 1
800319d2 1
8001c872 1
800319da 1
8001c87a 1
800319de 1
8001c87e 1
800319e2 1
8001c882 1
800319e6 1
8001c886 1
800319ea 1
80031aae 1
800319ee 1
8001c88e 1
800319f2 1
8001c892 1
800319f6 1
8001c896 1
800319fa 1
8001c89a 1
800319fe 1
80031a06 1
80031a16 1
8001c9c2 1
80031afe 1
80031b06 1
80031b0a 1
80031b0e 1
8001c9ae 1
80031b12 1
80031b16 1
8001c9b6 1
80031b1a 1
8001c9ba 1
8001c9be 1
80031b22 1
80031af2 1
80031b26 1
8001c9c6 1
8001c9ca 1
80031b2e 1
8001c9ce 1
80031b32 1
8001c9d2 1
8001c9d6 1
80031b3a 1
80031b3e 1
80031b42 1
8001d258 1
80031ab6 1
80031aba 1
80031abe 1
8001d248 1
80031ac2 1
8001d24c 1
80031ac6 1
8001d250 1
80031aca 1
8001d254 1
80031ace 1
80031cf0 1
8001d25c 1
80031ad6 1
8001d260 1
80031ada 1
8001d264 1
80031ade 1
8001d268 1
80031ae2 1
8001d26c 1
80031ae6 1
80031aea 1
80031ed0 1
8001cd54 1
80031eb8 1
8001cd58 1
80031ebc 1
8001cd5c 1
80031ec0 1
8001cd60 1
8001cd64 1
80031ec8 1
8001cd68 1
80031ecc 1
8001cd6c 1
80031eb4 1
8001cd70 1
80031ed4 1
8001cd74 1
8001cd78 1
80031edc 1
8001cd7c 1
80031ee0 1
8001cd80 1
8001cd84 1
80031ee8 1
8001cd88 1
8001cd38 1
80031e7c 1
8001cd1c 1
80031e80 1
8001cd24 1
80031e88 1
8001cd28 1
80031e8c 1
8001cd2c 1
8001cd30 1
80031e94 1
8001cd34 1
80031e98 1
80031eec 1
80031e9c 1
8001cd3c 1
80031ea0 1
8001cd40 1
80031ea4 1
8001cd44 1
80031ea8 1
8001cd48 1
8001cd4c 1
80031eb0 1
8001cd50 1
80031f68 1
8001d6a6 1
80031f24 1
80031f30 1
80031f34 1
80031f38 1
80031f40 1
80031f48 1
80031f4c 1
80031f50 1
80031f54 1
80031f5c 1
80031f60 1
80031f1c 1
80031f6c 1
80031f70 1
80031f74 1
80031f7c 1
80031f80 1
80031f84 1
80031f88 1
80031f8c 1
80031f90 1
80031f94 1
800470fe 1
80031f08 1
8001cd8c 1
80031ef0 1
80031ef8 1
8001cd98 1
80031efc 1
8001cd9c 1
80031f00 1
8001d68a 1
8001cda0 1
80031f04 1
8001cda4 1
8001cd18 1
8001cda8 1
80031f0c 1
8001d696 1
8001cdac 1
80031f10 1
8001d69a 1
8001cdb0 1
8001d69e 1
80031f18 1
8001d6a2 1
8001cdb8 1
8001d4f2 1
80031d4c 1
80031d50 1
8001cbf0 1
80031d54 1
8001cbf4 1
80031d58 1
80031d5c 1
8001d4e6 1
8001d4ea 1
80031d64 1
8001d4ee 1
80031d68 1
80031d44 1
8001d4f6 1
80031d70 1
8001d4fa 1
80031d74 1
8001d4fe 1
80031d78 1
8001d502 1
80031d7c 1
8001d506 1
80031d80 1
80031d84 1
8001cbc4 1
80031cf4 1
80031cfc 1
80031d00 1
80031d04 1
80031d08 1
80031d0c 1
80031d14 1
80031d18 1
80031d1c 1
80031d20 1
80031d24 1
80031d88 1
80031d28 1
8001cbc8 1
80031d2c 1
8001cbcc 1
8001cbd0 1
80031d34 1
8001cbd4 1
80031d38 1
8001cbd8 1
80031d3c 1
80031d40 1
8001d5e2 1
8001ccd8 1
80031e3c 1
8001ccdc 1
8001cce0 1
80031e44 1
8001cce4 1
80031e48 1
8001cce8 1
80031e50 1
80031e54 1
8001ccf4 1
80031e58 1
80031e38 1
8001ccf8 1
8001d5e6 1
8001ccfc 1
80031e60 1
8001d5ea 1
80031e68 1
8001cd08 1
80031e6c 1
80031e70 1
80031e74 1
80031e78 1
80031e04 1
80031d8c 1
80031d90 1
80031da0 1
80031dc0 1
80031dd0 1
80031de0 1
80031de8 1
80031df0 1
80031df4 1
80031dfc 1
80031e00 1
800474b8 1
80031e08 1
80031e0c 1
80031e10 1
80031e14 1
80031e1c 1
80031e20 1
80031e24 1
80031e28 1
80031e2c 1
80031e34 1
8001ccd4 1
80030398 1
80030352 1
80030356 1
8003035c 1
80030360 1
80030364 1
8003036a 1
8003036e 1
80030372 1
8003037c 1
80030386 1
8003038a 1
8003038e 1
8003034e 1
8001bb22 1
8003039c 1
8001bb26 1
800303a2 1
8001bb2c 1
800303a6 1
8001bb30 1
80015dee 1
80015df2 1
80015df6 1
80015e22 1
80015d32 1
8001ba6c 1
800302e6 1
800302ec 1
8001ba76 1
800302f0 1
8001ba7a 1
800302f4 1
8001ba7e 1
800302fe 1
80030302 1
80030316 1
8003031a 1
80015e26 1
80015d36 1
80015de6 1
80015dea 1
80030328 1
8003032c 1
80030332 1
80030336 1
8003033a 1
80030340 1
80030344 1
80030348 1
800303f6 1
800303c2 1
800303c6 1
800303cc 1
8001bb56 1
800303d0 1
800303d4 1
800303da 1
800303de 1
800303e2 1
800303e8 1
800303ec 1
800303f0 1
800303be 1
800303fa 1
800303fe 1
80030404 1
80030408 1
8003040c 1
80030412 1
80030420 1
80030424 1
8003042e 1
80030436 1
8003043c 1
80016006 1
80015eae 1
80015eb6 1
80015ec2 1
80015f4e 1
80015f5a 1
80015f5e 1
80015f62 1
80015f66 1
80015f6a 1
80015ffe 1
80016002 1
800302e2 1
8001600a 1
8001600e 1
8001609a 1
800160a0 1
800303aa 1
800303b0 1
8001bb3a 1
800303b4 1
8001bb3e 1
800303b8 1
8001bb42 1
80032804 1
800327cc 1
800327d0 1
800327d4 1
800327d8 1
800327dc 1
800327e0 1
800327e8 1
800327ec 1
800327f0 1
800327f4 1
800327f8 1
80032800 1
800327c8 1
80032808 1
80032810 1
80032814 1
8003281c 1
80032820 1
80032824 1
8003282c 1
80032838 1
8003283a 1
8003283e 1
80032842 1
8003278c 1
80032754 1
80032758 1
8003275c 1
80032760 1
80032764 1
8003276c 1
80032770 1
80032772 1
80032778 1
8003277a 1
8003277e 1
80032784 1
80032846 1
80032790 1
80032794 1
8003279c 1
800327a0 1
800327a4 1
800327a8 1
800327ac 1
800327b0 1
800327b4 1
800327bc 1
800327c0 1
800302b4 1
8001ba00 1
8003027c 1
80030284 1
8003028a 1
8003028e 1
80030292 1
80030298 1
8003029c 1
800302a0 1
800302a6 1
800302aa 1
800302ae 1
80030276 1
800302b8 1
800302bc 1
800302c2 1
800302ca 1
8001ba54 1
800302d0 1
8001ba5a 1
800302d4 1
800302d8 1
800302de 1
8001ba68 1
8003022c 1
8003284a 1
80032852 1
80032856 1
8003285e 1
8003286a 1
8003286e 1
80032872 1
8003287a 1
8001e008 1
80030222 1
80030228 1
80030440 1
80030236 1
8003023a 1
8003023e 1
80030252 1
80030256 1
8003025a 1
8001b9e4 1
8003026e 1
8001b9f8 1
80030272 1
8001b9fc 1
80016180 1
80030782 1
8001bf0c 1
80030788 1
800160a4 1
800160aa 1
800160b0 1
800160b4 1
800160ba 1
800160c0 1
800160c4 1
800160d0 1
800160da 1
8001bf08 1
80016184 1
8001618a 1
8001618e 1
80016192 1
80016196 1
8001623a 1
80016240 1
80016256 1
800163b4 1
800163b8 1
800163bc 1
80030748 1
800306e2 1
800306e8 1
800306ee 1
800306f2 1
800306fe 1
80030702 1
8003070e 1
80030712 1
80030718 1
8003072e 1
80030732 1
80030738 1
800163c0 1
8001bed2 1
8003074e 1
8001bed8 1
8003075e 1
8001bee8 1
80030762 1
8001beec 1
80030768 1
8001bef2 1
8003076e 1
8003077e 1
8001bfdc 1
80030822 1
80030828 1
8003082e 1
8001bfb8 1
80030832 1
8001bfbc 1
8003083e 1
8001bfc8 1
80030842 1
8001bfcc 1
80030848 1
80030852 1
8003081e 1
80030858 1
80030862 1
80030868 1
8001bff2 1
8003086e 1
8003087c 1
80030880 1
80030886 1
8003088c 1
80030890 1
8003089c 1
800307ce 1
800163c4 1
8003078e 1
80030792 1
80030798 1
8003079e 1
800307a2 1
800307ae 1
800307b2 1
800307be 1
800307c2 1
800307c8 1
800306de 1
800307d2 1
800307d8 1
800307e2 1
800307e8 1
800307ee 1
800307f2 1
800307f8 1
800307fe 1
80030802 1
80030808 1
80030818 1
8001bcc2 1
800304fa 1
80030500 1
8001bc8a 1
8003050e 1
80030512 1
8003051c 1
8001bca6 1
80030520 1
8001bcaa 1
80030524 1
8001bcae 1
80030538 1
800304f2 1
8003053c 1
8001bcc6 1
80030546 1
8003054a 1
8003054e 1
80030562 1
80030566 1
8001bcf0 1
8003056a 1
8001bcf4 1
80030570 1
8001bc3e 1
80030444 1
80030458 1
80030460 1
80030466 1
8003046a 1
8003046e 1
8003048a 1
800304a6 1
8001bc30 1
800304b0 1
8001bc3a 1
800304b4 1
8001bcfa 1
800304ba 1
8001bc44 1
800304c8 1
8001bc52 1
800304d6 1
800304e4 1
8001bc6e 1
800304e8 1
8001bc72 1
800304ec 1
8001bc76 1
80030668 1
80030600 1
80030604 1
8003060a 1
8003060e 1
80030612 1
80030626 1
8003062a 1
80030634 1
80030638 1
8003063c 1
8003065e 1
80030664 1
800305fc 1
8003066e 1
8003067e 1
80030682 1
8003068e 1
80030692 1
8003069e 1
800306a2 1
800306b2 1
800306b8 1
800306ce 1
800306d2 1
800305ac 1
80030574 1
8001bcfe 1
80030578 1
8001bd02 1
8003057e 1
8003058c 1
80030594 1
8003059a 1
8003059e 1
800305a2 1
800305a8 1
8003274c 1
800305b0 1
800305b6 1
800305ba 1
800305c4 1
800305d2 1
800305d6 1
800305da 1
800305e0 1
800305e8 1
800305ee 1
800305f2 1
80047634 1
800324a6 1
800324aa 1
800324ae 1
800324b6 1
800324ba 1
800324be 1
80047624 1
800324c2 1
80047628 1
8004762c 1
800324cc 1
80047630 1
8003249e 1
800324d2 1
800324d4 1
80047638 1
8001dc5e 1
800324d8 1
8004763c 1
8001dc62 1
80047640 1
8001dc66 1
800324e0 1
80047644 1
8003247e 1
800475c4 1
80032464 1
800475c8 1
800475cc 1
8001d306 1
8003246a 1
8001d30a 1
8003246e 1
8001d30e 1
80032472 1
8001d312 1
80032476 1
8001dc6a 1
80032482 1
80032486 1
8003248a 1
8003248e 1
80032490 1
800475f4 1
80032494 1
800475f8 1
80032498 1
800475fc 1
8003249a 1
8003251c 1
80032504 1
80047668 1
8001dc8e 1
80032508 1
8004766c 1
8001dc92 1
8001dc94 1
8003250c 1
80032510 1
80032514 1
80047678 1
80032518 1
8001dc8a 1
80032520 1
80047684 1
80032524 1
80047688 1
80032528 1
8004768c 1
8003252e 1
80032534 1
80047698 1
80032536 1
8003253e 1
8001dc7a 1
800324e4 1
80047648 1
8001dc6e 1
800324e8 1
8004764c 1
8001dc72 1
800324ec 1
80047650 1
8001dc76 1
800324f0 1
80047654 1
80032460 1
800324f4 1
80047658 1
8001dc7e 1
800324f8 1
8004765c 1
8001dc82 1
800324fc 1
80047660 1
8001dc86 1
80032500 1
80047664 1
8001db34 1
800474fc 1
8001db22 1
8001d238 1
8003239c 1
80047500 1
8001db26 1
8001d23c 1
800323a0 1
8001d240 1
800323a4 1
8001d244 1
800323aa 1
80032398 1
800323ae 1
8001db38 1
800323b2 1
8001db3c 1
800323b6 1
8001db40 1
800323ba 1
8001db44 1
800323be 1
8001db48 1
800323c2 1
80032380 1
8001dade 1
80032358 1
800474bc 1
8003235c 1
800474c0 1
80032360 1
800474c8 1
80032368 1
8003236c 1
80032370 1
80032374 1
80032378 1
800323c6 1
800474e4 1
80032384 1
80032388 1
800474ec 1
8003238c 1
800474f0 1
80032390 1
800474f4 1
8001d230 1
80032394 1
8001d234 1
80032432 1
8001db94 1
8003240e 1
8001db98 1
80032412 1
8001db9c 1
80032416 1
8001dba0 1
8001dba4 1
8003241e 1
8001dba8 1
8003242a 1
8003242e 1
8003240a 1
80032436 1
8004759c 1
8003243c 1
800475a0 1
80032444 1
80032448 1
8003244c 1
80032450 1
80032454 1
80032458 1
800475c0 1
800323ec 1
800323ca 1
800323ce 1
800323d2 1
800323d6 1
8004753c 1
800323dc 1
80047540 1
80047544 1
800323e4 1
80047548 1
8004754c 1
80032542 1
80047550 1
80047554 1
800323f4 1
800323f8 1
800323fc 1
80047560 1
80032400 1
80047564 1
8001db8a 1
8001db8c 1
8001db90 1
8001ddf6 1
80032654 1
8001ddde 1
80032658 1
8001dde2 1
8003265c 1
8001dde6 1
80032660 1
8001ddea 1
80032664 1
8001ddee 1
8001ddf2 1
8003266c 1
8001ddda 1
8001d50a 1
80032670 1
8001ddfa 1
80032674 1
8001ddfe 1
80032678 1
8001de02 1
8003267e 1
8001d51e 1
80032682 1
8001d522 1
8001ddc6 1
80047774 1
8001dd9a 1
80032616 1
8003261a 1
8003261e 1
80032622 1
80032626 1
8003262a 1
8003262e 1
80032636 1
8003263a 1
800477a0 1
80032686 1
8003263e 1
80032640 1
8001ddca 1
8001ddce 1
80032648 1
800477ac 1
8001ddd2 1
8003264c 1
800477b0 1
8001ddd6 1
800477b4 1
8003272a 1
800326d8 1
800326e6 1
800326f8 1
80032708 1
8003270a 1
8003270e 1
80032712 1
80032716 1
8003271a 1
8003271e 1
80032722 1
80032726 1
8001de56 1
8001d5ce 1
80032732 1
80032736 1
8003273a 1
8001d5da 1
8003273e 1
80032740 1
8001d5de 1
80032742 1
80032744 1
80032748 1
800326a6 1
8001d526 1
8003268a 1
8001d52a 1
8001d52e 1
80032692 1
8001d532 1
80032696 1
8001d536 1
8003269a 1
800326a2 1
8001de2c 1
80032610 1
8001de30 1
800326a8 1
800326aa 1
8001de34 1
800326b2 1
800326b6 1
800326be 1
800326c2 1
800326c4 1
8001de4e 1
800326c8 1
800325a2 1
800476e8 1
80032588 1
800476ec 1
8003258c 1
800476f0 1
800476f4 1
80032592 1
80032594 1
800476f8 1
80032598 1
800476fc 1
8003259e 1
80032584 1
8001d442 1
800325aa 1
800325ae 1
8001d44e 1
800325b2 1
8001d452 1
8001d456 1
800325ba 1
800325bc 1
80047720 1
8001d45a 1
80032568 1
8003254a 1
8003254e 1
80032552 1
80032556 1
8003255a 1
8003255e 1
80032560 1
800476c4 1
80032562 1
80032564 1
800476c8 1
800325be 1
800476cc 1
8003256c 1
800476d0 1
800476d4 1
80032574 1
800476d8 1
80032578 1
800476dc 1
800476e0 1
80032580 1
800476e4 1
8004775c 1
8004774c 1
8001dd72 1
800325ec 1
80047750 1
8001dd76 1
800325f0 1
80047754 1
8001dd7a 1
800325f4 1
80047758 1
8001dd7e 1
800325f8 1
800325e8 1
8001dd82 1
80047760 1
8001dd86 1
80032600 1
80047764 1
8001dd8a 1
80032604 1
80047768 1
8001dd8e 1
8003260a 1
8003260e 1
8004773c 1
8001d45e 1
800325c2 1
800325c6 1
800325ca 1
800325ce 1
800325d0 1
80047734 1
800325d4 1
80047738 1
8001dd5e 1
800325d8 1
800319c6 1
8001dd62 1
800325dc 1
80047740 1
8001dd66 1
800325e0 1
80047744 1
8001dd6a 1
80047748 1
8001dd6e 1
800325e6 1
8001dd70 1
800308f4 1
800308da 1
8001b77a 1
800308de 1
8001b77e 1
800308e4 1
800308e8 1
8001b786 1
800308ea 1
8001b78a 1
800308ee 1
8001b78e 1
800308f2 1
8001b776 1
800308fa 1
800308fe 1
80030904 1
80030908 1
8003090a 1
8003090e 1
80030912 1
80030914 1
80030918 1
8003091a 1
8003091e 1
800308b4 1
80030888 1
8001b726 1
8003088a 1
8001b72a 1
80030892 1
80030894 1
80030898 1
8003089e 1
800308a2 1
800308a4 1
800308a8 1
800308ae 1
80030922 1
800308ba 1
800308be 1
800308c2 1
800308c4 1
800308c8 1
800308ca 1
800308ce 1
8001b76e 1
800308d2 1
800308d4 1
800308d8 1
800309a2 1
8003096e 1
80030972 1
80030976 1
8003097c 1
80030982 1
80030986 1
8003098c 1
80030992 1
80030996 1
8003099c 1
800309a0 1
8001b83e 1
8003096a 1
800309a6 1
8001b844 1
800309a8 1
800309ac 1
800309b0 1
8001b84e 1
8001b852 1
800309b6 1
800309b8 1
800309c0 1
8001b85e 1
8001b7e0 1
80030924 1
80030928 1
8003092e 1
80030934 1
8001c0be 1
8001b7d4 1
80030938 1
8001c0c2 1
8001b7d6 1
8003093a 1
8003093e 1
80030882 1
80030944 1
8001b7e4 1
80030948 1
8003094e 1
80030952 1
8001b7f0 1
8001c0de 1
8001b7f4 1
8003095a 1
8003095e 1
80030962 1
800307dc 1
800307a6 1
800307aa 1
800307ac 1
800307b4 1
800307b6 1
800307ba 1
800307c0 1
800307c4 1
800307cc 1
800307d0 1
800307d6 1
800307da 1
800307a0 1
800307e0 1
800307e6 1
800307ea 1
800307f0 1
800307f4 1
800307fa 1
80030806 1
8003080a 1
8003080c 1
80030810 1
80030814 1
80030776 1
8001beea 1
80030764 1
8001beee 1
80030766 1
8003076c 1
8001bef6 1
8001b60c 1
8001befa 1
80030772 1
8001b610 1
80030774 1
8001befe 1
8003081a 1
8001b616 1
8003077a 1
8003077c 1
80030780 1
80030784 1
8001b622 1
8001b626 1
8003078a 1
80030790 1
80030796 1
8003079c 1
8001b706 1
80030850 1
80030854 1
8001b6f2 1
8001b6f6 1
8003085a 1
8003085c 1
80030860 1
8001bfea 1
8001b700 1
80030864 1
8001bfee 1
8001b702 1
8001b6ec 1
8003086a 1
8001b70c 1
80030870 1
80030872 1
8001b710 1
80030874 1
8001b714 1
80030878 1
8001b71a 1
8003087e 1
8001b71e 1
8001b6d2 1
8003081c 1
80030826 1
8001b6c6 1
8003082a 1
8001b6c8 1
8001bfb6 1
8001b6cc 1
80030830 1
8001bfba 1
8001b6d0 1
8001bfbe 1
800309c2 1
80030836 1
8001b6d6 1
8003083a 1
8001b6dc 1
80030840 1
8001b6e0 1
80030844 1
8001b6e2 1
8001b6e6 1
8001b6e8 1
8003084c 1
80030b68 1
80030b44 1
80030b48 1
80030b4c 1
80030b52 1
8001b9f0 1
80030b54 1
8001b9f4 1
80030b58 1
80030b5c 1
80030b62 1
80030b64 1
8001ba04 1
80030b42 1
8001ba08 1
80030b6c 1
8001ba0c 1
80030b70 1
80030b72 1
80030b74 1
80030b7c 1
80030b82 1
8001c30c 1
80030b84 1
80030b88 1
80030b0e 1
80030aec 1
8001b98a 1
8001b98e 1
80030af2 1
80030af4 1
80030afc 1
8001b99a 1
80030afe 1
8001b99e 1
80030b02 1
80030b08 1
80030b0c 1
80030b8c 1
80030b12 1
80030b14 1
80030b18 1
80030b1c 1
80030b22 1
80030b24 1
80030b28 1
80030b2c 1
80030b34 1
80030b38 1
80030b3c 1
80030c20 1
80030be4 1
80030be8 1
80030bf0 1
80030bf2 1
80030bf6 1
80030c00 1
80030c02 1
80030c08 1
80030c10 1
80030c16 1
80030c1c 1
8001c3a6 1
80030be2 1
8001c3aa 1
80030c22 1
80030c26 1
80030c28 1
80030c30 1
8001c3bc 1
80030c36 1
8001c3c0 1
80030c3c 1
80030c3e 1
80030c42 1
80030bb8 1
80030b8e 1
80030b92 1
80030b98 1
80030b9c 1
80030b9e 1
80030ba2 1
80030ba4 1
80030ba8 1
80030bae 1
8001ba4e 1
80030bb4 1
80030ae4 1
8001ba58 1
80030bbe 1
8001ba60 1
80030bc4 1
8001ba64 1
80030bcc 1
8001ba6e 1
80030bd2 1
80030bd4 1
80030bd8 1
80030bdc 1
8001c1b6 1
8001c19c 1
8001b8b2 1
80030a16 1
8001c1a0 1
80030a20 1
8001b8be 1
80030a22 1
8001c1ac 1
8001b8c2 1
80030a26 1
80030a28 1
80030a2c 1
80030a12 1
80030a30 1
8001c1ba 1
8001b8ce 1
80030a32 1
80030a36 1
80030a38 1
8001c1c2 1
80030a3c 1
8001c1c6 1
80030a40 1
80030a46 1
800309f0 1
8001b862 1
800309c6 1
800309c8 1
800309cc 1
800309d0 1
800309d2 1
800309d6 1
800309d8 1
800309dc 1
800309e0 1
800309e6 1
800309ec 1
8001c1d0 1
800309f2 1
800309f6 1
800309f8 1
800309fc 1
80030a00 1
80030a02 1
8001c190 1
80030a08 1
80030a0c 1
80030a10 1
8001b8ae 1
80030abe 1
8001b934 1
80030a98 1
8001b938 1
80030a9c 1
80030a9e 1
80030aa2 1
80030aa4 1
80030aa8 1
80030aac 1
80030ab2 1
80030ab8 1
80030abc 1
8001b930 1
80030ac2 1
80030ac4 1
80030ac8 1
80030ace 1
80030ad2 1
80030ad4 1
80030ad8 1
80030adc 1
8001b97a 1
80030ae2 1
8001b980 1
8001b910 1
80030a4c 1
80030a50 1
80030a56 1
80030a5c 1
80030a60 1
80030a62 1
80030a66 1
80030a68 1
80030a6c 1
80030a6e 1
80030a70 1
80030760 1
80030a74 1
80030a78 1
80030a7e 1
80030a82 1
8001b920 1
80030a84 1
8001b924 1
80030a88 1
8001b928 1
80030a8c 1
80030a92 1
800160ac 1
80015502 1
80015df0 1
80015df4 1
80015682 1
80015686 1
800156b2 1
800156b6 1
80015ff8 1
80015ffc 1
80015782 1
80015786 1
8001609e 1
800154da 1
800160b8 1
800160bc 1
800160ce 1
800160d6 1
80015818 1
8001581c 1
80015824 1
8002bf22 1
8001583a 1
800303bc 1
800303c0 1
8001683a 1
80035344 1
80035348 1
80035350 1
80035356 1
80035360 1
80035362 1
8002b8e6 1
8002b8ee 1
8002b90a 1
8001523a 1
80015242 1
80015266 1
800303c4 1
800152d2 1
800152da 1
800152e2 1
80015c0c 1
80015c38 1
80015c40 1
8002ba6a 1
80016916 1
8001692a 1
80016936 1
80015d2c 1
8003043a 1
8003040e 1
80030410 1
80030414 1
80030418 1
8003041c 1
8003041e 1
80030422 1
80030426 1
8003042a 1
8003042c 1
80030430 1
80030434 1
80030406 1
80030442 1
80030448 1
8003044c 1
80030450 1
80030454 1
8003045a 1
8003045e 1
80030462 1
8001b30c 1
80030472 1
8001b312 1
800303dc 1
8001bb4e 1
800303c8 1
800303ce 1
8001bb58 1
8001b26e 1
800303d2 1
8001bb5c 1
8001b272 1
800303d6 1
8001bb60 1
800303d8 1
80035340 1
800303e0 1
800303e4 1
800303e6 1
800303ea 1
800303ee 1
800303f2 1
800303f4 1
800303f8 1
800303fc 1
80030400 1
80030402 1
800352a6 1
80035278 1
8003527e 1
80035280 1
80035286 1
8003528a 1
8003528c 1
80035290 1
80035296 1
8003529e 1
800352a0 1
800352a2 1
80020142 1
80035274 1
80020144 1
80020146 1
800352aa 1
80020148 1
8002014c 1
80020150 1
800352b4 1
8001681e 1
80020152 1
800352b6 1
80020156 1
8002f890 1
8003c1d2 1
800127f8 1
8003c1d4 1
800127fa 1
8001ab88 1
8002f838 1
8001ab94 1
8002f83c 1
8002f840 1
8002f844 1
8001abdc 1
8002f884 1
80020158 1
8001b01a 1
8002f89c 1
8001b026 1
8002f8a0 1
8001b02a 1
80035266 1
80035268 1
8003526a 1
8003526e 1
80035270 1
80035272 1
8003530c 1
80020184 1
800352e8 1
80020188 1
800352ec 1
800352ee 1
8002018c 1
800352f0 1
800352f4 1
800352f6 1
800352f8 1
800352fe 1
80035306 1
800352e4 1
8003530e 1
80035312 1
8003531a 1
8003531e 1
80035324 1
80035328 1
80035330 1
80035332 1
80035336 1
8003533a 1
8003533c 1
8002016e 1
800352bc 1
8002015a 1
8002015e 1
800352c2 1
80020160 1
800352c4 1
80020162 1
80020166 1
800352ca 1
800352cc 1
8002016a 1
80030476 1
800352d4 1
80020172 1
80015f54 1
80016842 1
80020176 1
800352da 1
80020178 1
800352dc 1
8002017c 1
800352e0 1
80020180 1
8003065a 1
8003061a 1
8003061e 1
80030622 1
8003062c 1
80030630 1
80030640 1
80030644 1
80030648 1
8003064c 1
8003064e 1
80030652 1
80030656 1
80030616 1
80030660 1
80030666 1
8003066c 1
80030672 1
80030676 1
80030678 1
8003067a 1
8003067c 1
80030686 1
8003068a 1
80030696 1
800305d8 1
800305a4 1
800305aa 1
800305ae 1
800305b4 1
800305b8 1
800305bc 1
800305c0 1
800305c2 1
800305c6 1
800305ca 1
800305ce 1
800305d0 1
8003069a 1
800305dc 1
800305e2 1
800305e6 1
800305ea 1
800305f4 1
8001b494 1
800305f8 1
8001b49e 1
8001b4a2 1
80030608 1
80030610 1
8001bece 1
80030714 1
8003071c 1
80030720 1
80030724 1
80030726 1
8003072a 1
8003072c 1
80030734 1
8003073c 1
80030740 1
8001beca 1
80030744 1
8003070a 1
80030746 1
8003074c 1
8001bed6 1
80030750 1
8001beda 1
80030754 1
8001bede 1
80030756 1
8003075a 1
8003075c 1
8001bee6 1
8001b562 1
8003069c 1
800306a4 1
800306a6 1
800306aa 1
800306ac 1
800306b0 1
800306b4 1
8001b558 1
800306bc 1
800306c0 1
800306c4 1
8003059c 1
800306c6 1
8001b566 1
800306ca 1
800306cc 1
800306d6 1
800306da 1
800306e4 1
800306ea 1
800306f6 1
800306fa 1
80030706 1
800304ea 1
800304c4 1
8001bc4e 1
800304c6 1
800304ca 1
800304ce 1
800304d2 1
800304d8 1
8001bc62 1
800304dc 1
8001bc66 1
800304e0 1
8001bc6a 1
8001bc4a 1
800304f0 1
8001bc7a 1
800304f4 1
8001bc7e 1
800304f8 1
8001bc82 1
8001bc86 1
800304fe 1
80030502 1
80030506 1
8003050a 1
8001bc24 1
8001b316 1
8003047a 1
8001b31a 1
8003047e 1
80030480 1
80030484 1
80030488 1
8003048e 1
80030492 1
80030496 1
8003049a 1
8001bc96 1
8003049c 1
800304a0 1
8001bc2a 1
800304a4 1
8001bc2e 1
800304aa 1
8001bc34 1
800304ae 1
800304b6 1
800304bc 1
800304c0 1
8003056e 1
80030542 1
8001b3e4 1
8001bcd2 1
8001b3ee 1
80030552 1
8001b3f2 1
80030556 1
8001b3f6 1
8003055a 1
8001b3fa 1
8003055e 1
8001bcea 1
8003053e 1
8001bcf8 1
80030576 1
8003057c 1
80030580 1
80030584 1
80030588 1
8001bd12 1
8003058e 1
8001bd18 1
80030592 1
80030596 1
8001b3be 1
8001b3ac 1
8001bc9a 1
8001b3b0 1
80030514 1
8001bc9e 1
8001b3b4 1
80030518 1
8001bca2 1
8001b3b6 1
8003051a 1
8001b3ba 1
80030c46 1
8001b3c2 1
80030528 1
8001bcb2 1
8001b3c8 1
8003052c 1
8001bcb6 1
8001b3cc 1
80030530 1
8001bcba 1
8001b3d0 1
80030534 1
80031532 1
800314ec 1
800314f2 1
800314f6 1
800314fe 1
80031502 1
80031504 1
80031508 1
8003150c 1
8001c3b0 1
80031514 1
8003151a 1
80031522 1
800314e8 1
80031534 1
8001ccc2 1
8003153c 1
8001ccc6 1
80031540 1
8001ccca 1
8001ccce 1
80031548 1
8001ccd2 1
8003154e 1
80031552 1
800314b0 1
8001c318 1
8003147c 1
8001c31c 1
80031480 1
80031484 1
80031488 1
8003148c 1
80031490 1
80031496 1
8003149e 1
800314a6 1
800314a8 1
80031556 1
800314b4 1
800314b8 1
800314bc 1
800314be 1
800314c2 1
800314ca 1
800314ce 1
800314d6 1
800314d8 1
800314dc 1
800314e0 1
80031616 1
800315da 1
800315de 1
8001c47e 1
8001c482 1
800315e6 1
800315f2 1
800315f6 1
800315fa 1
80031602 1
8003160a 1
8003160e 1
80031612 1
800315d6 1
8003161e 1
80031622 1
8003162a 1
8003162e 1
80031632 1
80031636 1
8003163e 1
80031642 1
80031646 1
8003164a 1
8003164e 1
80031584 1
8003155a 1
8003155e 1
80031560 1
80031564 1
8003156a 1
8003156e 1
80031572 1
80031578 1
8003157c 1
8003157e 1
80031580 1
80031476 1
8003158c 1
80031590 1
80031592 1
80031598 1
8003159e 1
800315a2 1
800315a6 1
800315ae 1
800315ba 1
800315ca 1
800315d2 1
80031374 1
80031348 1
8003134c 1
80031350 1
80031354 1
80031358 1
8003135e 1
80031362 1
8001caec 1
8003136a 1
8003136e 1
8001caf8 1
80031370 1
80031342 1
8001cb02 1
8003137c 1
8001cb06 1
80031380 1
8001cb0a 1
80031384 1
80031386 1
8003138a 1
80031392 1
80031396 1
8003139a 1
8001caa2 1
8001ca84 1
8001c19a 1
800312fe 1
8001ca88 1
8001c1a2 1
80031306 1
8001c1a6 1
8003130a 1
8001c1aa 1
8003130e 1
8001c1b2 1
80031316 1
8003139c 1
8003131c 1
8001caa6 1
80031320 1
8001caaa 1
80031328 1
8003132c 1
8001c1ca 1
80031332 1
80031336 1
8003133a 1
8003133e 1
8003143a 1
80031404 1
80031408 1
8003140a 1
8003140e 1
80031412 1
8003141a 1
8003141e 1
80031424 1
80031428 1
80031430 1
80031434 1
8001cbc2 1
80031400 1
8003143e 1
80031442 1
80031446 1
80031450 1
80031454 1
80031458 1
8003145c 1
80031460 1
80031464 1
8001c302 1
8001c306 1
8001c26c 1
800313a0 1
800313a4 1
800313a8 1
800313ac 1
800313b2 1
800313b6 1
800313be 1
8001c25e 1
800313c6 1
8001c268 1
800313cc 1
80031652 1
800313d0 1
800313d4 1
800313d8 1
800313dc 1
800313de 1
800313e2 1
800313ea 1
800313ee 1
800313f2 1
800313f4 1
800313fc 1
8001c77e 1
8001d052 1
8001d056 1
8001c76a 1
800318ce 1
8001c76e 1
800318d2 1
8001c772 1
800318d6 1
8001c776 1
800318da 1
8001c77a 1
800318de 1
800318be 1
800318e2 1
8001c782 1
800318e6 1
8001c786 1
800318ea 1
8001c78a 1
800318ee 1
800318f6 1
8001c79e 1
8001c7a2 1
8001c7a6 1
80031884 1
8003183c 1
80031842 1
80031846 1
8003184a 1
80031856 1
8003185a 1
8003185e 1
80031866 1
8003186a 1
8003186e 1
80031872 1
80031880 1
8003190a 1
80031888 1
8003188c 1
80031890 1
80031894 1
80031898 1
8003189c 1
800318a0 1
800318a8 1
800318aa 1
800318ae 1
800318ba 1
80031992 1
8003195e 1
80031962 1
80031966 1
8001c80a 1
8003196e 1
80031976 1
8003197a 1
8003197e 1
80031982 1
80031986 1
8003198a 1
8003198e 1
8003195a 1
80031996 1
8003199a 1
8003199e 1
800319a2 1
800319a6 1
800319ae 1
800319b2 1
800319b6 1
800319ba 1
800319be 1
800319c2 1
8001c7ca 1
8001c7aa 1
8003190e 1
8001c7ae 1
80031912 1
8001c7b2 1
80031916 1
8001c7b6 1
8003191a 1
8003191e 1
80031922 1
80031926 1
80031838 1
8003192e 1
80031932 1
80031936 1
8003193a 1
8003193e 1
80031942 1
80031946 1
8003194a 1
8003194e 1
80031952 1
80031956 1
80031720 1
800316d2 1
800316de 1
800316e8 1
800316f2 1
800316fa 1
80031700 1
80031708 1
8003170c 1
8003170e 1
80031712 1
8003171a 1
8003171e 1
800316ce 1
80031724 1
8003172c 1
80031730 1
80031732 1
80031738 1
8003173c 1
80031742 1
80031748 1
8003174a 1
8003174e 1
80031756 1
8001c53a 1
80031656 1
8003165a 1
8003165e 1
80031662 1
80031666 1
8003166e 1
80031672 1
80031676 1
8003167e 1
80031682 1
8001c536 1
8003169a 1
8003175a 1
8003169e 1
800316a2 1
800316a6 1
8001c54c 1
800316b6 1
800316ba 1
800316be 1
800316c0 1
800316c4 1
800316c8 1
800316ca 1
80031802 1
800317d8 1
800317dc 1
800317e0 1
8001cf6c 1
800317e6 1
800317ec 1
8001cf76 1
800317f4 1
800317f6 1
8001cf80 1
800317fa 1
800317fe 1
800317d6 1
80031806 1
8001cf90 1
8003180c 1
80031810 1
8001c6ae 1
8001c6b2 1
8003181a 1
80031822 1
80031824 1
8003182c 1
80031832 1
8003178e 1
80031762 1
8001c604 1
80031768 1
8001c608 1
8003176c 1
80031770 1
8003177c 1
80031780 1
80031784 1
80031786 1
8003178a 1
800312fa 1
8003179a 1
800317a6 1
800317b0 1
800317b4 1
800317b8 1
800317ba 1
800317be 1
800317c2 1
800317c8 1
800317ce 1
800317d2 1
80030e2e 1
80030e00 1
80030e08 1
80030e0c 1
80030e10 1
80030e14 1
80030e18 1
80030e1c 1
80030e20 1
8001bcbe 1
80030e22 1
80030e26 1
80030e2a 1
80030df8 1
8001bcce 1
80030e32 1
8001bcd6 1
80030e3a 1
8001bcda 1
80030e3e 1
80030e42 1
80030e46 1
80030e4a 1
80030e4c 1
80030e50 1
80030dc0 1
80030d96 1
80030d9a 1
8001bc38 1
8001bc3c 1
8001bc40 1
8001bc42 1
80030da6 1
8001c530 1
8001bc46 1
80030dac 1
80030db0 1
80030dbc 1
8001bcee 1
8001bc5e 1
80030dc2 1
80030dc8 1
80030dcc 1
80030dd0 1
80030dd4 1
80030dd8 1
80030ddc 1
80030de0 1
80030de4 1
80030df2 1
80030ee8 1
80030eb6 1
80030ebe 1
80030ec2 1
80030ec4 1
80030ec8 1
80030eca 1
80030ece 1
80030ed2 1
80030ed6 1
80030ed8 1
80030edc 1
80030ee0 1
80030eb4 1
80030eee 1
80030ef4 1
80030f02 1
80030f06 1
80030f10 1
80030f16 1
80030f1a 1
8001c6aa 1
80030f2c 1
8001c6b8 1
80030f30 1
80030e7a 1
80030e60 1
80030e64 1
8001c5ee 1
8001bd06 1
8001bd0a 1
80030e6e 1
8001c5f8 1
8001bd0e 1
80030e72 1
8001c5fc 1
8001bd14 1
8001bc32 1
80030e7e 1
80030e86 1
80030e88 1
80030e8c 1
80030e96 1
80030e9a 1
80030e9c 1
80030ea2 1
80030ea6 1
80030eaa 1
80030eb0 1
8001c44c 1
80030ca2 1
8001bb46 1
80030caa 1
8001bb4a 1
80030cae 1
80030cb0 1
8001bb52 1
80030cb6 1
80030cba 1
80030cbe 1
8001c448 1
80030cc2 1
80030c9e 1
80030cc6 1
8001c450 1
80030cca 1
8001c454 1
80030cce 1
8001c458 1
80030cd2 1
8001c45c 1
80030cd6 1
8001c460 1
8001c464 1
80030c7c 1
80030c48 1
80030c4c 1
80030c4e 1
80030c52 1
80030c56 1
80030c5c 1
80030c60 1
80030c68 1
80030c6e 1
80030c70 1
80030c74 1
80030c78 1
80030cde 1
80030c80 1
8001bb24 1
80030c88 1
80030c8a 1
8001bb28 1
80030c8c 1
8001bb2a 1
8001bb2e 1
8001bb32 1
8001bb36 1
80030c9a 1
80030d60 1
80030d32 1
80030d36 1
80030d38 1
80030d3c 1
80030d40 1
80030d42 1
80030d46 1
80030d48 1
80030d4c 1
80030d50 1
80030d58 1
80030d5c 1
80030d30 1
80030d66 1
80030d6c 1
80030d72 1
80030d76 1
80030d82 1
80030d86 1
8001bc26 1
80030d8a 1
80030d8c 1
80030d90 1
80030d94 1
80030d08 1
8001c468 1
80030ce2 1
8001c46c 1
80030ce6 1
80030cea 1
80030cee 1
80030cf2 1
80030cf4 1
80030cf8 1
80030cfc 1
80030d00 1
80030f34 1
80030d0a 1
8001c494 1
80030d0c 1
8001c498 1
80030d10 1
80030d14 1
80030d18 1
80030d1c 1
80030d20 1
80030d28 1
80030d2c 1
8003121c 1
800311e8 1
800311f0 1
800311f4 1
800311f8 1
800311fc 1
80031204 1
80031208 1
8003120c 1
80031210 1
8001c0b4 1
80031218 1
8001c0b8 1
800311e4 1
8001c0bc 1
80031220 1
80031224 1
8001c0c4 1
80031228 1
8001c0c8 1
8003122c 1
8001c0cc 1
80031234 1
8001c0d4 1
8001c0d8 1
8003119c 1
80031164 1
8003116c 1
80031170 1
80031174 1
80031178 1
8003117c 1
80031180 1
80031184 1
8003118c 1
80031190 1
80031194 1
80031198 1
8001c0dc 1
800311a0 1
800311a8 1
800311b4 1
800311bc 1
800311c0 1
800311c4 1
800311c8 1
800311cc 1
800311d0 1
800311d8 1
800311dc 1
800312c6 1
8003129c 1
800312a0 1
800312a4 1
800312a8 1
8001ca34 1
800312ae 1
8001ca38 1
8001ca3c 1
800312b6 1
8001ca40 1
800312ba 1
800312c2 1
80031298 1
800312ca 1
800312ce 1
800312d2 1
800312da 1
800312de 1
800312e2 1
800312e6 1
800312ee 1
800312f2 1
8001c192 1
8001c196 1
80031270 1
80031244 1
8001c0e4 1
8001c0e8 1
8003124c 1
80031250 1
80031258 1
8003125c 1
80031260 1
80031264 1
80031268 1
8003126c 1
8003115c 1
80031274 1
80031278 1
8003127c 1
80031280 1
80031284 1
80031288 1
8003128c 1
80031290 1
8001ca1a 1
80031294 1
8001ca1e 1
8001bee4 1
80030fcc 1
8001c766 1
80030fe4 1
80030fe8 1
80031024 1
80031028 1
8003102c 1
80031030 1
8001bed0 1
8001bed4 1
8001bee0 1
80031044 1
80030fc4 1
8003104c 1
80031054 1
80031058 1
8003105c 1
80031060 1
8001bf00 1
80031064 1
8001bf04 1
8003106c 1
80031070 1
8001bf10 1
80030f70 1
80030f38 1
80030f3c 1
80030f44 1
80030f48 1
80030f4c 1
80030f50 1
80030f54 1
80030f58 1
80030f5c 1
80030f64 1
80030f6c 1
80031074 1
80030f74 1
80030f78 1
80030f82 1
80030f86 1
80030f8a 1
80030f8e 1
80030f9c 1
80030fa4 1
80030fac 1
80030fb2 1
80030fc0 1
8001bfc0 1
800310f0 1
800310f8 1
800310fc 1
80031100 1
80031104 1
80031108 1
8003110c 1
80031110 1
80031114 1
8001bfb4 1
80031118 1
8003111c 1
800310ec 1
8001bfc4 1
80031128 1
80031130 1
8001bfd0 1
8001bfd4 1
80031140 1
8001bfe0 1
8001bfe4 1
80031154 1
8001c8de 1
8001c8e2 1
800310a8 1
8001bf14 1
80031078 1
8003107c 1
80031080 1
80031084 1
80031088 1
80031090 1
80031098 1
8003109c 1
800310a0 1
800310a4 1
8002dc0e 1
800310ac 1
800310b0 1
800310b4 1
800310bc 1
800310cc 1
800310d0 1
800310d4 1
800310d8 1
800310e0 1
800310e4 1
800310e8 1
80025752 1
80025884 1
80025880 1
8002587c 1
8002587a 1
800257ee 1
800257ea 1
800257e6 1
800257e2 1
800257de 1
800257da 1
800257d8 1
80025886 1
8002574e 1
8002574a 1
80025748 1
80025744 1
80025742 1
80025740 1
8002573c 1
80025738 1
80025734 1
80025730 1
80025932 1
8003927a 1
80039276 1
80039274 1
800259cc 1
800259ca 1
800259c8 1
800259c6 1
800259c4 1
800259c2 1
8002593a 1
80025936 1
8002572c 1
8002592e 1
8002592a 1
80025928 1
80025924 1
80025920 1
8002591e 1
80025896 1
80025892 1
8002588e 1
8002588a 1
8003922e 1
80039248 1
80039244 1
80039242 1
80039240 1
8003923e 1
8003923c 1
8003923a 1
80039238 1
80039234 1
80039232 1
80039230 1
8003924a 1
8003922a 1
80039228 1
80039226 1
80039224 1
80039220 1
8003921e 1
8003921c 1
8003921a 1
80039216 1
80039214 1
8003926a 1
80025728 1
80025726 1
80025724 1
80025722 1
80025720 1
8002571e 1
8002571c 1
8002571a 1
80025718 1
80039270 1
8003926c 1
8003927c 1
80039268 1
80039266 1
80039262 1
80039260 1
8003925e 1
8003925a 1
80039256 1
80039252 1
80039250 1
8003924e 1
8003930e 1
80039330 1
8003932c 1
80039328 1
80039324 1
80039322 1
8003931e 1
8003931c 1
8003931a 1
80039316 1
80039314 1
80039310 1
80039334 1
8003930a 1
80039308 1
80039306 1
80039304 1
80039300 1
800392fe 1
800392fc 1
800392fa 1
800392f8 1
800392f6 1
8003935c 1
80039384 1
80039380 1
8003937c 1
80039378 1
80039374 1
80039370 1
8003936c 1
8003936a 1
80039366 1
80039362 1
80039360 1
800392f2 1
80039358 1
80039354 1
80039350 1
8003934c 1
80039348 1
80039344 1
80039342 1
80039340 1
8003933c 1
80039338 1
80039298 1
800392b6 1
800392b4 1
800392b0 1
800392ae 1
800392ac 1
800392aa 1
800392a6 1
800392a4 1
800392a2 1
800392a0 1
8003929c 1
800392b8 1
80039294 1
80039292 1
80039290 1
8003928e 1
8003928c 1
8003928a 1
80039288 1
80039284 1
80039280 1
8003927e 1
800392d4 1
800392ee 1
800392ec 1
800392ea 1
800392e8 1
800392e6 1
800392e2 1
800392e0 1
800392de 1
800392da 1
800392d8 1
800392d6 1
80039212 1
800392d0 1
800392ce 1
800392cc 1
800392ca 1
800392c6 1
800392c4 1
800392c2 1
800392c0 1
800392bc 1
800392ba 1
80025636 1
8003912a 1
80039128 1
80039126 1
80039124 1
80039122 1
80039120 1
8003911e 1
8003911c 1
8003911a 1
80039116 1
80039114 1
8003912c 1
80025634 1
80025632 1
80025630 1
8002562e 1
8002556c 1
80025568 1
80025564 1
80025562 1
8002555e 1
8002555a 1
80039148 1
80039162 1
80039160 1
8003915e 1
8003915c 1
8003915a 1
80039158 1
80039154 1
80039152 1
8003914e 1
8003914c 1
8003914a 1
80025556 1
80039146 1
80039142 1
80039140 1
8003913e 1
8003913c 1
80039138 1
80039136 1
80039134 1
80039132 1
8003912e 1
800390ca 1
800390ee 1
800390ec 1
800390ea 1
800390e6 1
800390e2 1
800390de 1
800390dc 1
800390da 1
800390d6 1
800390d2 1
800390ce 1
800390f2 1
800390c6 1
800390c2 1
800390be 1
800390bc 1
800390ba 1
800390b6 1
800390b2 1
80025532 1
80025530 1
8002552e 1
80039110 1
80025552 1
8002554e 1
8002554a 1
80025546 1
80025542 1
8002553e 1
8002553c 1
8002553a 1
80025538 1
80025536 1
80025534 1
80039166 1
8003910e 1
8003910c 1
8003910a 1
80039106 1
80039104 1
80039102 1
800390fe 1
800390fc 1
800390fa 1
800390f6 1
80025712 1
800391d8 1
800391d6 1
800391d4 1
800391d2 1
800391d0 1
800391cc 1
800391ca 1
800391c6 1
800391c4 1
80025716 1
80025714 1
800391da 1
80025710 1
8002570e 1
8002570c 1
8002570a 1
80025662 1
8002565e 1
8002565a 1
80025658 1
80025656 1
80025652 1
800391f4 1
80039210 1
8003920e 1
8003920c 1
80039208 1
80039206 1
80039202 1
80039200 1
800391fe 1
800391fc 1
800391fa 1
800391f6 1
8002564e 1
800391f2 1
800391f0 1
800391ec 1
800391ea 1
800391e8 1
800391e6 1
800391e2 1
800391e0 1
800391de 1
800391dc 1
80039180 1
8003919c 1
80039198 1
80039196 1
80039194 1
80039190 1
8003918e 1
8003918c 1
8003918a 1
80039188 1
80039186 1
80039184 1
8003919e 1
8003917e 1
8003917c 1
8003917a 1
80039176 1
80039174 1
80039172 1
80039170 1
8003916c 1
8003916a 1
80039168 1
800391be 1
8002564a 1
80025646 1
80025644 1
80025642 1
80025640 1
8002563e 1
8002563c 1
8002563a 1
80025638 1
800391c0 1
80039386 1
800391ba 1
800391b8 1
800391b6 1
800391b4 1
800391b0 1
800391ac 1
800391aa 1
800391a8 1
800391a4 1
800391a2 1
8003967a 1
800259de 1
800259dc 1
800259da 1
800259d8 1
800259d6 1
800259d4 1
800259d2 1
800259d0 1
800259ce 1
80039680 1
8003967e 1
800259e0 1
80039678 1
80039676 1
80039672 1
80039670 1
8003966e 1
8003966a 1
80039668 1
80039666 1
80039662 1
80039660 1
800259fe 1
80025aba 1
80025ab6 1
80025ab4 1
80025ab0 1
80025aac 1
80025aaa 1
80025a12 1
80025a0e 1
80025a0a 1
80025a06 1
80025a02 1
8003965c 1
800259fc 1
800259fa 1
800259f8 1
800259f4 1
800259f0 1
800259ec 1
800259e8 1
800259e6 1
800259e4 1
800259e2 1
800395fe 1
80039620 1
8003961e 1
8003961c 1
80039618 1
80039616 1
80039612 1
8003960e 1
8003960a 1
80039606 1
80039604 1
80039602 1
80039624 1
800395fa 1
800395f8 1
800395f4 1
800395f0 1
800395ec 1
800395e8 1
800395e4 1
800395e0 1
800395de 1
800395da 1
80039640 1
8003965a 1
80039658 1
80039656 1
80039654 1
80039652 1
80039650 1
8003964e 1
8003964a 1
80039648 1
80039644 1
80039642 1
80025abe 1
8003963c 1
8003963a 1
80039638 1
80039634 1
80039630 1
8003962e 1
8003962c 1
8003962a 1
80039628 1
80039626 1
800396cc 1
800396e8 1
800396e6 1
800396e4 1
800396e2 1
800396de 1
800396dc 1
800396da 1
800396d6 1
800396d4 1
800396d0 1
800396ce 1
800396ec 1
800396ca 1
800396c6 1
800396c4 1
800396c2 1
800396c0 1
800396bc 1
800396b8 1
800396b4 1
800396b2 1
800396b0 1
80039710 1
80039730 1
8003972c 1
80039728 1
80039726 1
80039724 1
80039720 1
8003971e 1
8003971c 1
80039718 1
80039714 1
80039712 1
800396ac 1
8003970e 1
8003970a 1
80039706 1
80039702 1
800396fe 1
800396fc 1
800396fa 1
800396f6 1
800396f2 1
800396ee 1
80025b82 1
80025ce0 1
80025cde 1
80025c3e 1
80025c3a 1
80025c36 1
80025c32 1
80025c2e 1
80025c2c 1
80025c28 1
80025c24 1
80025c22 1
80025ce2 1
80025b7e 1
80025b7a 1
80025b76 1
80025b72 1
80025b70 1
80025b6c 1
80025b68 1
80025b66 1
80025ac6 1
80025ac2 1
8003968c 1
800396aa 1
800396a6 1
800396a4 1
800396a2 1
8003969e 1
8003969a 1
80039696 1
80039694 1
80039692 1
8003968e 1
800395d8 1
80039688 1
80039686 1
80039684 1
80025cf0 1
80025cee 1
80025cec 1
80025cea 1
80025ce8 1
80025ce6 1
80025ce4 1
8003944a 1
8003946e 1
8003946a 1
80039466 1
80039464 1
80039462 1
8003945e 1
8003945c 1
8003945a 1
80039456 1
80039452 1
8003944e 1
80039472 1
80039446 1
80039444 1
80039440 1
8003943c 1
80039438 1
80039434 1
80039430 1
8003942c 1
80039428 1
80039424 1
80039492 1
800394ac 1
800394aa 1
800394a8 1
800394a6 1
800394a4 1
800394a0 1
8003949e 1
8003949c 1
8003949a 1
80039498 1
80039494 1
80039420 1
8003948e 1
8003948c 1
8003948a 1
80039486 1
80039484 1
80039482 1
8003947e 1
8003947a 1
80039478 1
80039474 1
800393aa 1
800393d0 1
800393cc 1
800393ca 1
800393c8 1
800393c4 1
800393c0 1
800393bc 1
800393b8 1
800393b6 1
800393b2 1
800393ae 1
800393d2 1
800393a6 1
800393a4 1
800393a2 1
8003939e 1
8003939a 1
80039398 1
80039394 1
80039390 1
8003938e 1
8003938a 1
800393f4 1
8003941e 1
8003941a 1
80039416 1
80039412 1
8003940e 1
8003940a 1
80039406 1
80039402 1
800393fe 1
800393fc 1
800393f8 1
800394b0 1
800393f0 1
800393ec 1
800393e8 1
800393e4 1
800393e2 1
800393e0 1
800393de 1
800393da 1
800393d8 1
800393d4 1
80039564 1
8003958a 1
80039588 1
80039586 1
80039582 1
8003957e 1
8003957a 1
80039576 1
80039572 1
8003956e 1
8003956a 1
80039566 1
8003958e 1
80039562 1
80039560 1
8003955c 1
80039558 1
80039556 1
80039552 1
80039550 1
8003954e 1
8003954a 1
80039548 1
800395ae 1
800395d4 1
800395d0 1
800395cc 1
800395c8 1
800395c4 1
800395c2 1
800395c0 1
800395bc 1
800395ba 1
800395b6 1
800395b2 1
80039544 1
800395aa 1
800395a6 1
800395a2 1
800395a0 1
8003959e 1
8003959c 1
80039598 1
80039596 1
80039592 1
80039590 1
800394cc 1
800394ee 1
800394ea 1
800394e6 1
800394e4 1
800394e0 1
800394de 1
800394da 1
800394d8 1
800394d6 1
800394d2 1
800394d0 1
800394f2 1
800394ca 1
800394c8 1
800394c6 1
800394c2 1
800394c0 1
800394be 1
800394ba 1
800394b6 1
800394b4 1
800394b2 1
80039518 1
80039540 1
8003953c 1
80039538 1
80039534 1
80039530 1
8003952c 1
80039528 1
80039524 1
80039520 1
8003951c 1
8002548e 1
80039516 1
80039512 1
8003950e 1
8003950a 1
80039506 1
80039502 1
800394fe 1
800394fc 1
800394fa 1
800394f6 1
80024d76 1
80024ddc 1
80024dd8 1
80024dd4 1
80024dd0 1
80024dcc 1
80024dc8 1
80024dc4 1
80024dc0 1
80024dbe 1
80024dba 1
80024db8 1
80024de0 1
80024d72 1
80024d6e 1
80024d6a 1
80024d66 1
80024d62 1
80024d5e 1
80024d5a 1
80024d56 1
80024d54 1
80024d50 1
80024e44 1
80024eaa 1
80024ea6 1
80024ea2 1
80024e9e 1
80024e9a 1
80024e96 1
80024e92 1
80024e90 1
80024e8c 1
80024e8a 1
80024e48 1
80024d4e 1
80024e40 1
80024e3c 1
80024e38 1
80024e34 1
80024e30 1
80024e2c 1
80024e28 1
80024e26 1
80024e22 1
80024e20 1
80024c60 1
80024c7e 1
80024c7c 1
80024c7a 1
80024c78 1
80024c74 1
80024c70 1
80024c6c 1
80024c68 1
80024c66 1
80024c64 1
80024c62 1
80024c80 1
80024c5e 1
80024c5c 1
80024c5a 1
80024c58 1
80024c56 1
80024c54 1
80038dc8 1
80038dc6 1
80038dc4 1
80038dc0 1
80024ca4 1
80024d08 1
80024d04 1
80024d00 1
80024cfc 1
80024cf8 1
80024cf4 1
80024cf0 1
80024cec 1
80024ce8 1
80024ce6 1
80024ca6 1
80024eae 1
80024ca0 1
80024c9c 1
80024c98 1
80024c94 1
80024c92 1
80024c8e 1
80024c8a 1
80024c86 1
80024c84 1
80024c82 1
80038e0c 1
80038e28 1
80038e24 1
80038e22 1
80038e20 1
80038e1e 1
80038e1a 1
80038e18 1
80038e16 1
80038e14 1
80038e12 1
80038e10 1
80038e2a 1
80038e0a 1
80038e06 1
80038e04 1
80038e02 1
80038e00 1
80038dfe 1
80038dfa 1
80038df8 1
80038df6 1
80038df4 1
80038e44 1
80038e64 1
80038e62 1
80038e5e 1
80038e5a 1
80038e56 1
80038e54 1
80038e52 1
80038e4e 1
80038e4c 1
80038e48 1
80038e46 1
80038df0 1
80038e42 1
80038e40 1
80038e3e 1
80038e3c 1
80038e38 1
80038e36 1
80038e34 1
80038e32 1
80038e2e 1
80038e2c 1
80024f14 1
80024f7a 1
80024f76 1
80024f72 1
80024f6e 1
80024f6a 1
80024f66 1
80024f64 1
80024f60 1
80024f5e 1
80024f1c 1
80024f18 1
80024f7e 1
80024f10 1
80024f0c 1
80024f08 1
80024f04 1
80024f00 1
80024efc 1
80024efa 1
80024ef6 1
80024ef4 1
80024eb2 1
80038dd6 1
80038dee 1
80038dec 1
80038dea 1
80038de6 1
80038de4 1
80038de2 1
80038de0 1
80038dde 1
80038ddc 1
80038dda 1
80038dd8 1
80038dbc 1
80038dd4 1
80038dd2 1
80038dce 1
80038dcc 1
80024fce 1
80024fcc 1
80024fca 1
80024fc8 1
80024f86 1
80024f82 1
80024aca 1
80024b8e 1
80024b8a 1
80024b86 1
80024b84 1
80024ae4 1
80024ae0 1
80024adc 1
80024ad8 1
80024ad4 1
80024ad2 1
80024ace 1
80024b90 1
80024ac8 1
80024a28 1
80024a24 1
80024a20 1
80024a1c 1
80024a18 1
80024a16 1
80024a12 1
80024a0e 1
80024a0c 1
80024c4c 1
80038cb0 1
80038cae 1
80038cac 1
80038ca8 1
80038ca6 1
80038ca2 1
80038ca0 1
80038c9e 1
80024c52 1
80024c50 1
80024c4e 1
80024974 1
80024c4a 1
80024c48 1
80024c46 1
80024c44 1
80024c42 1
80024c40 1
80024ba0 1
80024b9c 1
80024b98 1
80024b94 1
80038c82 1
80024932 1
80024930 1
80038c9a 1
80038c98 1
80038c94 1
80038c92 1
80038c90 1
80038c8c 1
80038c8a 1
80038c88 1
80038c84 1
80024934 1
80038c80 1
80038c7c 1
80038c7a 1
80038c76 1
80038c74 1
80038c72 1
80038c70 1
80038c6e 1
80038c6c 1
80038c6a 1
8002494a 1
80024970 1
8002496c 1
80024968 1
80024964 1
80024960 1
8002495e 1
8002495c 1
8002495a 1
80024956 1
80024952 1
8002494e 1
80038cb4 1
80024948 1
80024946 1
80024944 1
80024942 1
80024940 1
8002493e 1
8002493c 1
8002493a 1
80024938 1
80024936 1
80038d58 1
80038d78 1
80038d76 1
80038d74 1
80038d70 1
80038d6e 1
80038d6c 1
80038d68 1
80038d66 1
80038d64 1
80038d60 1
80038d5c 1
80038d7c 1
80038d54 1
80038d52 1
80038d50 1
80038d4c 1
80038d48 1
80038d44 1
80038d42 1
80038d40 1
80038d3c 1
80038d3a 1
80038d9c 1
80038dba 1
80038db8 1
80038db4 1
80038db2 1
80038dae 1
80038daa 1
80038da8 1
80038da6 1
80038da2 1
80038da0 1
80038d9e 1
80038d38 1
80038d98 1
80038d96 1
80038d94 1
80038d92 1
80038d8e 1
80038d8a 1
80038d86 1
80038d84 1
80038d82 1
80038d7e 1
80038cd4 1
80038cf2 1
80038cf0 1
80038cee 1
80038cec 1
80038ce8 1
80038ce6 1
80038ce4 1
80038ce2 1
80038cde 1
80038cda 1
80038cd6 1
80038cf6 1
80038cd2 1
80038cce 1
80038ccc 1
80038cc8 1
80038cc6 1
80038cc4 1
80038cc0 1
80038cbe 1
80038cbc 1
80038cb8 1
80038d16 1
80038d34 1
80038d30 1
80038d2e 1
80038d2c 1
80038d2a 1
80038d26 1
80038d22 1
80038d1e 1
80038d1a 1
80038d18 1
80038e66 1
80038d12 1
80038d0e 1
80038d0a 1
80038d08 1
80038d04 1
80038d02 1
80038d00 1
80038cfe 1
80038cfa 1
80038cf8 1
8002520c 1
80025238 1
80025234 1
80025230 1
8002522c 1
80025228 1
80025224 1
80025220 1
8002521c 1
80025218 1
80025214 1
80025210 1
8002523c 1
80025208 1
80025204 1
80025200 1
800251fc 1
800251f8 1
800251f4 1
800251f0 1
800251ec 1
800251e8 1
800251e4 1
80025268 1
8002528e 1
8002528c 1
80025288 1
80025284 1
80025280 1
8002527c 1
80025278 1
80025274 1
80025272 1
8002526e 1
8002526a 1
800251e0 1
80025264 1
80025260 1
8002525c 1
80025258 1
80025254 1
80025250 1
8002524c 1
80025248 1
80025244 1
80025240 1
80038ffa 1
80039016 1
80039012 1
80039010 1
8003900e 1
8003900a 1
80039008 1
80039006 1
80039004 1
80039000 1
80038ffe 1
80038ffc 1
80039018 1
80038ff6 1
80038ff4 1
80038ff2 1
80038ff0 1
80038fee 1
80038fec 1
80038fea 1
80038fe6 1
80038fe4 1
80038fe2 1
800251ba 1
800251dc 1
800251d8 1
800251d4 1
800251d0 1
800251cc 1
800251c8 1
800251c4 1
800251c2 1
800251c0 1
800251be 1
800251bc 1
80025292 1
800251b8 1
800251b6 1
800251b4 1
800251b2 1
800251b0 1
800251ae 1
800251ac 1
800251aa 1
800251a8 1
800251a6 1
8003907a 1
80039096 1
80039094 1
80039090 1
8003908e 1
8003908c 1
8003908a 1
80039086 1
80039084 1
80039082 1
80039080 1
8003907c 1
80039098 1
80039078 1
80039076 1
80039072 1
80039070 1
8003906e 1
8003906c 1
80039068 1
80039066 1
80039064 1
80039062 1
80025464 1
8002548a 1
80025486 1
80025482 1
8002547e 1
8002547a 1
80025478 1
80025474 1
80025470 1
8002546c 1
80025468 1
80025466 1
80039060 1
80025462 1
800390ae 1
800390ac 1
800390a8 1
800390a6 1
800390a4 1
800390a2 1
800390a0 1
8003909c 1
8003909a 1
80025456 1
80039028 1
80039026 1
80039024 1
80039022 1
8003901e 1
8003901c 1
80025460 1
8002545e 1
8002545c 1
8002545a 1
80025458 1
8003902a 1
80025454 1
80025452 1
80025450 1
8002544e 1
8002544c 1
8002544a 1
80025448 1
80025446 1
80025444 1
80025294 1
80039044 1
8003905e 1
8003905a 1
80039058 1
80039054 1
80039052 1
80039050 1
8003904e 1
8003904c 1
80039048 1
80039046 1
80038fe0 1
80039042 1
8003903e 1
8003903c 1
8003903a 1
80039038 1
80039034 1
80039032 1
80039030 1
8003902e 1
8003902c 1
80038ee0 1
800250bc 1
800250b8 1
800250b4 1
800250b0 1
800250ac 1
800250aa 1
800250a8 1
800250a6 1
800250a4 1
800250a2 1
80038ee2 1
800250c0 1
80038edc 1
80038eda 1
80038ed8 1
80038ed6 1
80038ed4 1
80038ed0 1
80038ece 1
80038ecc 1
80038ec8 1
80038ec6 1
800251a2 1
80038efe 1
80038efc 1
80038efa 1
80038ef8 1
80038ef4 1
80038ef2 1
80038ef0 1
80038eee 1
80038eea 1
80038ee6 1
800251a4 1
80038ec4 1
800251a0 1
8002519e 1
8002519c 1
800250da 1
800250d6 1
800250d2 1
800250d0 1
800250cc 1
800250c8 1
800250c4 1
80024fd6 1
8002509c 1
80024ffc 1
80024ff8 1
80024ff4 1
80024ff0 1
80024fec 1
80024fe8 1
80024fe6 1
80024fe2 1
80024fde 1
80024fda 1
8002509e 1
80024fd4 1
80024fd2 1
80024fd0 1
80038e78 1
80038e76 1
80038e72 1
80038e70 1
80038e6e 1
80038e6c 1
80038e6a 1
80038e9c 1
80038ec0 1
80038ebc 1
80038eb8 1
80038eb6 1
80038eb4 1
80038eb0 1
80038eac 1
80038ea8 1
80038ea6 1
80038ea4 1
80038ea0 1
80038f00 1
80038e98 1
80038e94 1
80038e90 1
80038e8c 1
80038e88 1
80038e86 1
80038e84 1
80038e80 1
80038e7c 1
800250a0 1
80038f8a 1
80038fa4 1
80038fa2 1
80038f9e 1
80038f9c 1
80038f9a 1
80038f98 1
80038f94 1
80038f92 1
80038f90 1
80038f8e 1
80038f8c 1
80038fa6 1
80038f88 1
80038f86 1
80038f84 1
80038f82 1
80038f7e 1
80038f7a 1
80038f76 1
80038f74 1
80038f72 1
80038f70 1
80038fc2 1
80038fdc 1
80038fda 1
80038fd8 1
80038fd6 1
80038fd2 1
80038fd0 1
80038fce 1
80038fcc 1
80038fc8 1
80038fc6 1
80038fc4 1
80038f6e 1
80038fc0 1
80038fbe 1
80038fba 1
80038fb8 1
80038fb4 1
80038fb2 1
80038fb0 1
80038fae 1
80038fac 1
80038fa8 1
80038f1a 1
80038f36 1
80038f34 1
80038f30 1
80038f2e 1
80038f2a 1
80038f28 1
80038f26 1
80038f24 1
80038f22 1
80038f1e 1
80038f1c 1
80038f38 1
80038f18 1
80038f14 1
80038f12 1
80038f10 1
80038f0e 1
80038f0a 1
80038f08 1
80038f06 1
80038f04 1
80038f02 1
80038f52 1
80038f6c 1
80038f6a 1
80038f66 1
80038f64 1
80038f62 1
80038f60 1
80038f5c 1
80038f5a 1
80038f58 1
80038f56 1
80039734 1
80038f50 1
80038f4e 1
80038f4c 1
80038f48 1
80038f46 1
80038f44 1
80038f42 1
80038f3e 1
80038f3c 1
80038f3a 1
80039d9c 1
80039dbe 1
80039dbc 1
80039db8 1
80039db4 1
80039db0 1
80039dac 1
80039daa 1
80039da6 1
80039da2 1
80039da0 1
80039d9e 1
80039dc0 1
80039d98 1
80039d94 1
80039d90 1
80039d8e 1
80039d8a 1
80039d88 1
80039d84 1
80039d82 1
80039d7e 1
80039d7a 1
80039de2 1
80039e0c 1
80039e08 1
80039e06 1
80039e02 1
80039dfe 1
80039dfa 1
80039df6 1
80039df2 1
80039dee 1
80039dea 1
80039de6 1
80039d76 1
80039dde 1
80039dda 1
80039dd6 1
80039dd4 1
80039dd2 1
80039dce 1
80039dcc 1
80039dc8 1
80039dc6 1
80039dc4 1
80039cfe 1
80039d20 1
80039d1c 1
80039d18 1
80039d16 1
80039d14 1
80039d10 1
80039d0e 1
80039d0a 1
80039d08 1
80039d04 1
80039d02 1
80039d24 1
80039cfc 1
80039cf8 1
80039cf6 1
80039cf4 1
80039cf2 1
80039cee 1
80039cec 1
80039cea 1
80039ce8 1
80039ce6 1
80039d4c 1
80039d72 1
80039d6e 1
80039d6c 1
80039d68 1
80039d64 1
80039d62 1
80039d5e 1
80039d5a 1
80039d58 1
80039d54 1
80039d50 1
80039e10 1
80039d48 1
80039d44 1
80039d40 1
80039d3e 1
80039d3a 1
80039d36 1
80039d34 1
80039d30 1
80039d2c 1
80039d28 1
80039eba 1
80039ede 1
80039eda 1
80039ed8 1
80039ed6 1
80039ed2 1
80039ece 1
80039eca 1
80039ec6 1
80039ec2 1
80039ebe 1
80039ebc 1
80039ee2 1
80039eb6 1
80039eb2 1
80039eb0 1
80039eae 1
80039eaa 1
80039ea8 1
80039ea4 1
80039ea2 1
80039ea0 1
80039e9e 1
80039f0c 1
80039f32 1
80039f2e 1
80039f2c 1
80039f2a 1
80039f26 1
80039f24 1
80039f20 1
80039f1c 1
80039f18 1
80039f14 1
80039f10 1
80039e9a 1
80039f08 1
80039f04 1
80039f00 1
80039efc 1
80039ef8 1
80039ef4 1
80039ef2 1
80039eee 1
80039eea 1
80039ee6 1
80039e3c 1
80039e5c 1
80039e5a 1
80039e56 1
80039e54 1
80039e50 1
80039e4c 1
80039e48 1
80039e46 1
80039e44 1
80039e40 1
80039e3e 1
80039e5e 1
80039e38 1
80039e34 1
80039e30 1
80039e2c 1
80039e28 1
80039e24 1
80039e20 1
80039e1c 1
80039e18 1
80039e14 1
80039e7c 1
80039e98 1
80039e96 1
80039e92 1
80039e8e 1
80039e8c 1
80039e8a 1
80039e88 1
80039e84 1
80039e82 1
80039e80 1
80039e7e 1
80039ce4 1
80039e78 1
80039e76 1
80039e74 1
80039e72 1
80039e70 1
80039e6c 1
80039e6a 1
80039e66 1
80039e64 1
80039e62 1
80039c22 1
80039c3e 1
80039c3c 1
80039c38 1
80039c34 1
80039c32 1
80039c30 1
80039c2c 1
80039c2a 1
80039c28 1
80039c26 1
80039c24 1
80039c40 1
80039c20 1
80039c1c 1
80039c1a 1
80039c18 1
80039c16 1
80039c12 1
80039c10 1
80039c0e 1
80039c0c 1
80039c08 1
800267b6 1
800267d2 1
800267ce 1
800267ca 1
800267c6 1
800267c4 1
800267c2 1
800267c0 1
800267be 1
800267bc 1
800267ba 1
800267b8 1
80039c06 1
80039c5e 1
80039c5a 1
80039c58 1
80039c56 1
80039c54 1
80039c50 1
80039c4e 1
80039c4c 1
80039c48 1
80039c44 1
80039bb2 1
80039bca 1
80039bc8 1
80039bc6 1
80039bc4 1
80039bc2 1
80039bc0 1
80039bbe 1
80039bbc 1
80039bba 1
80039bb8 1
80039bb4 1
80039bce 1
80039bae 1
80039bac 1
800267b4 1
800267b2 1
800267b0 1
800267ae 1
800267ac 1
800267aa 1
800267a8 1
80026700 1
80039be8 1
80039c04 1
80039c02 1
80039bfe 1
80039bfc 1
80039bfa 1
80039bf8 1
80039bf6 1
80039bf4 1
80039bf0 1
80039bee 1
80039bea 1
800267d6 1
80039be6 1
80039be4 1
80039be2 1
80039bde 1
80039bdc 1
80039bda 1
80039bd8 1
80039bd4 1
80039bd2 1
80039bd0 1
80039c8a 1
80039ca6 1
80039ca4 1
80039ca2 1
80039c9e 1
80039c9c 1
80039c9a 1
80039c98 1
80039c94 1
80039c92 1
80039c90 1
80039c8e 1
80039ca8 1
80039c88 1
80039c86 1
80039c82 1
80039c80 1
80039c7e 1
80039c7c 1
80039c7a 1
80039c78 1
80039c76 1
80039c72 1
80039cc4 1
80039ce0 1
80039cdc 1
80039cda 1
80039cd8 1
80039cd6 1
80039cd4 1
80039cd0 1
80039cce 1
80039ccc 1
80039cc8 1
80039cc6 1
80039c6e 1
80039cc2 1
80039cbe 1
80039cbc 1
80039cba 1
80039cb8 1
80039cb4 1
80039cb2 1
80039cb0 1
80039cae 1
80039caa 1
8002687c 1
8002692c 1
80026928 1
80026924 1
80026922 1
8002691e 1
8002691a 1
80026918 1
8002688c 1
80026888 1
80026884 1
80026880 1
80026930 1
80026878 1
80026876 1
800267f0 1
800267ec 1
800267e8 1
800267e6 1
800267e2 1
800267e0 1
800267de 1
800267da 1
80026a60 1
80039c6c 1
80039c6a 1
80039c68 1
80039c64 1
80039c62 1
80026a6a 1
80026a68 1
80026a66 1
80026a64 1
80026a62 1
80039f34 1
800269d8 1
800269d4 1
800269d0 1
800269cc 1
800269c8 1
800269c6 1
800269c2 1
800269be 1
800269bc 1
80026934 1
8003a14a 1
8003a166 1
8003a164 1
8003a162 1
8003a15e 1
8003a15c 1
8003a15a 1
8003a158 1
8003a154 1
8003a152 1
8003a150 1
8003a14e 1
8003a16a 1
8003a146 1
8003a142 1
8003a140 1
8003a13e 1
8003a13a 1
8003a138 1
8003a134 1
8003a132 1
8003a130 1
8003a12c 1
80026d92 1
80026dac 1
80026da8 1
80026da4 1
80026da2 1
80026da0 1
80026d9e 1
80026d9c 1
80026d9a 1
80026d98 1
80026d96 1
80026d94 1
8003a12a 1
80026d90 1
8003a184 1
8003a182 1
8003a180 1
8003a17c 1
8003a178 1
8003a176 1
8003a174 1
8003a170 1
8003a16e 1
8003a0be 1
8003a0e2 1
8003a0de 1
8003a0da 1
8003a0d6 1
8003a0d4 1
8003a0d2 1
8003a0ce 1
8003a0ca 1
8003a0c6 1
8003a0c4 1
8003a0c0 1
8003a0e6 1
8003a0bc 1
8003a0ba 1
8003a0b6 1
8003a0b4 1
8003a0b2 1
8003a0ae 1
8003a0ac 1
8003a0a8 1
8003a0a6 1
8003a0a4 1
8003a104 1
8003a128 1
8003a124 1
8003a122 1
8003a120 1
8003a11c 1
8003a118 1
8003a114 1
8003a110 1
8003a10e 1
8003a10c 1
8003a108 1
80026db0 1
8003a100 1
8003a0fe 1
8003a0fc 1
8003a0f8 1
8003a0f6 1
8003a0f4 1
8003a0f0 1
8003a0ec 1
8003a0ea 1
8003a0e8 1
80026f68 1
80026fce 1
80026fcc 1
80026fc8 1
80026fc6 1
80026f84 1
80026f80 1
80026f7c 1
80026f78 1
80026f74 1
80026f70 1
80026f6c 1
80026fd2 1
80026f64 1
80026f62 1
80026f5e 1
80026f5c 1
80026f1c 1
80026f18 1
80026f14 1
80026f10 1
80026f0c 1
80026f08 1
80027038 1
800270a0 1
8002709c 1
8002709a 1
80027058 1
80027054 1
80027050 1
8002704c 1
80027048 1
80027044 1
80027040 1
8002703c 1
80026f04 1
80027036 1
80027032 1
80027030 1
80026fee 1
80026fea 1
80026fe6 1
80026fe2 1
80026fde 1
80026fda 1
80026fd6 1
80026dce 1
80026e30 1
80026e2c 1
80026e28 1
80026e24 1
80026e22 1
80026de2 1
80026de0 1
80026ddc 1
80026dd8 1
80026dd4 1
80026dd0 1
80026e34 1
80026dca 1
80026dc6 1
80026dc2 1
80026dc0 1
80026dbe 1
80026dbc 1
80026dba 1
80026db8 1
80026db6 1
80026db4 1
80026e9e 1
80026f00 1
80026efc 1
80026efa 1
80026ef6 1
80026ef4 1
80026eb2 1
80026eae 1
80026eaa 1
80026ea6 1
80026ea2 1
8003a0a2 1
80026e9a 1
80026e96 1
80026e92 1
80026e90 1
80026e8c 1
80026e8a 1
80026e44 1
80026e40 1
80026e3c 1
80026e38 1
80039ff4 1
8003a016 1
8003a012 1
8003a010 1
8003a00e 1
8003a00a 1
8003a006 1
8003a002 1
80039ffe 1
80039ffc 1
80039ff8 1
80039ff6 1
8003a018 1
80039ff0 1
80039fee 1
80039fea 1
80039fe6 1
80039fe4 1
80039fe0 1
80039fdc 1
80039fda 1
80039fd6 1
80039fd2 1
8003a032 1
8003a04e 1
8003a04c 1
8003a04a 1
8003a048 1
8003a046 1
8003a044 1
8003a040 1
8003a03e 1
8003a03c 1
8003a038 1
8003a036 1
80039fce 1
8003a030 1
8003a02e 1
8003a02c 1
8003a02a 1
8003a028 1
8003a026 1
8003a024 1
8003a020 1
8003a01e 1
8003a01a 1
80039f5c 1
80039f7a 1
80039f78 1
80039f76 1
80039f72 1
80039f70 1
80039f6c 1
80039f6a 1
80039f68 1
80039f64 1
80039f62 1
80039f60 1
80039f7c 1
80039f58 1
80039f54 1
80039f50 1
80039f4c 1
80039f48 1
80039f44 1
80039f40 1
80039f3e 1
80039f3c 1
80039f38 1
80039fa2 1
80039fca 1
80039fc6 1
80039fc2 1
80039fbe 1
80039fba 1
80039fb6 1
80039fb2 1
80039fb0 1
80039fac 1
80039faa 1
80039fa6 1
8003a052 1
80039f9e 1
80039f9a 1
80039f96 1
80039f94 1
80039f92 1
80039f8e 1
80039f8c 1
80039f88 1
80039f84 1
80039f80 1
80026d7e 1
8003a05c 1
8003a05a 1
8003a058 1
80026d8e 1
80026d8c 1
80026d8a 1
80026d88 1
80026d86 1
80026d84 1
80026d82 1
80026d80 1
8003a060 1
80026d7c 1
80026cdc 1
80026cd8 1
80026cd4 1
80026cd0 1
80026ccc 1
80026cca 1
80026cc6 1
80026cc2 1
80026cc0 1
8003a07e 1
8003a09e 1
8003a09c 1
8003a09a 1
8003a098 1
8003a094 1
8003a090 1
8003a08c 1
8003a08a 1
8003a088 1
8003a084 1
8003a080 1
80026c20 1
8003a07c 1
8003a078 1
8003a076 1
8003a074 1
8003a070 1
8003a06c 1
8003a06a 1
8003a068 1
8003a066 1
8003a062 1
80026a7e 1
80026a9c 1
80026a9a 1
80026a98 1
80026a96 1
80026a92 1
80026a8e 1
80026a8a 1
80026a86 1
80026a84 1
80026a82 1
80026a80 1
80026aa0 1
80026a7c 1
80026a7a 1
80026a78 1
80026a76 1
80026a74 1
80026a72 1
80026a70 1
80026a6e 1
80026a6c 1
8003a054 1
80026b5c 1
80026c1c 1
80026c18 1
80026c14 1
80026c10 1
80026c0e 1
80026c0a 1
80026c06 1
80026c04 1
80026b64 1
80026b60 1
800266fc 1
80026b58 1
80026b54 1
80026b52 1
80026b4e 1
80026b4a 1
80026b48 1
80026ab0 1
80026aac 1
80026aa8 1
80026aa4 1
8002608a 1
8003986c 1
8003986a 1
80039866 1
80039862 1
8002613e 1
8002613c 1
8002613a 1
8002609a 1
80026096 1
80026092 1
8002608e 1
8003986e 1
80026086 1
80026084 1
80026080 1
8002607c 1
80026078 1
80026074 1
80026072 1
80026070 1
8002606e 1
8003985e 1
80039896 1
800398b6 1
800398b4 1
800398b2 1
800398ae 1
800398ac 1
800398aa 1
800398a6 1
800398a2 1
8003989e 1
8003989c 1
8003989a 1
8003985c 1
80039892 1
8003988e 1
8003988c 1
8003988a 1
80039886 1
80039882 1
8003987e 1
8003987a 1
80039876 1
80039872 1
80039800 1
8003981c 1
8003981a 1
80039818 1
80039814 1
80039812 1
80039810 1
8003980e 1
8003980a 1
80039808 1
80039806 1
80039804 1
8003981e 1
800397fe 1
800397fc 1
800397fa 1
800397f8 1
800397f6 1
800397f2 1
800397f0 1
800397ec 1
800397ea 1
800397e8 1
8003983a 1
80039858 1
80039856 1
80039854 1
80039852 1
80039850 1
8003984c 1
8003984a 1
80039848 1
80039844 1
80039840 1
8003983c 1
800398ba 1
80039838 1
80039834 1
80039832 1
8003982e 1
8003982c 1
8003982a 1
80039828 1
80039826 1
80039824 1
80039822 1
8003990c 1
80039928 1
80039924 1
80039922 1
80039920 1
8003991e 1
8003991c 1
8003991a 1
80039916 1
80039914 1
80039910 1
8003990e 1
8003992a 1
8003990a 1
80039908 1
80039904 1
80039902 1
80039900 1
800398fe 1
800398fa 1
800398f8 1
800398f6 1
800398f4 1
80039946 1
80039960 1
8003995c 1
8003995a 1
80039958 1
80039956 1
80039954 1
80039952 1
80039950 1
8003994c 1
8003994a 1
80039948 1
800398f0 1
80039942 1
80039940 1
8003993e 1
8003993c 1
80039938 1
80039936 1
80039934 1
80039932 1
8003992e 1
8003992c 1
80026148 1
80026170 1
8002616e 1
8002616a 1
80026166 1
80026162 1
8002615e 1
8002615a 1
80026156 1
80026152 1
8002614e 1
8002614a 1
80026174 1
80026146 1
80026144 1
80026142 1
80026140 1
800398c8 1
800398c6 1
800398c2 1
800398c0 1
800398be 1
800398bc 1
800398d8 1
800398ee 1
800398ec 1
800398ea 1
800398e8 1
800398e6 1
800398e4 1
800398e2 1
800398e0 1
800398de 1
800398da 1
800397e6 1
800398d6 1
800398d4 1
800398d0 1
800398cc 1
80026242 1
80026240 1
8002623e 1
8002623c 1
8002623a 1
80026178 1
80025d12 1
80025d30 1
80025d2c 1
80025d28 1
80025d24 1
80025d22 1
80025d20 1
80025d1e 1
80025d1c 1
80025d1a 1
80025d18 1
80025d16 1
80025d32 1
80025d0e 1
80025d0a 1
80025d06 1
80025d04 1
80025d02 1
80025d00 1
80025cfe 1
80025cfc 1
80025cfa 1
80025cf8 1
80025d96 1
80025e00 1
80025dfc 1
80025df8 1
80025df4 1
80025df2 1
80025dee 1
80025dec 1
80025da6 1
80025da2 1
80025d9e 1
80025d9a 1
80025cf6 1
80025d92 1
80025d8e 1
80025d8a 1
80025d86 1
80025d84 1
80025d44 1
80025d42 1
80025d3e 1
80025d3a 1
80025d36 1
80039754 1
80039774 1
80039770 1
8003976c 1
8003976a 1
80039768 1
80039764 1
80039762 1
80039760 1
8003975c 1
8003975a 1
80039758 1
80039778 1
80039752 1
80039750 1
8003974c 1
8003974a 1
80039748 1
80039744 1
80039740 1
8003973c 1
80039738 1
80039736 1
80039794 1
80025cf4 1
80025cf2 1
800397ae 1
800397ac 1
800397aa 1
800397a6 1
800397a2 1
800397a0 1
8003979e 1
8003979a 1
80039798 1
80025e04 1
80039790 1
8003978e 1
8003978c 1
80039788 1
80039786 1
80039784 1
80039782 1
8003977e 1
8003977c 1
8003977a 1
80026004 1
8002606a 1
80026068 1
80026066 1
80026024 1
80026020 1
8002601c 1
80026018 1
80026014 1
80026010 1
8002600c 1
80026008 1
8002606c 1
80026002 1
80025ffe 1
80025ffc 1
80025fba 1
80025fb6 1
80025fb2 1
80025fae 1
80025faa 1
80025fa6 1
80025fa2 1
800397c8 1
800397e4 1
800397e0 1
800397de 1
800397dc 1
800397da 1
800397d6 1
800397d4 1
800397d2 1
800397d0 1
800397cc 1
800397ca 1
80025f9e 1
800397c6 1
800397c4 1
800397c2 1
800397c0 1
800397be 1
800397bc 1
800397ba 1
800397b8 1
800397b4 1
800397b2 1
80025e6a 1
80025ece 1
80025eca 1
80025ec6 1
80025ec4 1
80025ec0 1
80025ebe 1
80025e7e 1
80025e7a 1
80025e76 1
80025e72 1
80025e6e 1
80025ed2 1
80025e66 1
80025e62 1
80025e5e 1
80025e5c 1
80025e58 1
80025e56 1
80025e14 1
80025e10 1
80025e0c 1
80025e08 1
80025f38 1
80025f9a 1
80025f98 1
80025f94 1
80025f92 1
80025f50 1
80025f4c 1
80025f48 1
80025f44 1
80025f40 1
80025f3c 1
80039964 1
80025f34 1
80025f30 1
80025f2e 1
80025f2a 1
80025f28 1
80025ee6 1
80025ee2 1
80025ede 1
80025eda 1
80025ed6 1
80039ac4 1
80039ae8 1
80039ae4 1
80039ae2 1
80039ae0 1
80039adc 1
80039ad8 1
80039ad4 1
80039ad2 1
80039ad0 1
80039acc 1
80039ac8 1
80039aea 1
80039ac2 1
80039ac0 1
80039abc 1
80039ab8 1
80039ab4 1
80039ab0 1
80039aac 1
80039aa8 1
80039aa4 1
80039aa2 1
800265da 1
80026602 1
80026600 1
800265fc 1
800265f8 1
800265f4 1
800265f0 1
800265ec 1
800265e8 1
800265e4 1
800265e0 1
800265dc 1
80039aa0 1
800265d8 1
800265d6 1
800265d4 1
800265d2 1
80039af8 1
80039af6 1
80039af4 1
80039af2 1
80039af0 1
80039aec 1
80039a70 1
80039a8a 1
80039a88 1
80039a86 1
80039a82 1
80039a80 1
80039a7e 1
80039a7c 1
80039a7a 1
80039a76 1
80039a74 1
80039a72 1
80039a8c 1
80039a6c 1
80039a6a 1
80039a68 1
80039a66 1
80039a62 1
80039a60 1
80039a5e 1
80039a5c 1
80039a58 1
80039a56 1
80026516 1
80039a9c 1
80039a98 1
800265d0 1
800265ce 1
800265cc 1
8002652c 1
80026528 1
80026524 1
80026520 1
8002651c 1
80026518 1
80026606 1
80026512 1
8002650e 1
8002650a 1
80026506 1
80026504 1
80026502 1
80026500 1
80039a94 1
80039a92 1
80039a8e 1
80039b72 1
80039b90 1
80039b8c 1
80039b8a 1
80039b86 1
80039b84 1
80039b80 1
80039b7e 1
80039b7c 1
80039b78 1
80039b76 1
80039b74 1
80039b92 1
80039b70 1
80039b6e 1
80039b6c 1
80039b68 1
80039b66 1
80039b64 1
80039b62 1
80039b5e 1
80039b5c 1
80039b5a 1
800266da 1
800266f8 1
800266f6 1
800266f4 1
800266f0 1
800266ec 1
800266e8 1
800266e4 1
800266e2 1
800266e0 1
800266de 1
800266dc 1
80039b58 1
800266d8 1
800266d6 1
80039ba8 1
80039ba6 1
80039ba2 1
80039ba0 1
80039b9e 1
80039b9c 1
80039b98 1
80039b94 1
80039b06 1
80039b1e 1
80039b1c 1
80039b1a 1
80039b16 1
80039b14 1
80039b12 1
80039b10 1
80039b0e 1
80039b0c 1
80039b0a 1
80039b08 1
80039b20 1
80039b04 1
80039b02 1
80039afe 1
80039afc 1
800266d4 1
800266d2 1
800266d0 1
800266ce 1
800266cc 1
8002660a 1
80039b3c 1
80039b54 1
80039b52 1
80039b50 1
80039b4e 1
80039b4a 1
80039b48 1
80039b46 1
80039b44 1
80039b42 1
80039b40 1
80039a54 1
80039b3a 1
80039b36 1
80039b34 1
80039b32 1
80039b30 1
80039b2e 1
80039b2a 1
80039b28 1
80039b26 1
80039b24 1
800399ee 1
8002624c 1
8002624a 1
80026248 1
80026246 1
80026244 1
800399fe 1
800399fc 1
800399f8 1
800399f6 1
800399f4 1
800399f0 1
8002624e 1
800399ec 1
800399ea 1
800399e6 1
800399e4 1
800399e2 1
800399e0 1
800399dc 1
800399da 1
800399d8 1
800399d6 1
80026266 1
80026292 1
8002628e 1
8002628a 1
80026286 1
80026282 1
8002627e 1
8002627a 1
80026276 1
80026272 1
8002626e 1
8002626a 1
800399d4 1
80026262 1
80026260 1
8002625e 1
8002625c 1
8002625a 1
80026258 1
80026256 1
80026254 1
80026252 1
80026250 1
8003997e 1
80039998 1
80039996 1
80039994 1
80039992 1
8003998e 1
8003998c 1
8003998a 1
80039988 1
80039984 1
80039982 1
80039980 1
8003999a 1
8003997a 1
80039978 1
80039976 1
80039974 1
80039972 1
80039970 1
8003996e 1
8003996c 1
8003996a 1
80039968 1
800399b6 1
800399d2 1
800399d0 1
800399cc 1
800399ca 1
800399c8 1
800399c6 1
800399c2 1
800399c0 1
800399be 1
800399bc 1
800399b8 1
80026296 1
800399b4 1
800399b2 1
800399ae 1
800399ac 1
800399aa 1
800399a8 1
800399a6 1
800399a4 1
800399a0 1
8003999e 1
800264fe 1
80039a18 1
80039a16 1
80039a14 1
80039a12 1
80039a10 1
80039a0e 1
80039a0c 1
80039a0a 1
80039a08 1
80039a04 1
80039a02 1
80039a1a 1
800264fc 1
800264fa 1
800264f8 1
800264f6 1
800264f4 1
800264f2 1
800264f0 1
800264ee 1
800264ec 1
800264ea 1
80039a36 1
80039a52 1
80039a4e 1
80039a4c 1
80039a4a 1
80039a48 1
80039a46 1
80039a44 1
80039a40 1
80039a3e 1
80039a3a 1
80039a38 1
800264e8 1
80039a34 1
80039a32 1
80039a2e 1
80039a2c 1
80039a2a 1
80039a28 1
80039a24 1
80039a22 1
80039a20 1
80039a1e 1
800262c2 1
800262ee 1
800262ea 1
800262e6 1
800262e2 1
800262de 1
800262da 1
800262d6 1
800262d2 1
800262ce 1
800262ca 1
800262c6 1
800262f2 1
800262be 1
800262ba 1
800262b6 1
800262b2 1
800262ae 1
800262aa 1
800262a6 1
800262a2 1
8002629e 1
8002629a 1
8002631a 1
800264e6 1
800264e4 1
800264e2 1
80026332 1
80026330 1
8002632c 1
8002632a 1
80026326 1
80026322 1
8002631e 1
80038c68 1
80026316 1
80026312 1
80026310 1
8002630c 1
80026308 1
80026306 1
80026302 1
800262fe 1
800262fa 1
800262f6 1
80037cae 1
80037cc8 1
80037cc6 1
80037cc4 1
80037cc2 1
80037cc0 1
80037cbe 1
80037cba 1
80037cb8 1
80037cb4 1
80037cb2 1
80037cb0 1
80037ccc 1
80037cac 1
80037ca8 1
80037ca6 1
80037ca4 1
80037ca2 1
80037c9e 1
80037c9c 1
80037c9a 1
80037c98 1
80037c94 1
80037ce6 1
80037d02 1
80037d00 1
80037cfc 1
80037cfa 1
80037cf8 1
80037cf6 1
80037cf4 1
80037cf0 1
80037cee 1
80037cec 1
80037cea 1
80037c92 1
80037ce4 1
80037ce2 1
80037ce0 1
80037cdc 1
80037cda 1
80037cd8 1
80037cd6 1
80037cd2 1
80037cd0 1
80037cce 1
80023138 1
8002330a 1
80023308 1
80023158 1
80023156 1
80023152 1
80023150 1
8002314c 1
80023148 1
80023144 1
80023140 1
8002313c 1
8002330c 1
80023136 1
80023132 1
8002312e 1
8002312c 1
80023128 1
80023124 1
80023120 1
8002311c 1
80023118 1
80023114 1
80023322 1
80037c90 1
80037c8e 1
80037c8c 1
80037c8a 1
80037c88 1
80037c86 1
80037c84 1
80037c82 1
80037c7e 1
80037c7c 1
80023324 1
80037d04 1
80023320 1
8002331e 1
8002331c 1
8002331a 1
80023318 1
80023316 1
80023314 1
80023312 1
80023310 1
8002330e 1
800233fe 1
80023426 1
80023422 1
8002341e 1
8002341a 1
80023416 1
80023412 1
8002340e 1
8002340a 1
80023406 1
80023402 1
80023400 1
80023428 1
800233fc 1
800233fa 1
800233f8 1
80037d72 1
80037d70 1
80037d6e 1
80037d6c 1
80037d6a 1
80037d66 1
80037d64 1
80037d7e 1
80037d96 1
80037d94 1
80037d90 1
80037d8e 1
80037d8c 1
80037d8a 1
80037d88 1
80037d86 1
80037d84 1
80037d82 1
80037d80 1
80037d62 1
80037d7c 1
80037d78 1
80037d76 1
800234fa 1
800234f8 1
800234f6 1
800234f4 1
800234f2 1
80023430 1
8002342c 1
80023338 1
80037d12 1
800233f6 1
800233f4 1
800233f2 1
80023352 1
8002334e 1
8002334a 1
80023346 1
80023342 1
8002333e 1
8002333c 1
80037d16 1
80023334 1
80023330 1
8002332c 1
8002332a 1
80023328 1
80023326 1
80037d0e 1
80037d0c 1
80037d08 1
80037d06 1
80037d3c 1
80037d5e 1
80037d5c 1
80037d5a 1
80037d56 1
80037d52 1
80037d4e 1
80037d4c 1
80037d4a 1
80037d46 1
80037d42 1
80037d3e 1
80023110 1
80037d3a 1
80037d36 1
80037d32 1
80037d2e 1
80037d2a 1
80037d26 1
80037d22 1
80037d1e 1
80037d1c 1
80037d1a 1
80037bbc 1
80037bd6 1
80037bd4 1
80037bd2 1
80037bd0 1
80037bce 1
80037bcc 1
80037bca 1
80037bc6 1
80037bc4 1
80037bc2 1
80037bc0 1
80037bda 1
80037bba 1
80037bb8 1
80037bb6 1
80037bb2 1
80037bb0 1
80037bae 1
80037bac 1
80037ba8 1
80037ba6 1
80037ba4 1
80037bf4 1
80037c10 1
80037c0e 1
80037c0c 1
80037c08 1
80037c06 1
80037c04 1
80037c02 1
80037bfe 1
80037bfc 1
80037bfa 1
80037bf8 1
80037ba2 1
80037bf2 1
80037bf0 1
80037bee 1
80037bec 1
80037bea 1
80037be8 1
80037be6 1
80037be4 1
80037be2 1
80037bde 1
80037b4e 1
80037b66 1
80037b64 1
80037b62 1
80037b60 1
80037b5e 1
80037b5c 1
80037b5a 1
80037b58 1
80037b54 1
80037b52 1
80037b50 1
80037b68 1
80037b4a 1
80037b46 1
80023068 1
80023066 1
80023064 1
80023062 1
80023060 1
80022f9e 1
80022f9a 1
80022f96 1
80037b84 1
80037b9e 1
80037b9c 1
80037b9a 1
80037b98 1
80037b96 1
80037b94 1
80037b90 1
80037b8e 1
80037b8a 1
80037b88 1
80037b86 1
80037c12 1
80037b82 1
80037b7e 1
80037b7c 1
80037b7a 1
80037b78 1
80037b74 1
80037b72 1
80037b70 1
80037b6e 1
80037b6a 1
80023086 1
800230b0 1
800230ac 1
800230a8 1
800230a4 1
800230a0 1
8002309c 1
80023098 1
80023094 1
80023090 1
8002308c 1
80023088 1
800230b4 1
80023084 1
80023082 1
80023080 1
8002307e 1
8002307c 1
8002307a 1
80023078 1
80023076 1
80023074 1
80023072 1
800230e0 1
8002310c 1
80023108 1
80023104 1
80023100 1
800230fc 1
800230f8 1
800230f4 1
800230f0 1
800230ec 1
800230e8 1
800230e4 1
80023070 1
800230dc 1
800230d8 1
800230d4 1
800230d0 1
800230cc 1
800230c8 1
800230c4 1
800230c0 1
800230bc 1
800230b8 1
80037c2e 1
80037c4a 1
80037c46 1
80037c44 1
80037c42 1
80037c40 1
80037c3c 1
80037c3a 1
80037c38 1
80037c36 1
80037c32 1
80037c30 1
80037c4c 1
80037c2c 1
80037c28 1
80037c26 1
80037c24 1
80037c22 1
80037c20 1
80037c1e 1
80037c1a 1
80037c18 1
80037c14 1
80037c66 1
8002306e 1
8002306c 1
8002306a 1
80037c78 1
80037c76 1
80037c72 1
80037c70 1
80037c6e 1
80037c6a 1
80037c68 1
80037d98 1
80037c64 1
80037c60 1
80037c5e 1
80037c5c 1
80037c5a 1
80037c56 1
80037c54 1
80037c52 1
80037c50 1
80037c4e 1
80037f3c 1
80037f58 1
80037f56 1
80037f54 1
80037f52 1
80037f50 1
80037f4c 1
80037f48 1
80037f46 1
80037f44 1
80037f42 1
80037f40 1
80037f5a 1
80037f3a 1
80037f38 1
80037f34 1
80037f32 1
80037f30 1
80037f2e 1
80037f2a 1
80037f28 1
80037f26 1
80037f24 1
80037f78 1
80037f9e 1
80037f9c 1
80037f9a 1
80037f96 1
80037f92 1
80037f8e 1
80037f8a 1
80037f86 1
80037f82 1
80037f7e 1
80037f7c 1
80037f20 1
80037f76 1
80037f74 1
80037f70 1
80037f6e 1
80037f6a 1
80037f68 1
80037f64 1
80037f62 1
80037f60 1
80037f5e 1
8002388e 1
80037ee6 1
80037ee4 1
80037ee2 1
80037ede 1
80037eda 1
80037ed8 1
80037ed6 1
80037ed4 1
80037ed0 1
80037ece 1
80023890 1
80037ee8 1
8002388c 1
8002388a 1
80023888 1
80023886 1
800237fe 1
800237fa 1
800237f6 1
800237f2 1
800237ee 1
800237ec 1
80037f04 1
80037f1e 1
80037f1c 1
80037f1a 1
80037f16 1
80037f14 1
80037f12 1
80037f10 1
80037f0e 1
80037f0a 1
80037f08 1
80037f06 1
80037fa2 1
80037f00 1
80037efe 1
80037efc 1
80037efa 1
80037ef6 1
80037ef4 1
80037ef2 1
80037eee 1
80037eec 1
80037eea 1
80038060 1
8003808a 1
80038086 1
80038082 1
8003807e 1
8003807a 1
80038076 1
80038072 1
80038070 1
8003806c 1
80038068 1
80038064 1
8003808e 1
8003805c 1
80038058 1
80038054 1
80038050 1
8003804e 1
8003804a 1
80038046 1
80038042 1
8003803e 1
8003803c 1
800380b2 1
800380d2 1
800380d0 1
800380cc 1
800380ca 1
800380c8 1
800380c6 1
800380c2 1
800380c0 1
800380bc 1
800380b8 1
800380b4 1
8003803a 1
800380b0 1
800380ac 1
800380aa 1
800380a8 1
800380a4 1
800380a0 1
8003809c 1
80038098 1
80038094 1
80038092 1
80037fca 1
80037ff2 1
80037fee 1
80037fea 1
80037fe8 1
80037fe4 1
80037fe0 1
80037fde 1
80037fda 1
80037fd6 1
80037fd2 1
80037fce 1
80037ff4 1
80037fc6 1
80037fc4 1
80037fc0 1
80037fbc 1
80037fba 1
80037fb6 1
80037fb2 1
80037fae 1
80037faa 1
80037fa6 1
8003801a 1
80038036 1
80038034 1
80038030 1
8003802e 1
8003802c 1
80038028 1
80038026 1
80038024 1
80038022 1
8003801e 1
800237e8 1
80038016 1
80038012 1
80038010 1
8003800c 1
80038008 1
80038004 1
80038000 1
80037ffe 1
80037ffc 1
80037ff8 1
80023506 1
800235ce 1
80023526 1
80023522 1
8002351e 1
8002351c 1
8002351a 1
80023516 1
80023512 1
8002350e 1
8002350a 1
80023508 1
800235d0 1
80023504 1
80023502 1
80023500 1
800234fe 1
800234fc 1
80037e1a 1
80037e18 1
80037e14 1
80037e12 1
80037e10 1
80037e2c 1
80037e44 1
80037e42 1
80037e40 1
80037e3c 1
80037e3a 1
80037e38 1
80037e36 1
80037e34 1
80037e32 1
80037e30 1
80037e2e 1
80037e0e 1
80037e2a 1
80037e26 1
80037e24 1
80037e20 1
80037e1e 1
800235da 1
800235d8 1
800235d6 1
800235d4 1
800235d2 1
80037db4 1
80037dce 1
80037dcc 1
80037dca 1
80037dc8 1
80037dc4 1
80037dc2 1
80037dc0 1
80037dbe 1
80037dbc 1
80037dba 1
80037db6 1
80037dd2 1
80037db0 1
80037dae 1
80037dac 1
80037daa 1
80037da8 1
80037da4 1
80037da2 1
80037da0 1
80037d9e 1
80037d9a 1
80037dec 1
80037e0a 1
80037e06 1
80037e04 1
80037e02 1
80037dfe 1
80037dfc 1
80037df8 1
80037df6 1
80037df2 1
80037df0 1
80037dee 1
80037e46 1
80037dea 1
80037de8 1
80037de6 1
80037de2 1
80037de0 1
80037dde 1
80037ddc 1
80037dd8 1
80037dd6 1
80037dd4 1
800235e4 1
80023606 1
80023604 1
80023600 1
800235fc 1
800235f8 1
800235f4 1
800235f0 1
800235ec 1
800235ea 1
800235e8 1
800235e6 1
80023608 1
800235e2 1
800235e0 1
800235de 1
800235dc 1
80037eca 1
80037ec8 1
80037ec4 1
80037ec2 1
80037ec0 1
80037ebe 1
800236b2 1
800237e4 1
800237e2 1
8002375a 1
80023756 1
80023752 1
8002374e 1
8002374a 1
80023748 1
80023744 1
80023740 1
8002373e 1
80037eba 1
800236ae 1
800236aa 1
800236a6 1
800236a2 1
8002369e 1
8002369c 1
80023616 1
80023612 1
8002360e 1
8002360c 1
80037e62 1
80037e7e 1
80037e7a 1
80037e78 1
80037e76 1
80037e74 1
80037e70 1
80037e6e 1
80037e6c 1
80037e6a 1
80037e68 1
80037e66 1
80037e80 1
80037e60 1
80037e5c 1
80037e5a 1
80037e58 1
80037e56 1
80037e54 1
80037e50 1
80037e4e 1
80037e4c 1
80037e4a 1
80037e9a 1
80037eb6 1
80037eb2 1
80037eb0 1
80037eae 1
80037eaa 1
80037ea6 1
80037ea4 1
80037ea2 1
80037e9e 1
80037e9c 1
80022f94 1
80037e98 1
80037e96 1
80037e94 1
80037e92 1
80037e8e 1
80037e8c 1
80037e8a 1
80037e88 1
80037e84 1
80037e82 1
80037818 1
8003783a 1
80037838 1
80037834 1
80037832 1
8003782e 1
8003782a 1
80037826 1
80037822 1
80037820 1
8003781e 1
8003781a 1
8003783c 1
80037814 1
80037812 1
80037810 1
8003780c 1
8003780a 1
80037808 1
80037804 1
80037800 1
800377fc 1
800377f8 1
80037862 1
8003788c 1
80037888 1
80037884 1
80037882 1
8003787e 1
8003787a 1
80037876 1
80037872 1
8003786e 1
8003786a 1
80037866 1
800377f4 1
8003785e 1
8003785a 1
80037858 1
80037854 1
80037852 1
8003784e 1
8003784a 1
80037846 1
80037844 1
80037840 1
8003777c 1
800377a4 1
800377a0 1
8003779c 1
80037798 1
80037796 1
80037792 1
8003778e 1
8003778a 1
80037786 1
80037782 1
8003777e 1
800377a8 1
8003777a 1
80037776 1
80037774 1
80037770 1
8003776c 1
80037768 1
80037764 1
80037760 1
8003775e 1
8003775a 1
800377d0 1
800377f0 1
800377ec 1
800377e8 1
800377e6 1
800377e4 1
800377e2 1
800377de 1
800377da 1
800377d8 1
800377d4 1
800377d2 1
80037890 1
800377cc 1
800377ca 1
800377c6 1
800377c2 1
800377be 1
800377ba 1
800377b8 1
800377b4 1
800377b0 1
800377ac 1
80022826 1
800228dc 1
800228d8 1
800228d6 1
8002283e 1
8002283a 1
80022836 1
80022832 1
8002282e 1
8002282c 1
8002282a 1
80022828 1
800228e0 1
80022822 1
8002281e 1
8002281a 1
80022816 1
80022814 1
80022812 1
80022810 1
8002280e 1
8002280c 1
8002280a 1
800229a0 1
80022a60 1
80022a5e 1
80022a5a 1
80022a56 1
80022a54 1
80022a50 1
80022a4c 1
80022a4a 1
800229aa 1
800229a6 1
800229a4 1
80022808 1
8002299c 1
8002299a 1
80022996 1
80022992 1
80022990 1
800228f0 1
800228ec 1
800228ea 1
800228e6 1
800228e2 1
800378b4 1
800378d0 1
800378ce 1
800378cc 1
800378ca 1
800378c6 1
800378c4 1
800378c0 1
800378be 1
800378bc 1
800378b8 1
800378b6 1
800378d2 1
800378b0 1
800378ac 1
800378a8 1
800378a4 1
800378a2 1
8003789e 1
8003789c 1
8003789a 1
80037896 1
80037894 1
800378ee 1
80022806 1
80022804 1
80022802 1
80022800 1
800227fe 1
800227fc 1
800378fc 1
800378fa 1
800378f6 1
800378f4 1
800378f2 1
80037758 1
800378ec 1
800378ea 1
800378e6 1
800378e4 1
800378e2 1
800378de 1
800378dc 1
800378d8 1
800378d6 1
800378d4 1
800375c0 1
800375e8 1
800375e4 1
800375e0 1
800375dc 1
800375d8 1
800375d6 1
800375d4 1
800375d0 1
800375cc 1
800375c8 1
800375c4 1
800375ec 1
800375bc 1
800375b8 1
800375b6 1
800375b2 1
800375b0 1
800375ae 1
800375aa 1
800375a8 1
800375a4 1
800375a2 1
80037614 1
80037638 1
80037636 1
80037632 1
8003762e 1
8003762c 1
80037628 1
80037624 1
80037622 1
8003761e 1
8003761a 1
80037618 1
8003759e 1
80037610 1
8003760c 1
80037608 1
80037604 1
80037600 1
800375fe 1
800375fa 1
800375f6 1
800375f4 1
800375f0 1
80037548 1
80037562 1
80037560 1
8003755e 1
8003755a 1
80037558 1
80037556 1
80037554 1
80037550 1
8003754e 1
8003754c 1
8003754a 1
80037564 1
80037544 1
80037542 1
80037540 1
8003753e 1
8003753a 1
80037538 1
80037536 1
80037534 1
80037530 1
8003752e 1
80037580 1
8003759c 1
8003759a 1
80037598 1
80037594 1
80037592 1
80037590 1
8003758e 1
8003758c 1
8003758a 1
80037586 1
80037582 1
8003763a 1
8003757e 1
8003757c 1
8003757a 1
80037576 1
80037574 1
80037572 1
8003756e 1
8003756c 1
8003756a 1
80037568 1
800376fc 1
80037718 1
80037716 1
80037714 1
80037712 1
8003770e 1
8003770c 1
80037708 1
80037706 1
80037704 1
80037700 1
800376fe 1
8003771a 1
800376f8 1
800376f6 1
800376f2 1
800376ee 1
800376ea 1
800376e8 1
800376e6 1
800376e2 1
800376e0 1
800376de 1
80037738 1
80037754 1
80037752 1
80037750 1
8003774c 1
8003774a 1
80037746 1
80037744 1
80037742 1
80037740 1
8003773c 1
8003773a 1
800376da 1
80037734 1
80037730 1
8003772e 1
8003772c 1
8003772a 1
80037726 1
80037724 1
80037722 1
80037720 1
8003771e 1
80037660 1
80037682 1
8003767e 1
8003767a 1
80037676 1
80037674 1
80037672 1
8003766e 1
8003766c 1
80037668 1
80037666 1
80037664 1
80037686 1
8003765e 1
8003765c 1
80037658 1
80037654 1
80037650 1
8003764c 1
8003764a 1
80037646 1
80037642 1
8003763e 1
800376ae 1
800376d6 1
800376d2 1
800376ce 1
800376ca 1
800376c6 1
800376c2 1
800376be 1
800376ba 1
800376b6 1
800376b2 1
80022a64 1
800376aa 1
800376a8 1
800376a4 1
800376a0 1
8003769c 1
80037698 1
80037694 1
80037690 1
8003768c 1
80037688 1
80037a40 1
80037a5a 1
80037a58 1
80037a56 1
80037a54 1
80037a50 1
80037a4e 1
80037a4c 1
80037a4a 1
80037a46 1
80037a44 1
80037a42 1
80037a5e 1
80037a3e 1
80037a3c 1
80037a3a 1
80037a38 1
80037a36 1
80037a34 1
80037a32 1
80037a2e 1
80037a2c 1
80022e92 1
80037a78 1
80037a94 1
80037a92 1
80037a8e 1
80037a8c 1
80037a8a 1
80037a88 1
80037a84 1
80037a82 1
80037a80 1
80037a7e 1
80037a7a 1
80022e90 1
80037a76 1
80037a74 1
80037a72 1
80037a70 1
80037a6c 1
80037a6a 1
80037a66 1
80037a64 1
80037a62 1
80037a60 1
80022d56 1
80022dbe 1
80022dba 1
80022db8 1
80022d76 1
80022d72 1
80022d6e 1
80022d6a 1
80022d66 1
80022d62 1
80022d5e 1
80022d5a 1
80022dc0 1
80022d54 1
80022d50 1
80022d4e 1
80022d0c 1
80022d08 1
80022d04 1
80022d00 1
80022cfc 1
80022cf8 1
80022cf4 1
80022e28 1
80022e8e 1
80022e8c 1
80022e4a 1
80022e46 1
80022e42 1
80022e3e 1
80022e3a 1
80022e36 1
80022e32 1
80022e2e 1
80022e2a 1
80037a96 1
80022e24 1
80022e22 1
80022de0 1
80022ddc 1
80022dd8 1
80022dd4 1
80022dd0 1
80022dcc 1
80022dc8 1
80022dc4 1
80037b08 1
80037b2c 1
80037b28 1
80037b26 1
80037b24 1
80037b20 1
80037b1c 1
80037b18 1
80037b16 1
80037b14 1
80037b10 1
80037b0c 1
80037b2e 1
80037b06 1
80037b04 1
80037b00 1
80037afc 1
80037af8 1
80037af4 1
80037af0 1
80037aec 1
80037ae8 1
80037ae6 1
80022f6a 1
80022f90 1
80022f8c 1
80022f88 1
80022f84 1
80022f80 1
80022f7c 1
80022f78 1
80022f74 1
80022f70 1
80022f6e 1
80022f6c 1
80037ae4 1
80022f68 1
80022f66 1
80037b42 1
80037b40 1
80037b3c 1
80037b3a 1
80037b38 1
80037b36 1
80037b34 1
80037b30 1
80037ab2 1
80037ad0 1
80037ace 1
80037acc 1
80037aca 1
80037ac6 1
80037ac4 1
80037ac2 1
80037abe 1
80037aba 1
80037ab6 1
80037ab4 1
80037ad2 1
80037aae 1
80037aac 1
80037aa8 1
80037aa6 1
80037aa4 1
80037aa2 1
80037aa0 1
80037a9e 1
80037a9c 1
80037a98 1
80022eac 1
80037ae0 1
80037adc 1
80022f64 1
80022f62 1
80022f60 1
80022ec0 1
80022ebc 1
80022eb8 1
80022eb4 1
80022eb0 1
80022cf0 1
80022eaa 1
80022ea6 1
80022ea2 1
80022e9e 1
80022e9a 1
80022e98 1
80022e96 1
80022e94 1
80037ad8 1
80037ad6 1
80037986 1
800379a4 1
800379a2 1
800379a0 1
8003799c 1
8003799a 1
80037998 1
80037994 1
80037990 1
8003798e 1
8003798c 1
8003798a 1
800379a8 1
80037982 1
8003797e 1
8003797a 1
80037978 1
80037976 1
80037972 1
8003796e 1
8003796a 1
80037968 1
80037964 1
800379cc 1
800379ea 1
800379e6 1
800379e4 1
800379e2 1
800379de 1
800379dc 1
800379d8 1
800379d6 1
800379d4 1
800379d0 1
800379ce 1
80037962 1
800379c8 1
800379c6 1
800379c4 1
800379c0 1
800379bc 1
800379b8 1
800379b4 1
800379b2 1
800379b0 1
800379ac 1
80037900 1
80037920 1
8003791e 1
8003791a 1
80037916 1
80037912 1
80037910 1
8003790e 1
8003790a 1
80037908 1
80037904 1
80037902 1
80037922 1
80022b16 1
80022b14 1
80022b12 1
80022b10 1
80022b0e 1
80022b0c 1
80022b0a 1
80022b08 1
80022b06 1
80022b04 1
80037942 1
80037960 1
8003795e 1
8003795a 1
80037958 1
80037956 1
80037952 1
80037950 1
8003794c 1
8003794a 1
80037948 1
80037946 1
800379ee 1
80037940 1
8003793e 1
8003793c 1
80037938 1
80037934 1
80037930 1
8003792e 1
8003792c 1
80037928 1
80037926 1
80022bb4 1
80022c1e 1
80022c1a 1
80022c18 1
80022c14 1
80022c12 1
80022bcc 1
80022bc8 1
80022bc4 1
80022bc0 1
80022bbc 1
80022bb8 1
80022c22 1
80022bb0 1
80022bac 1
80022baa 1
80022b6a 1
80022b68 1
80022b64 1
80022b60 1
80022b5c 1
80022b58 1
80022b56 1
80022c88 1
80022cec 1
80022cea 1
80022ce6 1
80022ce4 1
80022ca4 1
80022ca0 1
80022c9c 1
80022c98 1
80022c94 1
80022c90 1
80022c8c 1
80022b52 1
80022c84 1
80022c82 1
80022c7e 1
80022c7c 1
80022c3a 1
80022c36 1
80022c32 1
80022c2e 1
80022c2a 1
80022c26 1
80037a0a 1
80022b18 1
80037a28 1
80037a26 1
80037a24 1
80037a20 1
80037a1c 1
80037a1a 1
80037a18 1
80037a14 1
80037a12 1
80037a0e 1
80022b1a 1
80037a08 1
80037a06 1
80037a02 1
80037a00 1
800379fe 1
800379fc 1
800379f8 1
800379f6 1
800379f4 1
800379f2 1
80022b34 1
80022b4e 1
80022b4a 1
80022b48 1
80022b46 1
80022b44 1
80022b42 1
80022b40 1
80022b3e 1
80022b3c 1
80022b38 1
800380d4 1
80022b30 1
80022b2c 1
80022b2a 1
80022b28 1
80022b26 1
80022b24 1
80022b22 1
80022b20 1
80022b1e 1
80022b1c 1
80038786 1
800387a0 1
8003879e 1
8003879c 1
8003879a 1
80038796 1
80038794 1
80038792 1
80038790 1
8003878c 1
8003878a 1
80038788 1
800387a2 1
80038782 1
80038780 1
8003877e 1
8003877c 1
80038778 1
80038776 1
80038774 1
80038772 1
80038770 1
8003876e 1
800387c2 1
800245a4 1
800245a2 1
800245a0 1
8002459e 1
8002459c 1
8002459a 1
800387ce 1
800387cc 1
800387c8 1
800387c6 1
800387c4 1
8003876c 1
800387be 1
800387ba 1
800387b8 1
800387b6 1
800387b2 1
800387b0 1
800387ac 1
800387aa 1
800387a6 1
800387a4 1
800244c6 1
80038734 1
80038732 1
8003872e 1
8003872c 1
80024598 1
80024596 1
80024594 1
80024592 1
80024590 1
800244ce 1
800244ca 1
80038736 1
800244c4 1
800244c0 1
800244bc 1
800244b8 1
800244b4 1
800244b0 1
800244ac 1
800244a8 1
800244a4 1
800244a0 1
8003874e 1
8003876a 1
80038766 1
80038764 1
80038762 1
80038760 1
8003875e 1
8003875a 1
80038758 1
80038756 1
80038754 1
80038750 1
800245a6 1
8003874c 1
8003874a 1
80038746 1
80038744 1
80038742 1
80038740 1
8003873e 1
8003873c 1
8003873a 1
80038738 1
80038832 1
8003884c 1
8003884a 1
80038848 1
80038846 1
80038844 1
80038840 1
8003883e 1
8003883c 1
8003883a 1
80038836 1
80038834 1
8003884e 1
80038830 1
8003882c 1
8003882a 1
80038828 1
80038826 1
80038822 1
80038820 1
8003881e 1
8003881c 1
8003881a 1
80038870 1
80024680 1
8002467e 1
8002467c 1
8002467a 1
80038882 1
8003887e 1
8003887c 1
8003887a 1
80038878 1
80038874 1
80038872 1
80038818 1
8003886c 1
80038868 1
80038864 1
80038862 1
80038860 1
8003885c 1
80038858 1
80038856 1
80038854 1
80038850 1
8002466e 1
800387e0 1
800387de 1
800387da 1
800387d8 1
800387d4 1
800387d2 1
80024678 1
80024676 1
80024674 1
80024672 1
80024670 1
800387e2 1
8002466c 1
800245c4 1
800245c0 1
800245bc 1
800245ba 1
800245b8 1
800245b4 1
800245b0 1
800245ac 1
800245a8 1
800387fa 1
80038816 1
80038814 1
80038810 1
8003880e 1
8003880c 1
8003880a 1
80038808 1
80038804 1
80038802 1
80038800 1
800387fe 1
8002449e 1
800387f8 1
800387f6 1
800387f4 1
800387f0 1
800387ee 1
800387ec 1
800387ea 1
800387e8 1
800387e6 1
800387e4 1
800243aa 1
800243c0 1
800243be 1
800243bc 1
800243ba 1
800243b8 1
800243b6 1
800243b4 1
800243b2 1
800243b0 1
800243ae 1
800243ac 1
800243c2 1
800243a8 1
800243a6 1
800241f6 1
800241f4 1
800241f0 1
800241ee 1
800241ea 1
800241e6 1
800241e2 1
800241de 1
8003864c 1
80038668 1
80038666 1
80038662 1
80038660 1
8003865e 1
8003865c 1
80038658 1
80038656 1
80038654 1
80038652 1
8003864e 1
800241da 1
8003864a 1
80038648 1
80038646 1
80038644 1
80038642 1
80038640 1
8003863e 1
8003863c 1
80038638 1
80038636 1
80024152 1
8002417e 1
8002417a 1
80024176 1
80024172 1
8002416e 1
8002416a 1
80024166 1
80024162 1
8002415e 1
8002415a 1
80024156 1
80024182 1
8002414e 1
8002414a 1
80024146 1
80024142 1
8002413e 1
8002413a 1
80024136 1
80024132 1
8002412e 1
8002412a 1
800241ae 1
800241d6 1
800241d4 1
800241d0 1
800241cc 1
800241ca 1
800241c6 1
800241c2 1
800241be 1
800241ba 1
800241b6 1
800241b2 1
8003866a 1
800241aa 1
800241a6 1
800241a2 1
8002419e 1
8002419a 1
80024196 1
80024192 1
8002418e 1
8002418a 1
80024186 1
800386ca 1
800386f2 1
800386ee 1
800386ea 1
800386e6 1
800386e2 1
800386de 1
800386da 1
800386d6 1
800386d4 1
800386d2 1
800386ce 1
800386f4 1
80024494 1
80024492 1
80024490 1
800243f0 1
800243ec 1
800243e8 1
800243e4 1
800243e0 1
800243dc 1
800243da 1
80038716 1
8002449c 1
8002449a 1
80024498 1
80024496 1
80038728 1
80038726 1
80038724 1
80038722 1
8003871e 1
8003871c 1
8003871a 1
800243d6 1
80038714 1
80038712 1
8003870e 1
8003870a 1
80038706 1
80038704 1
80038702 1
800386fe 1
800386fa 1
800386f6 1
80038684 1
8003869e 1
8003869c 1
8003869a 1
80038698 1
80038694 1
80038692 1
80038690 1
8003868e 1
8003868a 1
80038688 1
80038686 1
800386a2 1
80038680 1
8003867e 1
8003867c 1
8003867a 1
80038678 1
80038676 1
80038674 1
80038672 1
8003866e 1
8003866c 1
800386bc 1
800243d2 1
800243ce 1
800243ca 1
800243c8 1
800243c6 1
800243c4 1
800386c6 1
800386c4 1
800386c0 1
800386be 1
80024682 1
800386ba 1
800386b8 1
800386b4 1
800386b2 1
800386b0 1
800386ae 1
800386ac 1
800386a8 1
800386a6 1
800386a4 1
80038ac8 1
80038ae6 1
80038ae2 1
80038ae0 1
80038adc 1
80038ada 1
80038ad8 1
80038ad6 1
80038ad2 1
80038ad0 1
80038ace 1
80038aca 1
80038ae8 1
80038ac4 1
80038ac2 1
80038ac0 1
80038abe 1
80038aba 1
80038ab8 1
80038ab6 1
80038ab4 1
80038ab2 1
80038aae 1
80038b0c 1
80038b36 1
80038b32 1
80038b2e 1
80038b2a 1
80038b26 1
80038b24 1
80038b20 1
80038b1c 1
80038b18 1
80038b14 1
80038b10 1
80038aac 1
80038b0a 1
80038b08 1
80038b04 1
80038b00 1
80038afc 1
80038af8 1
80038af4 1
80038af2 1
80038aee 1
80038aea 1
80038a3e 1
80038a68 1
80038a64 1
80038a60 1
80038a5c 1
80038a58 1
80038a54 1
80038a52 1
80038a4e 1
80038a4a 1
80038a46 1
80038a42 1
80038a6a 1
80038a3a 1
80038a36 1
80038a32 1
80038a2e 1
80038a2c 1
80038a28 1
80038a24 1
80038a20 1
80038a1c 1
80038a18 1
80038a8c 1
80038aaa 1
80038aa8 1
80038aa6 1
80038aa2 1
80038aa0 1
80038a9c 1
80038a9a 1
80038a98 1
80038a94 1
80038a92 1
80038a90 1
80038b3a 1
80038a88 1
80038a86 1
80038a82 1
80038a80 1
80038a7c 1
80038a78 1
80038a74 1
80038a72 1
80038a70 1
80038a6c 1
80038bf2 1
80038c1c 1
80038c18 1
80038c16 1
80038c12 1
80038c0e 1
80038c0a 1
80038c06 1
80038c02 1
80038bfe 1
80038bfa 1
80038bf6 1
80038c20 1
80038bee 1
80038bec 1
80038be8 1
80038be6 1
80038be2 1
80038bde 1
80038bda 1
80038bd6 1
80038bd2 1
80038bd0 1
80038c42 1
80038c64 1
80038c62 1
80038c5e 1
80038c5c 1
80038c5a 1
80038c56 1
80038c54 1
80038c52 1
80038c4e 1
80038c4a 1
80038c46 1
80038bce 1
80038c40 1
80038c3c 1
80038c3a 1
80038c38 1
80038c34 1
80038c32 1
80038c2e 1
80038c2a 1
80038c28 1
80038c24 1
80038b60 1
80038b84 1
80038b80 1
80038b7c 1
80038b78 1
80038b74 1
80038b72 1
80038b70 1
80038b6e 1
80038b6a 1
80038b66 1
80038b64 1
80038b88 1
80038b5e 1
80038b5c 1
80038b58 1
80038b56 1
80038b52 1
80038b4e 1
80038b4a 1
80038b46 1
80038b42 1
80038b3e 1
80038baa 1
80038bca 1
80038bc8 1
80038bc4 1
80038bc0 1
80038bbc 1
80038bb8 1
80038bb4 1
80038bb2 1
80038bae 1
80038bac 1
80038a14 1
80038ba6 1
80038ba4 1
80038ba0 1
80038b9e 1
80038b9c 1
80038b98 1
80038b96 1
80038b94 1
80038b90 1
80038b8c 1
8003889e 1
800388b8 1
800388b6 1
800388b4 1
800388b2 1
800388ae 1
800388ac 1
800388aa 1
800388a6 1
800388a4 1
800388a2 1
800388a0 1
800388bc 1
8003889c 1
8003889a 1
80038896 1
80038892 1
80038890 1
8003888e 1
8003888c 1
80038888 1
80038886 1
8002492e 1
800388d6 1
800388f2 1
800388f0 1
800388ec 1
800388ea 1
800388e8 1
800388e6 1
800388e2 1
800388e0 1
800388de 1
800388dc 1
800388d8 1
8002492c 1
800388d4 1
800388d2 1
800388ce 1
800388cc 1
800388ca 1
800388c8 1
800388c6 1
800388c2 1
800388c0 1
800388be 1
800246a4 1
8002474c 1
80024748 1
80024744 1
80024740 1
8002473c 1
8002473a 1
800246b4 1
800246b0 1
800246ac 1
800246aa 1
800246a6 1
80024750 1
800246a2 1
8002469e 1
8002469a 1
80024696 1
80024692 1
8002468e 1
8002468a 1
80024688 1
80024686 1
80024684 1
80024882 1
8002492a 1
80024928 1
80024926 1
80024924 1
8002489c 1
80024898 1
80024894 1
80024890 1
8002488c 1
8002488a 1
80024886 1
800388f4 1
80024880 1
800247f8 1
800247f4 1
800247f0 1
800247ec 1
800247e8 1
800247e6 1
800247e2 1
800247de 1
800247dc 1
800389a4 1
800389c6 1
800389c4 1
800389c0 1
800389bc 1
800389b8 1
800389b4 1
800389b2 1
800389b0 1
800389ae 1
800389aa 1
800389a6 1
800389ca 1
800389a0 1
8003899c 1
8003899a 1
80038996 1
80038992 1
80038990 1
8003898c 1
80038988 1
80038984 1
80038980 1
800389ec 1
80038a10 1
80038a0c 1
80038a0a 1
80038a06 1
80038a02 1
800389fe 1
800389fa 1
800389f6 1
800389f2 1
800389f0 1
800389ee 1
8003897c 1
800389e8 1
800389e6 1
800389e2 1
800389e0 1
800389de 1
800389da 1
800389d8 1
800389d6 1
800389d2 1
800389ce 1
8003890c 1
8003892a 1
80038928 1
80038924 1
80038922 1
8003891e 1
8003891c 1
80038918 1
80038916 1
80038914 1
80038912 1
8003890e 1
8003892e 1
8003890a 1
80038908 1
80038906 1
80038904 1
80038900 1
800388fe 1
800388fc 1
800388fa 1
800388f8 1
800388f6 1
80038954 1
80038978 1
80038976 1
80038972 1
8003896e 1
8003896c 1
80038968 1
80038964 1
80038960 1
8003895c 1
80038958 1
80024126 1
80038950 1
8003894e 1
8003894c 1
80038948 1
80038944 1
80038940 1
8003893c 1
80038938 1
80038934 1
80038930 1
800382e4 1
80038304 1
80038300 1
800382fe 1
800382fc 1
800382fa 1
800382f6 1
800382f2 1
800382ee 1
800382ec 1
800382ea 1
800382e6 1
80038306 1
800382e0 1
800382de 1
800382dc 1
800382d8 1
800382d4 1
800382d0 1
800382ce 1
800382cc 1
800382c8 1
800382c6 1
80038322 1
80038348 1
80038344 1
80038340 1
8003833c 1
80038338 1
80038336 1
80038334 1
80038330 1
8003832c 1
80038328 1
80038326 1
800382c2 1
80038320 1
8003831e 1
8003831c 1
80038318 1
80038316 1
80038314 1
80038310 1
8003830e 1
8003830a 1
80038308 1
8002397a 1
80023a3e 1
80023a3a 1
80023a36 1
80023a34 1
80023a30 1
80023a2c 1
80023a2a 1
8002398a 1
80023986 1
80023982 1
8002397e 1
80023a42 1
80023978 1
80023974 1
80023970 1
8002396e 1
800238d6 1
800238d2 1
800238ce 1
800238ca 1
800238c6 1
800238c2 1
80023ba2 1
800382c0 1
800382be 1
80023bb4 1
80023bb2 1
80023bb0 1
80023bae 1
80023bac 1
80023baa 1
80023ba8 1
80023ba6 1
80023ba4 1
8003834a 1
80023b02 1
80023afe 1
80023afa 1
80023af6 1
80023af2 1
80023af0 1
80023aec 1
80023ae8 1
80023ae6 1
80023a46 1
80023bb6 1
80023bce 1
80023bca 1
80023bc8 1
80023bc6 1
80023bc4 1
80023bc2 1
80023bc0 1
80023bbe 1
80023bbc 1
80023bba 1
80023bb8 1
80023bd2 1
800383e8 1
800383e6 1
800383e4 1
800383e0 1
800383dc 1
800383da 1
800383d8 1
800383d4 1
800383d2 1
800383ce 1
80023bf0 1
80023c52 1
80023c4e 1
80023c4a 1
80023c48 1
80023c08 1
80023c06 1
80023c02 1
80023bfe 1
80023bfa 1
80023bf6 1
80023bf4 1
800383ca 1
80023bec 1
80023be8 1
80023be6 1
80023be4 1
80023be2 1
80023be0 1
80023bde 1
80023bdc 1
80023bda 1
80023bd6 1
8003836a 1
8003838c 1
8003838a 1
80038386 1
80038384 1
80038382 1
8003837e 1
8003837a 1
80038376 1
80038372 1
80038370 1
8003836e 1
8003838e 1
80038366 1
80038362 1
80038360 1
8003835e 1
8003835a 1
80038358 1
80038356 1
80038352 1
8003834e 1
8003834c 1
800383ae 1
800383c8 1
800383c6 1
800383c2 1
800383c0 1
800383be 1
800383bc 1
800383b8 1
800383b6 1
800383b4 1
800383b2 1
800238c0 1
800383aa 1
800383a6 1
800383a4 1
800383a2 1
8003839e 1
8003839c 1
8003839a 1
80038396 1
80038394 1
80038392 1
80038178 1
80038196 1
80038194 1
80038192 1
80038190 1
8003818c 1
8003818a 1
80038186 1
80038184 1
80038182 1
8003817e 1
8003817c 1
80038198 1
80038174 1
80038172 1
8003816e 1
8003816a 1
80038166 1
80038164 1
80038160 1
8003815e 1
8003815a 1
80038156 1
800381b8 1
800381d8 1
800381d4 1
800381d2 1
800381ce 1
800381cc 1
800381ca 1
800381c6 1
800381c4 1
800381c0 1
800381be 1
800381bc 1
80038154 1
800381b6 1
800381b4 1
800381b2 1
800381b0 1
800381ac 1
800381aa 1
800381a6 1
800381a2 1
8003819e 1
8003819c 1
800380f0 1
8003810e 1
8003810a 1
80038108 1
80038106 1
80038104 1
80038100 1
800380fc 1
800380fa 1
800380f8 1
800380f6 1
800380f2 1
80038110 1
800380ee 1
800380ec 1
800380ea 1
800380e6 1
800380e4 1
800380e2 1
800380e0 1
800380de 1
800380da 1
800380d8 1
80038130 1
80038152 1
8003814e 1
8003814a 1
80038146 1
80038144 1
80038142 1
8003813e 1
8003813c 1
8003813a 1
80038136 1
80038134 1
800381dc 1
8003812e 1
8003812a 1
80038128 1
80038124 1
80038122 1
8003811e 1
8003811c 1
80038118 1
80038116 1
80038114 1
80038292 1
800382b0 1
800382ac 1
800382aa 1
800382a8 1
800382a4 1
800382a2 1
800382a0 1
8003829c 1
8003829a 1
80038296 1
80038294 1
800382b2 1
80038290 1
8003828e 1
8003828c 1
8003828a 1
80038288 1
80038284 1
80038282 1
8003827e 1
8003827c 1
8003827a 1
800238a0 1
800238be 1
800238bc 1
800238b8 1
800238b4 1
800238b0 1
800238ac 1
800238aa 1
800238a8 1
800238a6 1
800238a4 1
800238a2 1
80038276 1
8002389e 1
8002389c 1
8002389a 1
80023898 1
80023896 1
80023894 1
80023892 1
800382ba 1
800382b8 1
800382b4 1
80038202 1
8003822a 1
80038226 1
80038222 1
8003821e 1
8003821a 1
80038216 1
80038212 1
8003820e 1
8003820c 1
80038208 1
80038206 1
8003822e 1
800381fe 1
800381fa 1
800381f6 1
800381f2 1
800381f0 1
800381ee 1
800381ea 1
800381e8 1
800381e4 1
800381e0 1
80038254 1
80038274 1
80038272 1
8003826e 1
8003826a 1
80038266 1
80038262 1
80038260 1
8003825c 1
8003825a 1
80038258 1
80023c56 1
80038252 1
8003824e 1
8003824a 1
80038248 1
80038244 1
80038240 1
8003823c 1
80038238 1
80038236 1
80038232 1
80038526 1
80038542 1
80038540 1
8003853c 1
8003853a 1
80038538 1
80038536 1
80038532 1
80038530 1
8003852e 1
8003852c 1
80038528 1
80038544 1
80038524 1
80038522 1
80038520 1
8003851e 1
8003851c 1
8003851a 1
80038518 1
80038516 1
80038512 1
80038510 1
8003855c 1
80038578 1
80038576 1
80038574 1
80038570 1
8003856e 1
8003856c 1
8003856a 1
80038566 1
80038564 1
80038562 1
80038560 1
8003850e 1
8003855a 1
80038558 1
80038556 1
80038554 1
80038552 1
80038550 1
8003854e 1
8003854a 1
80038548 1
80038546 1
800384ec 1
80024008 1
80024006 1
80024004 1
80038500 1
800384fe 1
800384fa 1
800384f8 1
800384f6 1
800384f4 1
800384f2 1
800384ee 1
8002400a 1
800384ea 1
800384e6 1
800384e4 1
800384e2 1
800384de 1
800384da 1
800384d6 1
800384d4 1
800384d2 1
800384ce 1
80024032 1
8003850c 1
80038508 1
80038504 1
80024106 1
80024104 1
80024102 1
80024100 1
800240fe 1
8002403c 1
80024038 1
80024034 1
8003857a 1
8002402e 1
8002402a 1
80024026 1
80024022 1
8002401e 1
8002401a 1
80024016 1
80024012 1
8002400e 1
8002400c 1
80038604 1
8003861e 1
8003861a 1
80038618 1
80038616 1
80038614 1
80038610 1
8003860e 1
8003860c 1
8003860a 1
80038608 1
80038606 1
80038620 1
80038600 1
800385fe 1
800385fc 1
800385fa 1
800385f6 1
800385f4 1
800385f2 1
800385f0 1
800385ec 1
800385ea 1
8002410e 1
80024124 1
80024122 1
80024120 1
8002411e 1
8002411c 1
8002411a 1
80024118 1
80024116 1
80024114 1
80024112 1
80024110 1
800385e8 1
8002410c 1
8002410a 1
80024108 1
80038632 1
80038630 1
8003862c 1
8003862a 1
80038628 1
80038624 1
80038622 1
80038596 1
800385b0 1
800385ae 1
800385ac 1
800385aa 1
800385a8 1
800385a6 1
800385a4 1
800385a2 1
800385a0 1
8003859e 1
8003859a 1
800385b4 1
80038592 1
80038590 1
8003858e 1
8003858c 1
8003858a 1
80038588 1
80038584 1
80038582 1
80038580 1
8003857e 1
800385ce 1
800385e6 1
800385e2 1
800385e0 1
800385de 1
800385dc 1
800385da 1
800385d8 1
800385d6 1
800385d4 1
800385d0 1
800384ca 1
800385cc 1
800385ca 1
800385c8 1
800385c4 1
800385c2 1
800385c0 1
800385be 1
800385ba 1
800385b8 1
800385b6 1
80023e5e 1
80023ec6 1
80023ec2 1
80023ec0 1
80023e7e 1
80023e7a 1
80023e76 1
80023e72 1
80023e6e 1
80023e6a 1
80023e66 1
80023e62 1
80023ec8 1
80023e5c 1
80023e58 1
80023e56 1
80023e14 1
80023e10 1
80023e0c 1
80023e08 1
80023e04 1
80023e00 1
80023dfc 1
80023f2e 1
80038400 1
800383fe 1
800383fc 1
800383fa 1
800383f8 1
800383f6 1
800383f4 1
800383f2 1
800383ee 1
800383ec 1
80023f30 1
80023df8 1
80023f2c 1
80023f2a 1
80023ee8 1
80023ee4 1
80023ee0 1
80023edc 1
80023ed8 1
80023ed4 1
80023ed0 1
80023ecc 1
80023cc0 1
80023d26 1
80023d22 1
80023d20 1
80023d1c 1
80023d1a 1
80023cd8 1
80023cd4 1
80023cd0 1
80023ccc 1
80023cc8 1
80023cc4 1
80023d2a 1
80023cbc 1
80023cb8 1
80023cb6 1
80023cb2 1
80023cb0 1
80023c6a 1
80023c66 1
80023c62 1
80023c5e 1
80023c5a 1
80023d8e 1
80023df4 1
80023df2 1
80023dee 1
80023dec 1
80023daa 1
80023da6 1
80023da2 1
80023d9e 1
80023d9a 1
80023d96 1
80023d92 1
80038402 1
80023d8a 1
80023d88 1
80023d84 1
80023d82 1
80023d42 1
80023d3e 1
80023d3a 1
80023d36 1
80023d32 1
80023d2e 1
8003848e 1
80023f48 1
80023f44 1
80023f40 1
80023f3c 1
80023f38 1
80023f36 1
80023f34 1
80023f32 1
80038496 1
80038494 1
80038490 1
80023f4a 1
8003848c 1
8003848a 1
80038488 1
80038484 1
80038482 1
80038480 1
8003847c 1
80038478 1
80038474 1
80038472 1
800384a2 1
800384c6 1
800384c4 1
800384c2 1
800384be 1
800384ba 1
800384b6 1
800384b2 1
800384ae 1
800384aa 1
800384a6 1
800384a4 1
80038470 1
8003849e 1
8003849a 1
80024002 1
80024000 1
80023ffe 1
80023f5e 1
80023f5a 1
80023f56 1
80023f52 1
80023f4e 1
8003841e 1
80038436 1
80038434 1
80038432 1
80038430 1
8003842e 1
8003842c 1
8003842a 1
80038426 1
80038424 1
80038422 1
80038420 1
80038438 1
8003841a 1
80038418 1
80038416 1
80038414 1
80038410 1
8003840e 1
8003840c 1
8003840a 1
80038406 1
80038404 1
80038454 1
8003846c 1
8003846a 1
80038466 1
80038464 1
80038462 1
80038460 1
8003845e 1
8003845c 1
8003845a 1
80038456 1
800270a2 1
80038452 1
80038450 1
8003844c 1
8003844a 1
80038448 1
80038446 1
80038442 1
80038440 1
8003843e 1
8003843c 1
80001b78 1
8003cd1c 1
8003cd16 1
8003cd0c 1
8003cd04 1
8003cd00 1
8003ccfc 1
8003ccf2 1
8003cce8 1
8002b558 1
8002b556 1
8002b554 1
8003cd26 1
8002b552 1
8002b550 1
80001b70 1
80001b6c 1
80001b68 1
80001b26 1
80001b22 1
80001b1e 1
80001b16 1
80001b12 1
8003cd64 1
8003cdae 1
8003cdaa 1
8003cda4 1
8003cd9e 1
8003cd94 1
8003cd90 1
8003cd8a 1
8003cd74 1
8003cd70 1
8003cd6c 1
8003cd68 1
80001b0e 1
8003cd5c 1
8003cd58 1
8003cd54 1
8003cd50 1
8003cd48 1
8003cd44 1
8003cd40 1
8003cd3c 1
8003cd38 1
8003cd2a 1
8002b38e 1
8002b454 1
8002b450 1
8002b3b0 1
8002b3ac 1
8002b3a8 1
8002b3a4 1
8002b3a0 1
8002b39c 1
8002b39a 1
8002b396 1
8002b392 1
8003cca8 1
8002b38a 1
8002b388 1
8002b386 1
8002b384 1
8003cc78 1
8003cc70 1
8003cc6c 1
8003cc5c 1
8003cc50 1
8003cc48 1
8002b47c 1
80001b0a 1
80001b06 1
80001afe 1
80001af0 1
80001aea 1
80001ad6 1
80001ad2 1
80001ace 1
80001aca 1
8002b484 1
8002b480 1
8003cdb4 1
8002b478 1
8002b474 1
8002b470 1
8002b46c 1
8003cce2 1
8003ccdc 1
8003ccd8 1
8003ccce 1
8003ccc8 1
8003ccb8 1
8002b5a8 1
8002b5cc 1
8002b5c8 1
8002b5c4 1
8002b5c0 1
8002b5bc 1
8002b5b8 1
8002b5b4 1
80001bd6 1
8002b5b0 1
80001bd2 1
8002b5ac 1
8002b5d0 1
80001bca 1
8002b5a4 1
80001bc6 1
8002b5a0 1
80001bc2 1
8002b59c 1
80001bbe 1
8002b598 1
80001bba 1
8002b594 1
8002b5fc 1
8002b618 1
8002b614 1
8002b610 1
80001c32 1
8002b60c 1
80001c2e 1
8002b608 1
8002b604 1
80001c26 1
8002b600 1
80001c22 1
80001bb6 1
8002b5f8 1
8002b5f4 1
8002b5f0 1
8002b5ec 1
8002b5e8 1
8002b5e4 1
8002b5e0 1
8002b5dc 1
8002b5d8 1
8002b5d4 1
8003ce00 1
8002b562 1
8002b560 1
8002b55e 1
8002b55c 1
8002b55a 1
8003ce1c 1
8003ce18 1
8003ce14 1
8003ce10 1
8003ce0c 1
8003ce04 1
8002b564 1
8003cdfc 1
8003cdf8 1
8003cdf4 1
8003cdf0 1
8003cdea 1
8003cde6 1
8003cdd2 1
8003cdc8 1
8003cdbc 1
8003cdb8 1
8002b572 1
8002b590 1
8002b58c 1
8002b588 1
8002b584 1
8002b580 1
8002b57c 1
8002b578 1
80001b9c 1
8002b576 1
8002b574 1
80001b98 1
8003cc44 1
8002b570 1
80001b94 1
8002b56e 1
80001b92 1
8002b56c 1
80001b90 1
8002b56a 1
80001b8e 1
8002b568 1
8002b566 1
8003cb80 1
8002b00a 1
8003cbc8 1
8003cbc4 1
8003cbc0 1
8003cbbc 1
8003cbb8 1
8003cbac 1
8003cba4 1
8003cba0 1
8003cb9c 1
8003cb98 1
8002b012 1
8003cb7c 1
8003cb78 1
8003cb74 1
8003cb70 1
8003cb6c 1
8003cb68 1
8003cb64 1
8003cb60 1
8003cb5c 1
8003cb58 1
8002b04c 1
8002b0b0 1
8002b0ac 1
8002b0a8 1
8002b0a4 1
8002b0a0 1
8002b09c 1
8002b09a 1
8002b05a 1
8002b058 1
8002b054 1
8002b050 1
8003cb54 1
8002b048 1
8002b046 1
8002b042 1
8002b03e 1
8002b03a 1
8002b038 1
8002b036 1
8002b032 1
8002b02e 1
8002b01a 1
8000161c 1
8002b002 1
80001626 1
8002b000 1
80001624 1
8002affe 1
80001622 1
8002affc 1
80001620 1
8002affa 1
8000161e 1
8002aff8 1
80001628 1
8002aff6 1
8002aff4 1
80001614 1
80001610 1
8000160e 1
8002af54 1
80001552 1
8000154e 1
8000154a 1
80001546 1
8003cad6 1
8003cb50 1
8003cb4c 1
8003cb48 1
8003cb34 1
8003cb26 1
8003cb22 1
8003cb0c 1
8003cb08 1
8003cb04 1
8003caea 1
8003cada 1
8002b0b4 1
8003cad2 1
8003caca 1
8003caba 1
8003cab2 1
8003caae 1
8003caaa 1
8000162c 1
8002b006 1
8000162a 1
8002b004 1
8002b2b8 1
8002b31e 1
8002b31a 1
8002b318 1
8002b314 1
8002b312 1
8002b2d0 1
8002b2cc 1
8002b2c8 1
8002b2c4 1
8002b2c0 1
8002b2bc 1
8002b322 1
8002b2b4 1
8002b2b0 1
8002b2ae 1
8002b2aa 1
8002b2a8 1
8002b266 1
8002b262 1
8002b25e 1
8002b25a 1
8002b256 1
8003cbd2 1
8003cc40 1
8003cc36 1
8003cc2e 1
8003cc2a 1
8003cbf8 1
8003cbec 1
8003cbe8 1
8003cbe4 1
8003cbe0 1
8003cbdc 1
8003cbd8 1
8002b252 1
8002b382 1
8002b380 1
8002b37e 1
8002b37c 1
8002b33a 1
8002b336 1
8002b332 1
8002b32e 1
8002b32a 1
8002b326 1
8002b11e 1
8002b184 1
8002b180 1
8002b17c 1
8002b178 1
8002b174 1
8002b172 1
8002b16e 1
8002b16c 1
8002b12a 1
8002b126 1
8002b122 1
8002b188 1
8002b11a 1
8002b116 1
8002b112 1
8002b10e 1
8002b10a 1
8002b108 1
8002b104 1
8002b102 1
8002b0bc 1
8002b0b8 1
8002b1ec 1
8002b24e 1
8002b24a 1
8002b246 1
8002b244 1
8002b240 1
8002b23e 1
8002b1fc 1
8002b1f8 1
8002b1f4 1
8002b1f0 1
8002b61c 1
8002b1e8 1
8002b1e4 1
8002b1e0 1
8002b1dc 1
8002b1da 1
8002b1d6 1
8002b1d4 1
8002b194 1
8002b190 1
8002b18c 1
80047348 1
80047408 1
80047404 1
80047400 1
800473fc 1
800473f8 1
800473f0 1
800473c0 1
800473b4 1
800473b0 1
80047358 1
8004734c 1
8004740c 1
80047318 1
80047314 1
80047310 1
8004730c 1
80047308 1
80047304 1
80047300 1
800472fc 1
800472f8 1
800472f4 1
80047450 1
800474e0 1
800474dc 1
800474d8 1
800474d4 1
800474d0 1
800474cc 1
800474c4 1
80047494 1
80047488 1
80047484 1
80047454 1
800472e8 1
8004744c 1
80047448 1
80047444 1
80047440 1
8004743c 1
80047438 1
80047434 1
80047430 1
80047424 1
80047414 1
80047176 1
800471a2 1
8004719e 1
8004719a 1
80047196 1
80047192 1
8004718e 1
8004718a 1
80047186 1
80047182 1
8004717e 1
8004717a 1
800471a6 1
80047172 1
8004716e 1
8004716a 1
80047152 1
8004714c 1
80047132 1
8004712e 1
8004711e 1
80047112 1
8004710e 1
80047270 1
800472d8 1
800472d0 1
800472cc 1
800472c8 1
800472c4 1
800472c0 1
800472bc 1
800472b4 1
800472b0 1
80047280 1
8004727c 1
800474e8 1
80047254 1
8004724c 1
8004722c 1
80047228 1
80047224 1
800471d4 1
800471c6 1
800471b6 1
800471b2 1
800471aa 1
80049424 1
80049484 1
80049472 1
8004946e 1
8004946a 1
80049466 1
80049454 1
80049444 1
80049440 1
8004943c 1
80049438 1
8004942a 1
80049488 1
8004941a 1
8004940c 1
80049400 1
800493fc 1
800493f0 1
800493e2 1
800493de 1
800493da 1
800493d6 1
800493c2 1
800494f0 1
80049544 1
80049540 1
8004953c 1
80049538 1
80049534 1
80049526 1
80049522 1
8004951e 1
8004950a 1
80049506 1
80049502 1
800493b2 1
800494ec 1
800494e6 1
800494de 1
800494da 1
800494d6 1
800494be 1
800494ba 1
800494b6 1
800494b2 1
8004948e 1
80047528 1
800475b4 1
800475b0 1
800475ac 1
800475a8 1
800475a4 1
80047580 1
8004757c 1
80047578 1
80047574 1
8004755c 1
80047558 1
800475b8 1
80047524 1
80047520 1
8004751c 1
80047518 1
80047514 1
80047510 1
8004750c 1
80047508 1
80047504 1
800474f8 1
8004778e 1
800493ac 1
80049390 1
80049388 1
8004937a 1
80049376 1
800477b6 1
800477ae 1
800477aa 1
800477a6 1
800477a2 1
8004710a 1
8004778a 1
80047786 1
80047782 1
80047730 1
80047728 1
80047680 1
8004767c 1
80047674 1
80047670 1
800475bc 1
8002b810 1
8003ce5a 1
8003ce54 1
8003ce4c 1
8003ce38 1
8003ce34 1
8003ce30 1
8003ce2c 1
8003ce28 1
8003ce24 1
8002b814 1
8002b812 1
8003ce60 1
8002b80e 1
8002b80c 1
8002b80a 1
8002b808 1
8002b806 1
8002b804 1
8002b802 1
8002b800 1
8002b7fe 1
8002b7fc 1
8003ceb4 1
8002b836 1
8002b832 1
8002b82e 1
8002b82c 1
8002b828 1
8002b824 1
8002b820 1
8002b81c 1
8002b81a 1
8002b818 1
8002b816 1
8002b7fa 1
8003ceb0 1
8003ceac 1
8003cea2 1
8003ce9e 1
8003ce94 1
8003ce7c 1
8003ce78 1
8003ce74 1
8003ce6a 1
8003ce66 1
80001c52 1
80001c6e 1
8002b648 1
8002b646 1
80001c68 1
8002b642 1
80001c66 1
8002b640 1
8002b63c 1
8002b638 1
8002b634 1
8002b630 1
80001cc0 1
8002b62c 1
80001c4e 1
8002b628 1
80001c4c 1
8002b626 1
80001c48 1
8002b622 1
80001c44 1
8002b61e 1
80001c42 1
80001d38 1
8002b7f8 1
80001c74 1
80001c72 1
80001c70 1
80001d7c 1
80001d78 1
80001d74 1
80001d58 1
80001d44 1
80001d40 1
80001d3c 1
8002b83a 1
80001d34 1
80001d30 1
80001d2c 1
80001d28 1
80001d24 1
80001d20 1
80001d04 1
80001cdc 1
80001cd8 1
80001ccc 1
80049fe6 1
8004a02a 1
8004a01c 1
8004a016 1
8004a010 1
8004a00c 1
8004a008 1
8004a004 1
80049ffe 1
80049ff4 1
80049ff0 1
80049fec 1
8004a034 1
80049fdc 1
80049fd8 1
80049fd4 1
80049fd0 1
80049fcc 1
8003cfaa 1
8003cfa6 1
8003cfa2 1
8003cf9e 1
8003cf9a 1
8004a074 1
800470fa 1
800470f6 1
8004a0dc 1
8004a0ca 1
8004a0c2 1
8004a098 1
8004a094 1
8004a090 1
8004a08a 1
8004a07c 1
8004a078 1
8003cf96 1
8004a070 1
8004a06c 1
8004a064 1
8004a050 1
8004a04c 1
8004a048 1
8004a044 1
8004a040 1
8004a03c 1
8004a038 1
8003cf08 1
8002b91c 1
8002b918 1
8002b916 1
8002b912 1
8002b90e 1
8002b8fe 1
8002b8fa 1
8002b8f0 1
8002b8ec 1
8003cf10 1
8003cf0c 1
8002b920 1
8003cef8 1
8003cef4 1
8003cee4 1
8003cec4 1
8002b8e2 1
80001e7e 1
80001e7a 1
80001e76 1
8002b842 1
8002b83e 1
8003cf4a 1
8003cf8e 1
8003cf8a 1
8003cf86 1
8003cf82 1
8003cf7a 1
8003cf74 1
8003cf5e 1
8003cf56 1
8003cf52 1
8003cf4e 1
8000153e 1
8003cf42 1
8002b9f2 1
8002b9f0 1
8002b9ec 1
8003cf16 1
8002b9ea 1
8002b9e8 1
8002b9e6 1
8002b9e4 1
8002b9e2 1
8003c240 1
8003c28e 1
8003c288 1
8003c280 1
8003c276 1
8003c26e 1
8003c266 1
8003c262 1
8003c25a 1
8003c246 1
8003c244 1
8003c242 1
8003c298 1
8003c23c 1
8003c23a 1
8003c238 1
8003c236 1
8003c234 1
8003c232 1
8003c230 1
8003c22e 1
8003c22c 1
8003c22a 1
8002a4c8 1
8002a760 1
8002a75c 1
8002a5a8 1
8002a5a4 1
8002a588 1
8002a584 1
8002a580 1
8002a4d8 1
8002a4d4 1
8002a4d0 1
8002a4cc 1
8003c226 1
8002a4c4 1
8002a4c0 1
8002a4bc 1
8003c2c0 1
8003c2b8 1
8003c2b0 1
8003c2ac 1
8003c2a8 1
8003c2a4 1
8003c29c 1
8003c1ac 1
8003c1e8 1
8003c1e6 1
8003c1e4 1
8003c1e2 1
8003c1e0 1
8003c1de 1
8003c1da 1
8003c1d8 1
8003c1c4 1
8003c1be 1
8003c1b0 1
8003c1ec 1
8003c1a8 1
8003c1a4 1
8003c19c 1
8003c198 1
8003c194 1
8003c190 1
8002a4b8 1
8002a4b4 1
8002a3f0 1
8002a3ec 1
8003c206 1
8003c222 1
8003c21e 1
8003c21c 1
8003c21a 1
8003c218 1
8003c216 1
8003c214 1
8003c210 1
8003c20e 1
8003c20c 1
8003c20a 1
8002a764 1
8003c204 1
8003c202 1
8003c200 1
8003c1fc 1
8003c1fa 1
8003c1f8 1
8003c1f6 1
8003c1f2 1
8003c1f0 1
8003c1ee 1
8003c376 1
8003c39a 1
8003c396 1
8003c394 1
8003c392 1
8003c38e 1
8003c38a 1
8003c386 1
8003c384 1
8003c382 1
8003c37e 1
8003c37a 1
8003c39e 1
8003c372 1
8003c36e 1
8003c36a 1
8003c366 1
8003c364 1
8003c362 1
8003c35e 1
8003c35a 1
8002a848 1
8002a844 1
8002a86c 1
8003c3d2 1
8003c3ca 1
8003c3c6 1
8003c3c2 1
8003c3be 1
8002a94c 1
8002a948 1
8002a944 1
8002a878 1
8002a874 1
8002a870 1
8002a7a4 1
8002a868 1
8002a864 1
8002a860 1
8002a85c 1
8002a858 1
8002a854 1
8002a850 1
8002a84c 1
8003c3b6 1
8003c3a2 1
8003c2e0 1
8003c31a 1
8003c314 1
8003c310 1
8003c30c 1
8003c306 1
8003c302 1
8003c2fa 1
8003c2f4 1
8003c2f0 1
8003c2ec 1
8003c2e4 1
8003c332 1
8003c2dc 1
8003c2d8 1
8003c2d4 1
8003c2d0 1
8003c2cc 1
8003c2c4 1
8002a774 1
8002a770 1
8002a76c 1
8002a768 1
8003c34c 1
8002a7a0 1
8002a79c 1
8002a798 1
8002a794 1
8002a790 1
8002a77c 1
8002a778 1
8003c356 1
8003c354 1
8003c350 1
8003c34e 1
8002a3e8 1
8003c34a 1
8003c348 1
8003c344 1
8003c342 1
8003c340 1
8003c33e 1
8003c33c 1
8003c338 1
8003c336 1
8003c334 1
8003bfcc 1
8003c020 1
8003c018 1
8003c010 1
8003bff6 1
8003bff2 1
8003bfee 1
8003bfea 1
8003bfe4 1
8003bfd8 1
8003bfd4 1
8003bfd0 1
8003c028 1
8003bfb2 1
8003bfae 1
8003bfa8 1
8003bfa0 1
8003bf9c 1
8003bf98 1
8003bf90 1
8003bf7e 1
8003bf76 1
8003bf72 1
8003c058 1
80029fa0 1
80029f9c 1
80029f98 1
80029f94 1
80029f90 1
80029f7c 1
80029f78 1
80029f74 1
8003c070 1
8003c064 1
8003c05c 1
8003bf60 1
8003c054 1
8003c050 1
8003c04c 1
8003c048 1
8003c040 1
8003c03c 1
8003c038 1
8003c034 1
8003c030 1
8003c02c 1
8003bf20 1
80029c54 1
80029c50 1
80029c4c 1
80029c48 1
8003bf46 1
8003bf42 1
8003bf3e 1
8003bf3a 1
8003bf36 1
8003bf28 1
8003bf24 1
80029c58 1
8003bf1c 1
8003befc 1
8003beda 1
8003bed2 1
8003bece 1
8003beca 1
8003bec4 1
8003bebc 1
8003beb4 1
8003beac 1
80029de0 1
8003bf58 1
8003bf54 1
80029f64 1
80029f60 1
80029f5c 1
80029f58 1
80029ea4 1
80029ea0 1
80029e9c 1
80029de8 1
80029de4 1
80029fa4 1
80029d2c 1
80029d28 1
80029d24 1
80029c74 1
80029c70 1
80029c6c 1
80029c68 1
80029c64 1
80029c60 1
80029c5c 1
8003c0a8 1
8003c0f8 1
8003c0f0 1
8003c0ec 1
8003c0e8 1
8003c0e0 1
8003c0dc 1
8003c0d8 1
8003c0bc 1
8003c0b4 1
8003c0b0 1
8003c0ac 1
8003c0fe 1
8003c0a4 1
8003c0a0 1
8003c098 1
8003c094 1
8003c090 1
8003c08c 1
8003c088 1
8003c084 1
8003c080 1
8003c07c 1
8002a3b4 1
8002a3c0 1
8002a3bc 1
8002a3b8 1
8003c18c 1
8003c184 1
8003c180 1
8003c178 1
8003c170 1
8003c160 1
8003c150 1
8003c130 1
8003c078 1
8002a2fc 1
8002a2f8 1
8002a2f4 1
8002a2f0 1
8002a2ec 1
8002a2e8 1
8003c120 1
8003c11c 1
8003c118 1
8003c10e 1
8002a078 1
8002a1a8 1
8002a1a0 1
8002a13c 1
8002a138 1
8002a0d4 1
8002a0d0 1
8002a08c 1
8002a088 1
8002a084 1
8002a080 1
8002a07c 1
8002a1ac 1
8002a074 1
8002a070 1
8002a06c 1
8002a064 1
80029ffc 1
80029fba 1
80029fb6 1
80029fb2 1
80029fae 1
80029fa8 1
8002a27c 1
8002a2e4 1
8002a2e0 1
8002a29c 1
8002a298 1
8002a294 1
8002a290 1
8002a28c 1
8002a288 1
8002a284 1
8002a280 1
8003c3dc 1
8002a274 1
8002a210 1
8002a20c 1
8002a1c8 1
8002a1c4 1
8002a1c0 1
8002a1bc 1
8002a1b8 1
8002a1b4 1
8002a1b0 1
8003c880 1
8003c8ac 1
8003c8a8 1
8003c8a4 1
8003c8a0 1
8003c89c 1
8003c898 1
8003c894 1
8003c890 1
8003c88c 1
8003c888 1
8003c884 1
8003c8b4 1
8003c87c 1
8003c878 1
8003c870 1
8003c862 1
8003c84e 1
8003c84a 1
8003c83a 1
8003c832 1
8003c82a 1
8003c810 1
8003c8e0 1
8003c914 1
8003c910 1
8003c90c 1
8003c908 1
8003c904 1
8003c900 1
8003c8fa 1
8003c8f0 1
8003c8ec 1
8003c8e8 1
8003c8e4 1
8003c80a 1
8003c8dc 1
8003c8d8 1
8003c8d4 1
8003c8d0 1
8003c8cc 1
8003c8c8 1
8003c8c4 1
8003c8c0 1
8003c8bc 1
8003c8b8 1
8003c76c 1
8003c798 1
8003c794 1
8003c790 1
8003c78c 1
8003c788 1
8003c784 1
8003c780 1
8003c77c 1
8003c778 1
8003c774 1
8003c770 1
8003c79c 1
8003c768 1
8003c764 1
8003c760 1
8003c75c 1
8003c758 1
8003c754 1
8003c750 1
8003c74c 1
8003c748 1
8003c744 1
8003c7c8 1
8003c806 1
8003c800 1
8003c7fc 1
8003c7f8 1
8003c7f4 1
8003c7ec 1
8003c7e4 1
8003c7dc 1
8003c7d8 1
8003c7d4 1
8003c7d0 1
8003c920 1
8003c7c4 1
8003c7c0 1
8003c7bc 1
8003c7b8 1
8003c7b4 1
8003c7b0 1
8003c7ac 1
8003c7a8 1
8003c7a4 1
8003c7a0 1
8003ca52 1
8003ca82 1
8003ca7e 1
8003ca7a 1
8003ca76 1
8003ca6e 1
8003ca6a 1
8003ca66 1
8003ca62 1
8003ca5e 1
8003ca5a 1
8003ca56 1
8003ca86 1
8003ca4e 1
8003ca4a 1
8003ca46 1
8003ca42 1
8003ca3e 1
8003ca36 1
8003ca2e 1
8003ca26 1
8003ca1e 1
8003ca16 1
8002acfc 1
8000153c 1
8000153a 1
8002ae90 1
8002ae8c 1
8002ad28 1
8002ad24 1
8002ad20 1
8002ad1c 1
8002ad18 1
8002ad14 1
8002ad10 1
8003ca0e 1
8002acf8 1
8002acf4 1
8002acf0 1
8002acec 1
8002ace8 1
8002ace4 1
8003caa6 1
8003ca9e 1
8003ca96 1
8003ca8e 1
8003c97a 1
8003c9ae 1
8003c9aa 1
8003c9a6 1
8003c9a2 1
8003c99e 1
8003c99a 1
8003c992 1
8003c98a 1
8003c986 1
8003c982 1
8003c97e 1
8003c9b2 1
8003c976 1
8003c972 1
8003c96e 1
8003c96a 1
8003c966 1
8003c962 1
8003c95e 1
8003c956 1
8003c944 1
8003c93e 1
8003c9de 1
8003ca06 1
8003ca02 1
8003c9fe 1
8003c9fa 1
8003c9f6 1
8003c9f2 1
8003c9ee 1
8003c9ea 1
8003c9e6 1
8003c9e2 1
8003c740 1
8003c9da 1
8003c9d6 1
8003c9d2 1
8003c9ce 1
8003c9ca 1
8003c9c6 1
8003c9c2 1
8003c9be 1
8003c9ba 1
8003c9b6 1
8003c4d4 1
8003c518 1
8003c50e 1
8003c504 1
8003c500 1
8003c4fc 1
8003c4ec 1
8003c4e8 1
8003c4e4 1
8003c4e0 1
8003c4dc 1
8003c4d8 1
8002aa30 1
8003c4cc 1
8003c4c8 1
8003c4c4 1
8003c4c0 1
8003c4b8 1
8003c4b4 1
8003c4b0 1
8003c4ac 1
8003c4a4 1
8003c4a0 1
8002aafc 1
8002ac44 1
8002ac40 1
8002ac34 1
8002abac 1
8002aba8 1
8002aba4 1
8002aba0 1
8002ab9c 1
8002ab90 1
8002ab04 1
8002ab00 1
8003c49a 1
8002aaf8 1
8002aaf4 1
8002aaf0 1
8002aa68 1
8002aa64 1
8002aa60 1
8002aa58 1
8002aa3c 1
8002aa38 1
8002aa34 1
8003c426 1
8003c45e 1
8003c45a 1
8003c454 1
8003c44e 1
8003c44a 1
8003c446 1
8003c43e 1
8003c43a 1
8003c436 1
8003c432 1
8003c42e 1
8003c462 1
8003c422 1
8003c41e 1
8003c41a 1
8003c412 1
8003c40a 1
8003c406 1
8003c402 1
8003c3f6 1
8003c3f2 1
8003c3e8 1
8002a978 1
8003c496 1
8003c484 1
8003c47e 1
8003c478 1
8003c474 1
8003c470 1
8003c468 1
8002aa2c 1
8002aa28 1
8002aa24 1
8002aa20 1
8002ac48 1
8002a974 1
8002a970 1
8002a96c 1
8002a968 1
8002a964 1
8002a960 1
8002a95c 1
8002a958 1
8002a954 1
8002a950 1
8003c670 1
8003c6c0 1
8003c6b8 1
8003c6b0 1
8003c6a8 1
8003c6a0 1
8003c698 1
8003c690 1
8003c68c 1
8003c684 1
8003c67c 1
8003c678 1
8003c6c8 1
8003c66a 1
8003c65e 1
8003c648 1
8003c63e 1
8003c634 1
8003c62c 1
8003c624 1
8003c61c 1
8003c614 1
8003c610 1
8003c708 1
8003c73c 1
8003c738 1
8003c734 1
8003c730 1
8003c72c 1
8003c728 1
8003c720 1
8003c718 1
8003c714 1
8003c710 1
8003c70c 1
8003c60c 1
8003c704 1
8003c700 1
8003c6f8 1
8003c6f0 1
8003c6e8 1
8003c6e4 1
8003c6dc 1
8003c6d8 1
8003c6d4 1
8003c6d0 1
8003c544 1
8003c578 1
8003c574 1
8003c56c 1
8003c568 1
8003c564 1
8003c560 1
8003c55c 1
8003c558 1
8003c554 1
8003c54c 1
8003c548 1
8003c57c 1
8003c53a 1
8003c536 1
8003c52c 1
8003c526 1
8003c51c 1
8002ace0 1
8002acdc 1
8002acd8 1
8002ac50 1
8002ac4c 1
8003c5bc 1
8003c608 1
8003c604 1
8003c600 1
8003c5f8 1
8003c5ec 1
8003c5e2 1
8003c5de 1
8003c5da 1
8003c5ca 1
8003c5c4 1
80049548 1
8003c5b8 1
8003c5b2 1
8003c5ae 1
8003c5a8 1
8003c5a4 1
8003c5a0 1
8003c59a 1
8003c590 1
8003c588 1
8003c580 1
8003e168 1
8003e188 1
8003e186 1
8003e184 1
8003e180 1
8003e17c 1
8003e17a 1
8003e178 1
8003e174 1
8003e170 1
8003e16e 1
8003e16c 1
8003e18c 1
8003e164 1
8003e162 1
8003e160 1
8003e15c 1
8003e158 1
8003e156 1
8003e154 1
8003e150 1
8003e14c 1
8003e14a 1
8003e1ac 1
8003e1ce 1
8003e1cc 1
8003e1c8 1
8003e1c4 1
8003e1c2 1
8003e1c0 1
8003e1bc 1
8003e1b8 1
8003e1b6 1
8003e1b4 1
8003e1b0 1
8003e148 1
8003e1aa 1
8003e1a8 1
8003e1a4 1
8003e1a0 1
8003e19e 1
8003e19c 1
8003e198 1
8003e194 1
8003e192 1
8003e190 1
8003e0de 1
8003e100 1
8003e0fc 1
8003e0f8 1
8003e0f6 1
8003e0f4 1
8003e0f0 1
8003e0ec 1
8003e0ea 1
8003e0e8 1
8003e0e4 1
8003e0e0 1
8003e102 1
8003e0dc 1
8003e0d8 1
8003e0d4 1
8003e0d2 1
8003e0d0 1
8003e0cc 1
8003e0c8 1
8003e0c6 1
8003e0c4 1
8003e0c0 1
8003e124 1
8003e144 1
8003e140 1
8003e13e 1
8003e13c 1
8003e138 1
8003e134 1
8003e132 1
8003e130 1
8003e12c 1
8003e128 1
8003e126 1
8003e1d0 1
8003e120 1
8003e11c 1
8003e11a 1
8003e118 1
8003e114 1
8003e110 1
8003e10e 1
8003e10c 1
8003e108 1
8003e104 1
8003e27c 1
8003e29a 1
8003e298 1
8003e296 1
8003e292 1
8003e290 1
8003e28e 1
8003e28c 1
8003e288 1
8003e284 1
8003e282 1
8003e280 1
8003e29e 1
8003e278 1
8003e276 1
8003e274 1
8003e270 1
8003e26c 1
8003e26a 1
8003e268 1
8003e264 1
8003e260 1
8003e25e 1
8003e2be 1
8003e2e0 1
8003e2de 1
8003e2da 1
8003e2d6 1
8003e2d4 1
8003e2d2 1
8003e2ce 1
8003e2ca 1
8003e2c8 1
8003e2c6 1
8003e2c2 1
8003e25c 1
8003e2bc 1
8003e2ba 1
8003e2b6 1
8003e2b2 1
8003e2b0 1
8003e2ae 1
8003e2aa 1
8003e2a6 1
8003e2a4 1
8003e2a2 1
8003e1f2 1
8003e214 1
8003e210 1
8003e20c 1
8003e20a 1
8003e208 1
8003e204 1
8003e200 1
8003e1fe 1
8003e1fc 1
8003e1f8 1
8003e1f4 1
8003e216 1
8003e1f0 1
8003e1ec 1
8003e1e8 1
8003e1e6 1
8003e1e4 1
8003e1e0 1
8003e1dc 1
8003e1da 1
8003e1d8 1
8003e1d4 1
8003e238 1
8003e258 1
8003e254 1
8003e252 1
8003e250 1
8003e24c 1
8003e248 1
8003e246 1
8003e244 1
8003e240 1
8003e23c 1
8003e23a 1
8003e0bc 1
8003e234 1
8003e230 1
8003e22e 1
8003e22c 1
8003e228 1
8003e224 1
8003e222 1
8003e220 1
8003e21c 1
8003e218 1
8003df44 1
8003df64 1
8003df60 1
8003df5e 1
8003df5c 1
8003df58 1
8003df54 1
8003df52 1
8003df50 1
8003df4c 1
8003df48 1
8003df46 1
8003df68 1
8003df40 1
8003df3c 1
8003df3a 1
8003df38 1
8003df34 1
8003df30 1
8003df2e 1
8003df2c 1
8003df28 1
8003df24 1
8003df88 1
8003dfa8 1
8003dfa6 1
8003dfa4 1
8003dfa0 1
8003df9c 1
8003df9a 1
8003df98 1
8003df94 1
8003df90 1
8003df8e 1
8003df8c 1
8003df22 1
8003df84 1
8003df82 1
8003df80 1
8003df7c 1
8003df78 1
8003df76 1
8003df74 1
8003df70 1
8003df6c 1
8003df6a 1
8003deb8 1
8003deda 1
8003ded8 1
8003ded4 1
8003ded0 1
8003dece 1
8003decc 1
8003dec8 1
8003dec4 1
8003dec2 1
8003dec0 1
8003debc 1
8003dedc 1
8003deb6 1
8003deb4 1
8003deb0 1
8003deac 1
8003deaa 1
8003dea8 1
8003dea4 1
8003dea0 1
8003de9e 1
8003de9c 1
8003defe 1
8003df20 1
8003df1c 1
8003df18 1
8003df16 1
8003df14 1
8003df10 1
8003df0c 1
8003df0a 1
8003df08 1
8003df04 1
8003df00 1
8003dfac 1
8003defc 1
8003def8 1
8003def4 1
8003def2 1
8003def0 1
8003deec 1
8003dee8 1
8003dee6 1
8003dee4 1
8003dee0 1
8003e054 1
8003e074 1
8003e072 1
8003e070 1
8003e06c 1
8003e068 1
8003e066 1
8003e064 1
8003e060 1
8003e05c 1
8003e05a 1
8003e058 1
8003e078 1
8003e050 1
8003e04e 1
8003e04c 1
8003e048 1
8003e044 1
8003e042 1
8003e040 1
8003e03c 1
8003e038 1
8003e036 1
8003e098 1
8003e0ba 1
8003e0b8 1
8003e0b4 1
8003e0b0 1
8003e0ae 1
8003e0ac 1
8003e0a8 1
8003e0a4 1
8003e0a2 1
8003e0a0 1
8003e09c 1
8003e034 1
8003e096 1
8003e094 1
8003e090 1
8003e08c 1
8003e08a 1
8003e088 1
8003e084 1
8003e080 1
8003e07e 1
8003e07c 1
8003dfcc 1
8003dfee 1
8003dfec 1
8003dfe8 1
8003dfe4 1
8003dfe2 1
8003dfe0 1
8003dfdc 1
8003dfd8 1
8003dfd6 1
8003dfd4 1
8003dfd0 1
8003dff0 1
8003dfca 1
8003dfc8 1
8003dfc4 1
8003dfc0 1
8003dfbe 1
8003dfbc 1
8003dfb8 1
8003dfb4 1
8003dfb2 1
8003dfb0 1
8003e012 1
8003e030 1
8003e02c 1
8003e02a 1
8003e028 1
8003e024 1
8003e020 1
8003e01e 1
8003e01c 1
8003e018 1
8003e014 1
8003e2e2 1
8003e010 1
8003e00c 1
8003e008 1
8003e006 1
8003e004 1
8003e000 1
8003dffc 1
8003dffa 1
8003dff8 1
8003dff4 1
8003e5c4 1
8003e5f0 1
8003e5ec 1
8003e5e8 1
8003e5e4 1
8003e5e0 1
8003e5dc 1
8003e5d8 1
8003e5d4 1
8003e5d0 1
8003e5cc 1
8003e5c8 1
8003e5f4 1
8003e5c0 1
8003e5bc 1
8003e5b8 1
8003e5b4 1
8003e5ac 1
8003e5a0 1
8003e59c 1
8003e57c 1
8003e57a 1
8003e578 1
8003e620 1
8003e64c 1
8003e648 1
8003e644 1
8003e640 1
8003e63c 1
8003e638 1
8003e634 1
8003e630 1
8003e62c 1
8003e628 1
8003e624 1
8003e574 1
8003e61c 1
8003e618 1
8003e614 1
8003e610 1
8003e60c 1
8003e608 1
8003e604 1
8003e600 1
8003e5fc 1
8003e5f8 1
8003e50c 1
8003e52c 1
8003e528 1
8003e526 1
8003e524 1
8003e520 1
8003e51c 1
8003e51a 1
8003e518 1
8003e514 1
8003e510 1
8003e50e 1
8003e530 1
8003e508 1
8003e504 1
8003e502 1
8003e500 1
8003e4fc 1
8003e4fa 1
8003e4f8 1
8003e4f6 1
8003e4f2 1
8003e4f0 1
8003e550 1
8003e570 1
8003e56e 1
8003e56c 1
8003e568 1
8003e564 1
8003e562 1
8003e560 1
8003e55c 1
8003e558 1
8003e556 1
8003e554 1
8003e650 1
8003e54c 1
8003e54a 1
8003e548 1
8003e544 1
8003e540 1
8003e53e 1
8003e53c 1
8003e538 1
8003e534 1
8003e532 1
80001bd4 1
80001c6a 1
80001c64 1
80001c46 1
80001c40 1
80001c34 1
80001c2c 1
80001c28 1
80001c24 1
80001c20 1
80001c1c 1
80001c18 1
80001ca4 1
80001bd0 1
80001bcc 1
80001bb4 1
80001bb0 1
80001bac 1
80001ba8 1
80001ba4 1
80001ba0 1
80001b74 1
80001b66 1
80001d06 1
80001d56 1
80001d52 1
80001d4e 1
80001d4a 1
80001d46 1
80001d1e 1
80001d1a 1
80001d16 1
80001d12 1
80001d0e 1
80001d0a 1
80001b1c 1
80001cd4 1
80001cd0 1
80001cc8 1
80001cc4 1
80001cbc 1
80001cb8 1
80001cb4 1
80001cb0 1
80001cac 1
80001ca8 1
8003e6d6 1
8003e746 1
8003e742 1
8003e73a 1
8003e736 1
8003e72a 1
8003e71e 1
8003e712 1
8003e706 1
8003e6fa 1
8003e6ee 1
8003e6e2 1
8003e74e 1
8003e6ca 1
8003e6be 1
8003e6b2 1
8003e6a6 1
8003e69a 1
8003e68e 1
8003e682 1
8003e668 1
8003e664 1
8003e660 1
80001adc 1
80001b18 1
80001b04 1
80001b00 1
80001afc 1
80001af8 1
80001af4 1
80001aec 1
80001ae8 1
80001ae4 1
80001ae0 1
8003e4ee 1
80001ad8 1
80001618 1
80001542 1
8003e76a 1
8003e766 1
8003e762 1
8003e75e 1
8003e75a 1
8003e756 1
8003e752 1
8003e384 1
8003e3a4 1
8003e3a2 1
8003e3a0 1
8003e39c 1
8003e398 1
8003e396 1
8003e394 1
8003e390 1
8003e38c 1
8003e38a 1
8003e388 1
8003e3a8 1
8003e380 1
8003e37e 1
8003e37c 1
8003e378 1
8003e374 1
8003e372 1
8003e370 1
8003e36c 1
8003e368 1
8003e366 1
8003e3c8 1
8003e3ea 1
8003e3e8 1
8003e3e4 1
8003e3e0 1
8003e3de 1
8003e3dc 1
8003e3d8 1
8003e3d4 1
8003e3d2 1
8003e3d0 1
8003e3cc 1
8003e364 1
8003e3c6 1
8003e3c4 1
8003e3c0 1
8003e3bc 1
8003e3ba 1
8003e3b8 1
8003e3b4 1
8003e3b0 1
8003e3ae 1
8003e3ac 1
8003e302 1
8003e322 1
8003e31e 1
8003e31c 1
8003e31a 1
8003e318 1
8003e314 1
8003e310 1
8003e30e 1
8003e30c 1
8003e308 1
8003e304 1
8003e324 1
8003e300 1
8003e2fc 1
8003e2f8 1
8003e2f6 1
8003e2f4 1
8003e2f0 1
8003e2ee 1
8003e2ec 1
8003e2ea 1
8003e2e6 1
8003e342 1
8003e360 1
8003e35c 1
8003e35a 1
8003e358 1
8003e354 1
8003e352 1
8003e350 1
8003e34e 1
8003e34a 1
8003e346 1
8003e344 1
8003e3ec 1
8003e33e 1
8003e33a 1
8003e338 1
8003e336 1
8003e332 1
8003e330 1
8003e32e 1
8003e32c 1
8003e328 1
8003e326 1
8003e490 1
8003e4ae 1
8003e4ac 1
8003e4a8 1
8003e4a6 1
8003e4a4 1
8003e4a2 1
8003e49e 1
8003e49c 1
8003e49a 1
8003e498 1
8003e494 1
8003e4b0 1
8003e48e 1
8003e48c 1
8003e488 1
8003e486 1
8003e484 1
8003e482 1
8003e47e 1
8003e47c 1
8003e47a 1
8003e478 1
8003e4cc 1
8003e4ec 1
8003e4e8 1
8003e4e4 1
8003e4e2 1
8003e4e0 1
8003e4dc 1
8003e4da 1
8003e4d8 1
8003e4d6 1
8003e4d2 1
8003e4ce 1
8003e474 1
8003e4ca 1
8003e4c6 1
8003e4c4 1
8003e4c2 1
8003e4c0 1
8003e4bc 1
8003e4ba 1
8003e4b8 1
8003e4b6 1
8003e4b2 1
8003e40e 1
8003e430 1
8003e42c 1
8003e428 1
8003e426 1
8003e424 1
8003e420 1
8003e41c 1
8003e41a 1
8003e418 1
8003e414 1
8003e410 1
8003e432 1
8003e40c 1
8003e408 1
8003e404 1
8003e402 1
8003e400 1
8003e3fc 1
8003e3f8 1
8003e3f6 1
8003e3f4 1
8003e3f0 1
8003e454 1
8003e470 1
8003e46e 1
8003e46c 1
8003e468 1
8003e464 1
8003e462 1
8003e460 1
8003e45c 1
8003e458 1
8003e456 1
8003de98 1
8003e450 1
8003e44c 1
8003e44a 1
8003e448 1
8003e444 1
8003e440 1
8003e43e 1
8003e43c 1
8003e438 1
8003e434 1
8003d3aa 1
8003d404 1
8003d3fe 1
8003d3f2 1
8003d3ec 1
8003d3e8 1
8003d3e6 1
8003d3d8 1
8003d3d4 1
8003d3d0 1
8003d3c4 1
8003d3b6 1
8003d408 1
8003d39e 1
8003d392 1
8003d378 1
8003d36e 1
8003d364 1
8003d360 1
8003d35c 1
8003d358 1
8003d354 1
8003d350 1
8003d44c 1
8003d490 1
8003d480 1
8003d47c 1
8003d476 1
8003d46c 1
8003d468 1
8003d464 1
8003d460 1
8003d458 1
8003d454 1
8003d450 1
8003d34c 1
8003d446 1
8003d43a 1
8003d434 1
8003d430 1
8003d42c 1
8003d428 1
8003d422 1
8003d416 1
8003d410 1
8003d40c 1
8003d234 1
8003d27a 1
8003d276 1
8003d266 1
8003d262 1
8003d25e 1
8003d25a 1
8003d252 1
8003d24e 1
8003d24a 1
8003d244 1
8003d23c 1
8003d282 1
8003d206 1
8003d1f0 1
8003d1e2 1
8003d1dc 1
8003d1d8 1
8003d1d4 1
8003d1d0 1
8003d1cc 1
8003d1c8 1
8003d1c4 1
8003d2ea 1
8003d348 1
8003d344 1
8003d340 1
8003d33c 1
8003d338 1
8003d332 1
8003d326 1
8003d31a 1
8003d30e 1
8003d302 1
8003d2f6 1
8003d494 1
8003d2de 1
8003d2d2 1
8003d2c6 1
8003d2ba 1
8003d2ae 1
8003d2a2 1
8003d296 1
8003d28e 1
8003d28a 1
8003d286 1
8003d648 1
8003d674 1
8003d670 1
8003d66c 1
8003d668 1
8003d664 1
8003d660 1
8003d65c 1
8003d658 1
8003d654 1
8003d650 1
8003d64c 1
8003d678 1
8003d644 1
8003d640 1
8003d63c 1
8003d638 1
8003d634 1
8003d630 1
8003d62c 1
8003d628 1
8003d624 1
8003d620 1
8003d6a4 1
8003d6d0 1
8003d6cc 1
8003d6c8 1
8003d6c4 1
8003d6c0 1
8003d6bc 1
8003d6b8 1
8003d6b4 1
8003d6b0 1
8003d6ac 1
8003d6a8 1
8003d61c 1
8003d6a0 1
8003d69c 1
8003d698 1
8003d694 1
8003d690 1
8003d68c 1
8003d688 1
8003d684 1
8003d680 1
8003d67c 1
8003d4ee 1
8003d572 1
8003d566 1
8003d55a 1
8003d54e 1
8003d542 1
8003d536 1
8003d52a 1
8003d51e 1
8003d512 1
8003d506 1
8003d4fa 1
8003d57e 1
8003d4e2 1
8003d4d4 1
8003d4d0 1
8003d4cc 1
8003d4c4 1
8003d4be 1
8003d4b2 1
8003d4a8 1
8003d4a4 1
8003d49a 1
8003d5f0 1
8003d618 1
8003d614 1
8003d610 1
8003d60c 1
8003d608 1
8003d604 1
8003d600 1
8003d5fc 1
8003d5f8 1
8003d5f4 1
8003d1b8 1
8003d5ec 1
8003d5ea 1
8003d5de 1
8003d5d2 1
8003d5c6 1
8003d5ba 1
8003d5ae 1
8003d5a2 1
8003d596 1
8003d58a 1
800499c6 1
80049a08 1
80049a04 1
80049a00 1
800499fc 1
800499ec 1
800499e8 1
800499e4 1
800499e0 1
800499dc 1
800499d2 1
800499ce 1
80049a18 1
800499c2 1
800499ba 1
800499b6 1
8004999a 1
80049996 1
80049992 1
8004998e 1
80049988 1
80049968 1
80049956 1
80049a54 1
80049ad2 1
80049aae 1
80049aa2 1
80049a9e 1
80049a9a 1
80049a96 1
80049a92 1
80049a8e 1
80049a8a 1
80049a86 1
80049a58 1
80049952 1
80049a4c 1
80049a48 1
80049a44 1
80049a40 1
80049a3c 1
80049a38 1
80049a34 1
80049a24 1
80049a20 1
80049a1c 1
8004958c 1
80049872 1
8004985e 1
800495ea 1
800495e6 1
800495e2 1
800495de 1
800495da 1
800495d6 1
800495ca 1
800495ba 1
80049590 1
800498b2 1
80049588 1
80049584 1
80049580 1
8004957c 1
80049578 1
80049574 1
80049570 1
8004956c 1
80049560 1
80049550 1
800498fe 1
8004994e 1
80049944 1
80049932 1
8004992e 1
8004992a 1
80049926 1
80049922 1
8004991a 1
8004990a 1
80049906 1
80049902 1
80049ad6 1
800498fa 1
800498e6 1
800498e2 1
800498de 1
800498da 1
800498d6 1
800498c2 1
800498be 1
800498ba 1
800498b6 1
8003d0d2 1
8003d11c 1
8003d110 1
8003d0f8 1
8003d0f2 1
8003d0ee 1
8003d0ea 1
8003d0e6 1
8003d0e2 1
8003d0de 1
8003d0da 1
8003d0d6 1
8003d128 1
8003d0ce 1
8003d0ca 1
8003d0c6 1
8003d0c2 1
8003d0be 1
8003d0ba 1
8003d0b2 1
8003d0ae 1
8003d0aa 1
8003d0a4 1
8003d16a 1
8003d1ac 1
8003d194 1
8003d18e 1
8003d18a 1
8003d186 1
8003d182 1
8003d17e 1
8003d17a 1
8003d176 1
8003d172 1
8003d16e 1
8003d098 1
8003d166 1
8003d162 1
8003d15e 1
8003d15a 1
8003d156 1
8003d14e 1
8003d14a 1
8003d146 1
8003d140 1
8003d134 1
8003cfc0 1
8003cfdc 1
8003cfd8 1
8003cfd4 1
8003cfd0 1
8003cfc8 1
8003cfc4 1
8002bb08 1
8002ba90 1
8002ba78 1
8002ba6e 1
8002ba68 1
8003cfe0 1
8003cfba 1
8003cfb2 1
8003cfae 1
8004a114 1
8004a110 1
8004a108 1
8004a104 1
8004a0e4 1
8004a0e0 1
80049ada 1
8003d00e 1
8003d08c 1
8003d080 1
8003d074 1
8003d060 1
8003d05c 1
8003d056 1
8003d04a 1
8003d03e 1
8003d032 1
8003d026 1
8003d6d4 1
8003d008 1
8003d004 1
8003d000 1
8003cffc 1
8003cff8 1
8003cff4 1
8003cff0 1
8003cfec 1
8003cfe8 1
8003cfe4 1
8003dd26 1
8003dd48 1
8003dd44 1
8003dd40 1
8003dd3e 1
8003dd3c 1
8003dd38 1
8003dd34 1
8003dd32 1
8003dd30 1
8003dd2c 1
8003dd28 1
8003dd4a 1
8003dd24 1
8003dd20 1
8003dd1e 1
8003dd1c 1
8003dd1a 1
8003dd16 1
8003dd10 1
8003dd04 1
8003dcf8 1
8003dcec 1
8003dd6c 1
8003dd8c 1
8003dd88 1
8003dd86 1
8003dd84 1
8003dd80 1
8003dd7c 1
8003dd7a 1
8003dd78 1
8003dd74 1
8003dd70 1
8003dd6e 1
8003dce0 1
8003dd68 1
8003dd64 1
8003dd62 1
8003dd60 1
8003dd5c 1
8003dd58 1
8003dd56 1
8003dd54 1
8003dd50 1
8003dd4c 1
8003dbc2 1
8003dbee 1
8003dbea 1
8003dbe6 1
8003dbe2 1
8003dbde 1
8003dbda 1
8003dbd6 1
8003dbd2 1
8003dbce 1
8003dbca 1
8003dbc6 1
8003dbf6 1
8003dbbe 1
8003dbba 1
8003dbb6 1
8003dbb2 1
8003dbae 1
8003dbaa 1
8003dba6 1
8003dba2 1
8003db9e 1
8003db9a 1
8003dc50 1
8003dcd4 1
8003dcc8 1
8003dcbc 1
8003dcb0 1
8003dca4 1
8003dc98 1
8003dc8c 1
8003dc80 1
8003dc74 1
8003dc68 1
8003dc5c 1
8003dd90 1
8003dc44 1
8003dc38 1
8003dc2c 1
8003dc20 1
8003dc14 1
8003dc0e 1
8003dc0a 1
8003dc02 1
8003dbfe 1
8003dbfa 1
8003de32 1
8003de50 1
8003de4c 1
8003de4a 1
8003de48 1
8003de44 1
8003de40 1
8003de3e 1
8003de3c 1
8003de38 1
8003de36 1
8003de34 1
8003de54 1
8003de2e 1
8003de2c 1
8003de2a 1
8003de28 1
8003de24 1
8003de22 1
8003de20 1
8003de1e 1
8003de1a 1
8003de16 1
8003de74 1
8003de94 1
8003de92 1
8003de90 1
8003de8c 1
8003de88 1
8003de86 1
8003de84 1
8003de80 1
8003de7c 1
8003de7a 1
8003de78 1
8003de14 1
8003de70 1
8003de6e 1
8003de6c 1
8003de68 1
8003de64 1
8003de62 1
8003de60 1
8003de5c 1
8003de58 1
8003de56 1
8003ddb0 1
8003ddce 1
8003ddcc 1
8003ddca 1
8003ddc6 1
8003ddc4 1
8003ddc2 1
8003ddc0 1
8003ddbc 1
8003ddb8 1
8003ddb6 1
8003ddb4 1
8003ddd2 1
8003ddac 1
8003ddaa 1
8003dda8 1
8003dda4 1
8003dda0 1
8003dd9e 1
8003dd9c 1
8003dd98 1
8003dd94 1
8003dd92 1
8003ddf2 1
8003de12 1
8003de0e 1
8003de0a 1
8003de08 1
8003de06 1
8003de02 1
8003ddfe 1
8003ddfc 1
8003ddfa 1
8003ddf6 1
8003db96 1
8003ddf0 1
8003ddee 1
8003ddea 1
8003dde6 1
8003dde4 1
8003dde2 1
8003ddde 1
8003ddda 1
8003ddd8 1
8003ddd6 1
8003d864 1
8003d890 1
8003d88c 1
8003d888 1
8003d884 1
8003d880 1
8003d87c 1
8003d878 1
8003d874 1
8003d870 1
8003d86c 1
8003d868 1
8003d894 1
8003d860 1
8003d85c 1
8003d858 1
8003d854 1
8003d850 1
8003d84c 1
8003d848 1
8003d844 1
8003d840 1
8003d83c 1
8003d8c0 1
8003d8ec 1
8003d8e8 1
8003d8e4 1
8003d8e0 1
8003d8dc 1
8003d8d8 1
8003d8d4 1
8003d8d0 1
8003d8cc 1
8003d8c8 1
8003d8c4 1
8003d838 1
8003d8bc 1
8003d8b8 1
8003d8b4 1
8003d8b0 1
8003d8ac 1
8003d8a8 1
8003d8a4 1
8003d8a0 1
8003d89c 1
8003d898 1
8003d716 1
8003d79a 1
8003d78e 1
8003d782 1
8003d776 1
8003d76a 1
8003d75e 1
8003d752 1
8003d746 1
8003d73a 1
8003d72e 1
8003d722 1
8003d7a6 1
8003d70a 1
8003d6fe 1
8003d6f2 1
8003d6f0 1
8003d6ec 1
8003d6e8 1
8003d6e4 1
8003d6e0 1
8003d6dc 1
8003d6d8 1
8003d808 1
8003d834 1
8003d830 1
8003d82c 1
8003d828 1
8003d824 1
8003d820 1
8003d81c 1
8003d818 1
8003d814 1
8003d810 1
8003d80c 1
8003d8f0 1
8003d804 1
8003d800 1
8003d7fc 1
8003d7f8 1
8003d7ee 1
8003d7e2 1
8003d7d6 1
8003d7ca 1
8003d7be 1
8003d7b2 1
8003db0a 1
8003db36 1
8003db32 1
8003db2e 1
8003db2a 1
8003db26 1
8003db22 1
8003db1e 1
8003db1a 1
8003db16 1
8003db12 1
8003db0e 1
8003db3a 1
8003db08 1
8003dafc 1
8003daf0 1
8003dae4 1
8003dad8 1
8003dacc 1
8003dac0 1
8003dab4 1
8003daa8 1
8003da9c 1
8003db66 1
8003db92 1
8003db8e 1
8003db8a 1
8003db86 1
8003db82 1
8003db7e 1
8003db7a 1
8003db76 1
8003db72 1
8003db6e 1
8003db6a 1
8003da90 1
8003db62 1
8003db5e 1
8003db5a 1
8003db56 1
8003db52 1
8003db4e 1
8003db4a 1
8003db46 1
8003db42 1
8003db3e 1
8003d956 1
8003d9da 1
8003d9ce 1
8003d9c2 1
8003d9b6 1
8003d9aa 1
8003d99e 1
8003d992 1
8003d986 1
8003d97a 1
8003d96e 1
8003d962 1
8003d9e6 1
8003d94a 1
8003d93e 1
8003d932 1
8003d926 1
8003d91a 1
8003d90e 1
8003d902 1
8003d8fc 1
8003d8f8 1
8003d8f4 1
8003da20 1
8003da84 1
8003da78 1
8003da6c 1
8003da60 1
8003da54 1
8003da48 1
8003da3c 1
8003da30 1
8003da28 1
8003da24 1
8003bea4 1
8003da1c 1
8003da18 1
8003da14 1
8003da10 1
8003da08 1
8003da04 1
8003d9fe 1
8003d9fa 1
8003d9f6 1
8003d9f2 1
8003a93e 1
8003a964 1
8003a960 1
8003a95c 1
8003a958 1
8003a954 1
8003a950 1
8003a94e 1
8003a94c 1
8003a948 1
8003a946 1
8003a942 1
8003a966 1
8003a93a 1
8003a936 1
8003a934 1
8003a932 1
8003a930 1
8003a92c 1
8003a92a 1
8003a926 1
8003a924 1
8003a922 1
8003a990 1
8003a9b2 1
8003a9b0 1
8003a9ae 1
8003a9aa 1
8003a9a8 1
8003a9a4 1
8003a9a0 1
8003a99e 1
8003a99a 1
8003a996 1
8003a994 1
8003a91e 1
8003a98c 1
8003a988 1
8003a984 1
8003a980 1
8003a97c 1
8003a978 1
8003a974 1
8003a970 1
8003a96c 1
8003a96a 1
8003a8a8 1
8003a8d0 1
8003a8cc 1
8003a8ca 1
8003a8c6 1
8003a8c2 1
8003a8be 1
8003a8ba 1
8003a8b6 1
8003a8b2 1
8003a8ae 1
8003a8aa 1
8003a8d4 1
8003a8a4 1
8003a8a0 1
8003a89c 1
8003a898 1
8003a894 1
8003a890 1
8003a88e 1
8003a88c 1
8003a888 1
8003a886 1
8003a8f6 1
8003a91c 1
8003a91a 1
8003a916 1
8003a912 1
8003a90e 1
8003a90a 1
8003a906 1
8003a902 1
8003a8fe 1
8003a8fa 1
8003a8f8 1
8003a9b6 1
8003a8f4 1
8003a8f0 1
8003a8ec 1
8003a8ea 1
8003a8e6 1
8003a8e4 1
8003a8e2 1
8003a8de 1
8003a8dc 1
8003a8d8 1
80027b46 1
80027c02 1
80027bfe 1
80027bfa 1
80027bf6 1
80027bf2 1
80027bf0 1
80027bec 1
80027be8 1
80027be6 1
80027b4e 1
80027b4a 1
80027ca2 1
80027b42 1
80027b3e 1
80027b3a 1
80027b38 1
80027b36 1
80027b34 1
80027b30 1
80027b2c 1
80027b28 1
80027b24 1
80027d64 1
80027e22 1
80027e20 1
80027e1e 1
80027e1c 1
80027e1a 1
80027d7a 1
80027d76 1
80027d72 1
80027d6e 1
80027d6a 1
80027d68 1
80027b22 1
80027d60 1
80027d5e 1
80027cbe 1
80027cba 1
80027cb6 1
80027cb2 1
80027cae 1
80027cac 1
80027ca8 1
80027ca4 1
8003a9d8 1
8003a9f2 1
8003a9f0 1
8003a9ec 1
8003a9ea 1
8003a9e8 1
8003a9e6 1
8003a9e4 1
8003a9e2 1
8003a9e0 1
8003a9de 1
8003a9da 1
8003a9f6 1
8003a9d4 1
8003a9d2 1
8003a9d0 1
8003a9cc 1
8003a9ca 1
8003a9c8 1
8003a9c4 1
8003a9c0 1
8003a9bc 1
8003a9b8 1
80027b0a 1
80027b20 1
80027b1e 1
80027b1c 1
80027b1a 1
80027b18 1
80027b16 1
80027b14 1
80027b12 1
80027b10 1
80027b0e 1
80027b0c 1
8003a882 1
8003aa10 1
8003aa0e 1
8003aa0a 1
8003aa08 1
8003aa06 1
8003aa02 1
8003aa00 1
8003a9fe 1
8003a9fa 1
8003a9f8 1
8003a6ee 1
8003a716 1
8003a712 1
8003a70e 1
8003a70c 1
8003a708 1
8003a704 1
8003a702 1
8003a6fe 1
8003a6fa 1
8003a6f6 1
8003a6f2 1
8003a71a 1
8003a6ea 1
8003a6e6 1
8003a6e4 1
8003a6e2 1
8003a6de 1
8003a6da 1
8003a6d6 1
8003a6d2 1
8003a6ce 1
8003a6ca 1
8003a73e 1
8003a764 1
8003a760 1
8003a75c 1
8003a75a 1
8003a756 1
8003a752 1
8003a74e 1
8003a74a 1
8003a748 1
8003a746 1
8003a742 1
8003a6c6 1
8003a73c 1
8003a738 1
8003a736 1
8003a732 1
8003a730 1
8003a72c 1
8003a728 1
8003a726 1
8003a722 1
8003a71e 1
8003a66c 1
8003a688 1
8003a684 1
8003a682 1
8003a680 1
8003a67c 1
8003a67a 1
8003a678 1
8003a676 1
8003a672 1
8003a670 1
8003a66e 1
8003a68a 1
8003a668 1
8003a666 1
8003a664 1
8003a662 1
8003a65e 1
8003a65c 1
8003a65a 1
8003a658 1
8003a656 1
8003a652 1
8003a6a6 1
8003a6c4 1
8003a6c0 1
8003a6be 1
8003a6bc 1
8003a6b8 1
8003a6b6 1
8003a6b2 1
8003a6b0 1
8003a6ac 1
8003a6aa 1
8003a6a8 1
8003a768 1
8003a6a2 1
8003a6a0 1
8003a69e 1
8003a69c 1
8003a69a 1
8003a698 1
8003a694 1
8003a690 1
8003a68e 1
8003a68c 1
8003a822 1
8003a83c 1
8003a83a 1
8003a838 1
8003a836 1
8003a834 1
8003a830 1
8003a82e 1
8003a82c 1
8003a82a 1
8003a828 1
8003a824 1
8003a840 1
8003a81e 1
8003a81c 1
8003a81a 1
8003a816 1
8003a814 1
8003a812 1
8003a80e 1
8003a80c 1
8003a808 1
8003a804 1
8003a85c 1
8003a87e 1
8003a87a 1
8003a876 1
8003a874 1
8003a870 1
8003a86e 1
8003a86a 1
8003a868 1
8003a866 1
8003a862 1
8003a860 1
8003a800 1
8003a85a 1
8003a858 1
8003a856 1
8003a852 1
8003a850 1
8003a84e 1
8003a84a 1
8003a846 1
8003a844 1
8003a842 1
8003a786 1
8003a7b0 1
8003a7ac 1
8003a7a8 1
8003a7a4 1
8003a7a0 1
8003a79c 1
8003a798 1
8003a796 1
8003a792 1
8003a78e 1
8003a78a 1
8003a7b4 1
8003a784 1
8003a782 1
8003a77e 1
8003a77c 1
8003a778 1
8003a776 1
8003a774 1
8003a770 1
8003a76e 1
8003a76c 1
8003a7de 1
8003a7fe 1
8003a7fc 1
8003a7f8 1
8003a7f6 1
8003a7f4 1
8003a7f0 1
8003a7ee 1
8003a7ea 1
8003a7e6 1
8003a7e2 1
80027e24 1
8003a7da 1
8003a7d6 1
8003a7d2 1
8003a7ce 1
8003a7ca 1
8003a7c6 1
8003a7c2 1
8003a7be 1
8003a7ba 1
8003a7b8 1
8003ab62 1
8003ab7e 1
8003ab7c 1
8003ab78 1
8003ab76 1
8003ab74 1
8003ab72 1
8003ab70 1
8003ab6c 1
8003ab6a 1
8003ab68 1
8003ab66 1
8003ab82 1
8003ab60 1
8003ab5e 1
8003ab5c 1
8003ab58 1
8003ab56 1
8003ab54 1
8003ab52 1
8003ab50 1
8003ab4e 1
8003ab4c 1
8003ab9c 1
8003abb6 1
8003abb4 1
8003abb2 1
8003abb0 1
8003abae 1
8003abaa 1
8003aba8 1
8003aba6 1
8003aba4 1
8003aba0 1
8003ab9e 1
8003ab4a 1
8003ab9a 1
8003ab96 1
8003ab94 1
8003ab92 1
8003ab90 1
8003ab8c 1
8003ab8a 1
8003ab88 1
8003ab86 1
8003ab84 1
80028084 1
800280ea 1
800280e6 1
800280e2 1
800280de 1
800280da 1
800280d6 1
800280d4 1
800280d0 1
800280ce 1
8002808c 1
80028088 1
800280ee 1
80028080 1
8002807c 1
80028078 1
80028074 1
80028070 1
8002806c 1
8002806a 1
80028066 1
80028064 1
80028022 1
80028154 1
8003ab48 1
8003ab46 1
8003ab42 1
8003ab40 1
800281a8 1
800281a6 1
800281a4 1
800281a2 1
80028160 1
8002815c 1
80028158 1
8003abb8 1
80028150 1
8002814c 1
80028148 1
80028144 1
80028140 1
8002813e 1
8002813a 1
80028138 1
800280f6 1
800280f2 1
8003ac32 1
8003ac4e 1
8003ac4c 1
8003ac4a 1
8003ac48 1
8003ac46 1
8003ac42 1
8003ac40 1
8003ac3e 1
8003ac3a 1
8003ac38 1
8003ac36 1
8003ac52 1
8003ac2e 1
8003ac2a 1
8003ac28 1
8003ac26 1
8003ac22 1
8003ac1e 1
8003ac1a 1
8003ac18 1
8003ac16 1
8003ac12 1
80028296 1
8002837a 1
80028378 1
80028376 1
800282b4 1
800282b0 1
800282ac 1
800282aa 1
800282a6 1
800282a2 1
8002829e 1
8002829a 1
8003ac0e 1
80028292 1
8002828e 1
8002828a 1
80028286 1
80028284 1
80028282 1
80028280 1
8002827e 1
8002827c 1
8003ac54 1
8003abd8 1
800281b0 1
800281ae 1
800281ac 1
800281aa 1
8003abea 1
8003abe8 1
8003abe4 1
8003abe2 1
8003abe0 1
8003abde 1
8003abdc 1
800281b4 1
8003abd6 1
8003abd4 1
8003abd0 1
8003abcc 1
8003abc8 1
8003abc6 1
8003abc4 1
8003abc0 1
8003abbe 1
8003abba 1
80028278 1
8003ac0a 1
8003ac06 1
8003ac02 1
8003abfe 1
8003abfa 1
8003abf8 1
8003abf6 1
8003abf2 1
8003abee 1
8002827a 1
8002801e 1
80028276 1
800281d6 1
800281d2 1
800281ce 1
800281ca 1
800281c6 1
800281c2 1
800281c0 1
800281bc 1
800281b8 1
8003aaac 1
8003aacc 1
8003aac8 1
8003aac6 1
8003aac4 1
8003aac0 1
8003aabc 1
8003aab8 1
8003aab6 1
8003aab4 1
8003aab0 1
8003aaae 1
8003aad0 1
8003aaa8 1
8003aaa4 1
8003aaa2 1
8003aaa0 1
8003aa9e 1
8003aa9a 1
8003aa96 1
8003aa92 1
8003aa8e 1
8003aa8c 1
8003aaf0 1
8003ab10 1
8003ab0c 1
8003ab0a 1
8003ab08 1
8003ab06 1
8003ab02 1
8003aafe 1
8003aafa 1
8003aaf8 1
8003aaf6 1
8003aaf2 1
8003aa8a 1
8003aaec 1
8003aaea 1
8003aae8 1
8003aae4 1
8003aae2 1
8003aae0 1
8003aadc 1
8003aada 1
8003aad8 1
8003aad4 1
8003aa24 1
8003aa44 1
8003aa42 1
8003aa40 1
8003aa3c 1
8003aa3a 1
8003aa36 1
8003aa34 1
8003aa32 1
8003aa2e 1
8003aa2a 1
8003aa26 1
8003aa48 1
8003aa22 1
8003aa1e 1
8003aa1c 1
8003aa18 1
8003aa16 1
8003aa14 1
80027e2c 1
80027e2a 1
80027e28 1
80027e26 1
8003aa66 1
8003aa86 1
8003aa82 1
8003aa7e 1
8003aa7c 1
8003aa78 1
8003aa76 1
8003aa74 1
8003aa72 1
8003aa6e 1
8003aa6c 1
8003aa6a 1
8003ab12 1
8003aa64 1
8003aa60 1
8003aa5e 1
8003aa5c 1
8003aa5a 1
8003aa56 1
8003aa54 1
8003aa52 1
8003aa50 1
8003aa4c 1
80027ee2 1
80027f4c 1
80027f48 1
80027f44 1
80027f40 1
80027f3c 1
80027f38 1
80027f34 1
80027f30 1
80027f2e 1
80027f2a 1
80027f28 1
80027f50 1
80027ede 1
80027eda 1
80027ed6 1
80027ed2 1
80027ece 1
80027eca 1
80027ec6 1
80027ec2 1
80027ec0 1
80027e80 1
80027fb6 1
8002801a 1
80028016 1
80028012 1
8002800e 1
8002800a 1
80028006 1
80028002 1
80028000 1
80027ffc 1
80027ffa 1
80027fba 1
80027e7e 1
80027fb2 1
80027fae 1
80027faa 1
80027fa6 1
80027fa2 1
80027f9e 1
80027f9a 1
80027f98 1
80027f94 1
80027f92 1
8003ab30 1
80027e3a 1
80027e38 1
80027e36 1
80027e34 1
80027e32 1
80027e30 1
80027e2e 1
8003ab3c 1
8003ab3a 1
8003ab38 1
8003ab34 1
80027e3c 1
8003ab2e 1
8003ab2c 1
8003ab28 1
8003ab26 1
8003ab22 1
8003ab1e 1
8003ab1c 1
8003ab1a 1
8003ab16 1
8003ab14 1
80027e5a 1
80027e7a 1
80027e76 1
80027e72 1
80027e6e 1
80027e6c 1
80027e68 1
80027e64 1
80027e60 1
80027e5e 1
80027e5c 1
8003a650 1
80027e58 1
80027e56 1
80027e54 1
80027e52 1
80027e4e 1
80027e4a 1
80027e46 1
80027e42 1
80027e40 1
80027e3e 1
8003a36c 1
8003a388 1
8003a384 1
8003a382 1
8003a380 1
8003a37e 1
8003a37a 1
8003a378 1
8003a376 1
8003a374 1
8003a372 1
8003a370 1
8003a38a 1
8003a36a 1
8003a366 1
8003a364 1
8003a362 1
8003a360 1
8003a35e 1
8003a35a 1
8003a358 1
8003a356 1
8003a354 1
8003a3a4 1
8003a3bc 1
8003a3ba 1
8003a3b8 1
8003a3b6 1
8003a3b4 1
8003a3b2 1
8003a3b0 1
8003a3ae 1
8003a3ac 1
8003a3a8 1
8003a3a6 1
8003a350 1
8003a3a2 1
8003a3a0 1
8003a39e 1
8003a39c 1
8003a398 1
8003a396 1
8003a394 1
8003a392 1
8003a38e 1
8003a38c 1
8003a2fa 1
8003a316 1
8003a314 1
8003a310 1
8003a30e 1
8003a30c 1
8003a30a 1
8003a306 1
8003a304 1
8003a302 1
8003a300 1
8003a2fc 1
8003a318 1
8003a2f8 1
8003a2f6 1
8003a2f2 1
8003a2f0 1
8003a2ee 1
8003a2ec 1
8003a2ea 1
8003a2e8 1
8003a2e4 1
8003a2e2 1
8003a336 1
8003a34e 1
8003a34c 1
8003a34a 1
8003a346 1
8003a344 1
8003a342 1
8003a340 1
8003a33e 1
8003a33c 1
8003a33a 1
8003a338 1
8003a3be 1
8003a334 1
8003a330 1
8003a32c 1
8003a328 1
8003a326 1
8003a324 1
8003a322 1
8003a320 1
8003a31e 1
8003a31a 1
80027398 1
800273c0 1
800273bc 1
800273b8 1
800273b4 1
800273b0 1
800273ae 1
800273aa 1
800273a6 1
800273a4 1
800273a0 1
8002739c 1
800273c4 1
80027394 1
80027390 1
8002738c 1
80027388 1
80027384 1
80027380 1
8002737c 1
80027378 1
80027374 1
80027370 1
8002758c 1
8003a3d0 1
8003a3cc 1
8003a3ca 1
8002759c 1
8002759a 1
80027598 1
80027596 1
80027594 1
80027592 1
80027590 1
8002758e 1
8002736c 1
8002758a 1
80027588 1
80027586 1
80027584 1
80027582 1
80027580 1
800273d0 1
800273ce 1
800273ca 1
800273c8 1
800272f0 1
8002730c 1
80027308 1
80027304 1
80027300 1
800272fe 1
800272fc 1
800272fa 1
800272f8 1
800272f6 1
800272f4 1
800272f2 1
80027310 1
800272ee 1
800272ec 1
800272ea 1
800272e8 1
800272e6 1
800272e4 1
800272e2 1
8003a3c6 1
8003a3c4 1
8003a3c0 1
8002733c 1
80027368 1
80027364 1
80027360 1
8002735c 1
80027358 1
80027354 1
80027350 1
8002734c 1
80027348 1
80027344 1
80027340 1
8003a2de 1
80027338 1
80027334 1
80027330 1
8002732c 1
80027328 1
80027324 1
80027320 1
8002731c 1
80027318 1
80027314 1
8003a1f2 1
8003a20e 1
8003a20c 1
8003a208 1
8003a206 1
8003a202 1
8003a200 1
8003a1fe 1
8003a1fc 1
8003a1fa 1
8003a1f8 1
8003a1f6 1
8003a210 1
8003a1f0 1
8003a1ee 1
8003a1ec 1
8003a1e8 1
8003a1e6 1
8003a1e4 1
8003a1e2 1
8003a1de 1
8003a1dc 1
8003a1da 1
8003a22e 1
80027128 1
80027124 1
80027122 1
8002711e 1
8002711a 1
80027116 1
80027112 1
80027110 1
8002710e 1
8002710c 1
8003a230 1
8003a1d8 1
8003a22c 1
8003a22a 1
8003a228 1
8003a226 1
8003a224 1
8003a220 1
8003a21e 1
8003a21c 1
8003a218 1
8003a214 1
80027108 1
8003a19c 1
8003a19a 1
8003a198 1
8003a196 1
8003a194 1
8003a192 1
8003a190 1
8003a18e 1
8003a18a 1
8003a188 1
8002710a 1
8003a19e 1
80027106 1
80027104 1
800270c2 1
800270be 1
800270ba 1
800270b6 1
800270b2 1
800270ae 1
800270aa 1
800270a6 1
8003a1ba 1
8003a1d4 1
8003a1d2 1
8003a1d0 1
8003a1ce 1
8003a1cc 1
8003a1ca 1
8003a1c6 1
8003a1c4 1
8003a1c0 1
8003a1be 1
8003a1bc 1
8002712c 1
8003a1b8 1
8003a1b4 1
8003a1b2 1
8003a1b0 1
8003a1ae 1
8003a1aa 1
8003a1a8 1
8003a1a6 1
8003a1a4 1
8003a1a0 1
8002720e 1
8003a2a6 1
8003a2a4 1
8003a2a0 1
8003a29c 1
800272e0 1
800272de 1
800272dc 1
800272da 1
800272d8 1
80027216 1
80027212 1
8003a2a8 1
8002720c 1
80027208 1
80027204 1
80027200 1
800271fc 1
800271f8 1
800271f4 1
800271f0 1
800271ec 1
800271e8 1
8003a2c2 1
8003a2dc 1
8003a2da 1
8003a2d8 1
8003a2d6 1
8003a2d2 1
8003a2d0 1
8003a2ce 1
8003a2cc 1
8003a2c8 1
8003a2c6 1
8003a2c4 1
800271e6 1
8003a2be 1
8003a2bc 1
8003a2ba 1
8003a2b8 1
8003a2b6 1
8003a2b4 1
8003a2b2 1
8003a2b0 1
8003a2ae 1
8003a2aa 1
8003a240 1
8003a266 1
8003a262 1
8003a25e 1
8003a25c 1
8003a25a 1
8003a256 1
8003a252 1
8003a24e 1
8003a24a 1
8003a246 1
8003a242 1
8003a26a 1
8003a23e 1
8003a23c 1
8003a238 1
8003a234 1
800271dc 1
800271da 1
800271d8 1
80027138 1
80027134 1
80027130 1
8003a28a 1
800271e4 1
800271e2 1
800271e0 1
800271de 1
8003a298 1
8003a296 1
8003a292 1
8003a290 1
8003a28e 1
8003a28c 1
8003a3d2 1
8003a286 1
8003a284 1
8003a282 1
8003a27e 1
8003a27c 1
8003a27a 1
8003a276 1
8003a272 1
8003a26e 1
8003a26c 1
8003a592 1
8003a5ac 1
8003a5aa 1
8003a5a8 1
8003a5a4 1
8003a5a2 1
8003a5a0 1
8003a59e 1
8003a59c 1
8003a59a 1
8003a598 1
8003a594 1
8003a5ae 1
8003a590 1
8003a58e 1
8003a58a 1
8003a588 1
8003a586 1
8003a584 1
8003a580 1
8003a57e 1
8003a57c 1
8003a57a 1
8003a5ca 1
8003a5e4 1
8003a5e0 1
8003a5de 1
8003a5dc 1
8003a5da 1
8003a5d8 1
8003a5d6 1
8003a5d4 1
8003a5d0 1
8003a5ce 1
8003a5cc 1
8003a578 1
8003a5c6 1
8003a5c4 1
8003a5c2 1
8003a5c0 1
8003a5bc 1
8003a5ba 1
8003a5b8 1
8003a5b6 1
8003a5b2 1
8003a5b0 1
8003a55a 1
80027786 1
80027782 1
80027780 1
8002777e 1
8002777c 1
8002777a 1
80027778 1
80027776 1
80027774 1
8003a55e 1
8003a55c 1
8002778a 1
8003a558 1
8003a556 1
8003a554 1
8003a550 1
8003a54c 1
8003a54a 1
8003a548 1
8003a546 1
8003a542 1
8003a53e 1
8002784e 1
8003a576 1
8003a574 1
8003a572 1
8003a570 1
8003a56e 1
8003a56a 1
8003a568 1
8003a564 1
8003a562 1
80027852 1
80027850 1
8003a5e6 1
8002784c 1
8002784a 1
80027848 1
80027846 1
8002779e 1
8002779a 1
80027796 1
80027794 1
80027792 1
8002778e 1
80027a64 1
80027b08 1
80027b06 1
80027b04 1
80027b02 1
80027b00 1
80027afe 1
80027a76 1
80027a72 1
80027a6e 1
80027a6a 1
80027a66 1
8003a616 1
80027a60 1
80027a5c 1
80027a5a 1
800279d2 1
800279ce 1
800279ca 1
800279c6 1
800279c2 1
800279c0 1
800279bc 1
8003a632 1
8003a64e 1
8003a64c 1
8003a648 1
8003a646 1
8003a644 1
8003a642 1
8003a63e 1
8003a63c 1
8003a63a 1
8003a636 1
8003a634 1
800279b8 1
8003a630 1
8003a62e 1
8003a62c 1
8003a62a 1
8003a626 1
8003a622 1
8003a620 1
8003a61e 1
8003a61c 1
8003a618 1
8003a608 1
80027860 1
8002785e 1
8002785c 1
8002785a 1
80027858 1
80027856 1
80027854 1
8003a612 1
8003a60e 1
8003a60c 1
8003a60a 1
80027862 1
8003a604 1
8003a602 1
8003a600 1
8003a5fc 1
8003a5f8 1
8003a5f4 1
8003a5f2 1
8003a5f0 1
8003a5ec 1
8003a5e8 1
80027886 1
800279b6 1
8002792a 1
80027926 1
80027922 1
8002791e 1
8002791a 1
80027916 1
80027914 1
8002788e 1
8002788a 1
8003a53c 1
80027884 1
80027880 1
8002787e 1
8002787c 1
80027878 1
80027874 1
80027870 1
8002786c 1
80027868 1
80027864 1
8003a458 1
800275be 1
800275ba 1
800275b6 1
800275b4 1
800275b0 1
800275ac 1
800275a8 1
800275a4 1
800275a2 1
800275a0 1
8002759e 1
800275c2 1
8003a456 1
8003a454 1
8003a452 1
8003a450 1
8003a44e 1
8003a44c 1
8003a448 1
8003a446 1
8003a444 1
8003a442 1
8003a46a 1
8003a492 1
8003a48e 1
8003a48a 1
8003a486 1
8003a484 1
8003a482 1
8003a47e 1
8003a47a 1
8003a476 1
8003a472 1
8003a46e 1
8003a440 1
8003a468 1
8003a466 1
8003a464 1
8003a460 1
8003a45c 1
8002766e 1
8002766c 1
8002766a 1
800275ca 1
800275c6 1
8003a3ea 1
8003a404 1
8003a402 1
8003a400 1
8003a3fe 1
8003a3fc 1
8003a3fa 1
8003a3f6 1
8003a3f4 1
8003a3f2 1
8003a3f0 1
8003a3ec 1
8003a406 1
8003a3e8 1
8003a3e6 1
8003a3e2 1
8003a3e0 1
8003a3de 1
8003a3dc 1
8003a3da 1
8003a3d8 1
8003a3d6 1
8003a3d4 1
8003a422 1
8003a43c 1
8003a43a 1
8003a438 1
8003a436 1
8003a432 1
8003a430 1
8003a42e 1
8003a42c 1
8003a428 1
8003a426 1
8003a424 1
8003a494 1
8003a41e 1
8003a41c 1
8003a41a 1
8003a418 1
8003a414 1
8003a412 1
8003a410 1
8003a40e 1
8003a40c 1
8003a40a 1
8003a4e6 1
8003a502 1
8003a500 1
8003a4fc 1
8003a4fa 1
8003a4f6 1
8003a4f4 1
8003a4f2 1
8003a4f0 1
8003a4ee 1
8003a4ea 1
8003a4e8 1
8003a504 1
8003a4e4 1
8003a4e0 1
8003a4de 1
8003a4dc 1
8003a4da 1
8003a4d6 1
8003a4d4 1
8003a4d2 1
8003a4d0 1
8003a4ce 1
8003a51e 1
8003a538 1
8003a536 1
8003a534 1
8003a532 1
8003a530 1
8003a52e 1
8003a52c 1
8003a528 1
8003a526 1
8003a524 1
8003a522 1
8003a4cc 1
8003a51c 1
8003a51a 1
8003a518 1
8003a514 1
8003a512 1
8003a510 1
8003a50e 1
8003a50a 1
8003a508 1
8003a506 1
8003a4b2 1
80027682 1
8002767e 1
8002767a 1
80027678 1
80027676 1
80027674 1
80027672 1
80027670 1
8003a4b8 1
8003a4b6 1
8003a4b4 1
80027686 1
8003a4b0 1
8003a4ac 1
8003a4aa 1
8003a4a8 1
8003a4a4 1
8003a4a2 1
8003a4a0 1
8003a49c 1
8003a498 1
8003a496 1
8002776c 1
8003a4ca 1
8003a4c8 1
8003a4c6 1
8003a4c4 1
8003a4c2 1
8003a4be 1
8003a4bc 1
80027772 1
80027770 1
8002776e 1
8002837c 1
8002776a 1
800276a8 1
800276a4 1
800276a0 1
8002769e 1
8002769a 1
80027696 1
80027692 1
8002768e 1
8002768a 1
8003b616 1
80029330 1
8002932c 1
80029328 1
80029324 1
80029322 1
80029320 1
8002931e 1
8002931c 1
8002931a 1
8003b624 1
8003b61e 1
80029334 1
8003b612 1
8003b60a 1
8003b606 1
8003b600 1
8003b5f8 1
8003b5f2 1
8003b5d4 1
8003b5cc 1
80029318 1
80029316 1
80029418 1
8003b66e 1
8003b668 1
8003b664 1
8003b65c 1
8003b654 1
8003b64e 1
8003b64a 1
8003b644 1
8003b63c 1
8002941c 1
8002941a 1
80029314 1
80029416 1
80029414 1
80029352 1
8002934e 1
8002934a 1
80029348 1
80029344 1
80029340 1
8002933c 1
80029338 1
8003b538 1
8003b582 1
8003b57c 1
8003b574 1
8003b56e 1
8003b566 1
8003b562 1
8003b55a 1
8003b556 1
8003b550 1
8003b548 1
8003b542 1
8003b586 1
8003b530 1
8003b528 1
80029246 1
80029244 1
80029242 1
80029240 1
800291fe 1
800291fa 1
800291f6 1
800291f2 1
8002924c 1
80029274 1
80029270 1
8002926c 1
80029268 1
80029264 1
80029260 1
8002925e 1
8002925a 1
80029256 1
80029252 1
8002924e 1
8003b674 1
8002924a 1
80029248 1
8003b5be 1
8003b5ba 1
8003b5b2 1
8003b5ae 1
8003b5a0 1
8003b59a 1
8003b592 1
8003b58e 1
80029464 1
80029490 1
8002948c 1
80029488 1
80029484 1
80029480 1
8002947c 1
80029478 1
80029474 1
80029470 1
8002946c 1
80029468 1
80029494 1
80029460 1
8002945c 1
80029458 1
80029454 1
80029450 1
8002944c 1
80029448 1
80029444 1
80029440 1
8002943c 1
800294c0 1
800294ea 1
800294e6 1
800294e2 1
800294e0 1
800294dc 1
800294d8 1
800294d4 1
800294d0 1
800294cc 1
800294c8 1
800294c4 1
8002943a 1
800294bc 1
800294b8 1
800294b4 1
800294b0 1
800294ac 1
800294a8 1
800294a4 1
800294a0 1
8002949c 1
80029498 1
8003b6d2 1
8003b71a 1
8003b716 1
8003b708 1
8003b704 1
8003b6fc 1
8003b6f8 1
8003b6f0 1
8003b6ec 1
8003b6de 1
8003b6da 1
8003b6d6 1
8003b724 1
8003b6cc 1
8003b6be 1
8003b6ba 1
8003b6b6 1
8003b6ae 1
8003b6aa 1
8003b6a6 1
8003b68c 1
8003b686 1
8003b682 1
80029422 1
80029438 1
80029436 1
80029434 1
80029432 1
80029430 1
8002942e 1
8002942c 1
8002942a 1
80029428 1
80029426 1
80029424 1
800291ee 1
80029420 1
8002941e 1
8003b75c 1
8003b758 1
8003b750 1
8003b748 1
8003b744 1
8003b740 1
8003b72e 1
8003b72a 1
8003b48e 1
8003b4e4 1
8003b4da 1
8003b4d6 1
8003b4d2 1
8003b4ca 1
8003b4c6 1
8003b4be 1
8003b4ba 1
8003b4b4 1
8003b4ac 1
8003b49a 1
8003b4ee 1
8003b47a 1
8003b466 1
8003b462 1
8003b45c 1
8003b454 1
8003b44e 1
8003b444 1
8003b43c 1
8003b420 1
8003b418 1
80028ed6 1
80028ef4 1
80028ef2 1
80028ef0 1
80028eec 1
80028ee8 1
80028ee4 1
80028ee0 1
80028ede 1
80028edc 1
80028eda 1
80028ed8 1
8003b412 1
80028ed4 1
80028ed2 1
80028ed0 1
80028ece 1
80028ecc 1
8003b522 1
8003b514 1
8003b50e 1
8003b4fc 1
8003b4f4 1
80028c8e 1
80028d50 1
80028d4c 1
80028d4a 1
80028d46 1
80028d42 1
80028d40 1
80028ca0 1
80028c9c 1
80028c98 1
80028c94 1
80028c90 1
80028d54 1
80028c8a 1
80028c86 1
80028c84 1
80028bec 1
80028be8 1
80028be4 1
80028be0 1
80028bdc 1
80028bd8 1
80028bd6 1
80028e18 1
8003b40e 1
80028eca 1
80028ec8 1
80028ec6 1
80028ec4 1
80028ec2 1
80028ec0 1
80028ebe 1
80028ebc 1
80028eba 1
80028eb8 1
80028ef6 1
80028e14 1
80028e10 1
80028e0c 1
80028e08 1
80028e06 1
80028e02 1
80028dfe 1
80028dfc 1
80028d5c 1
80028d58 1
800290b4 1
8002911a 1
80029116 1
80029112 1
8002910e 1
8002910a 1
80029108 1
80029104 1
80029102 1
800290c0 1
800290bc 1
800290b8 1
8002911e 1
800290b0 1
800290ac 1
800290a8 1
800290a4 1
800290a0 1
8002909e 1
8002909a 1
80029098 1
80029058 1
80029054 1
80029184 1
800291ea 1
800291e6 1
800291e2 1
800291de 1
800291dc 1
800291d8 1
800291d6 1
80029194 1
80029190 1
8002918c 1
80029188 1
80029050 1
80029180 1
8002917c 1
80029178 1
80029174 1
80029172 1
8002916e 1
8002916c 1
8002912a 1
80029126 1
80029122 1
80028f18 1
80028f7c 1
80028f78 1
80028f74 1
80028f70 1
80028f6c 1
80028f68 1
80028f64 1
80028f60 1
80028f5e 1
80028f1e 1
80028f1c 1
80028f80 1
80028f14 1
80028f10 1
80028f0c 1
80028f0a 1
80028f06 1
80028f02 1
80028efe 1
80028efc 1
80028efa 1
80028ef8 1
80028fea 1
8002904c 1
80029048 1
80029044 1
80029040 1
8002903c 1
80029038 1
80029036 1
80029032 1
80029030 1
80028fee 1
800294ec 1
80028fe6 1
80028fe2 1
80028fde 1
80028fda 1
80028fd6 1
80028fd2 1
80028fce 1
80028fcc 1
80028fc8 1
80028fc6 1
8003bb6c 1
8003bbae 1
8003bbaa 1
8003bba6 1
8003bb9e 1
8003bb96 1
8003bb90 1
8003bb8c 1
8003bb88 1
8003bb84 1
8003bb7c 1
8003bb74 1
8003bbb2 1
8003bb64 1
8003bb5c 1
8003bb54 1
8003bb4c 1
8003bb44 1
8003bb3c 1
8003bb34 1
8003bb30 1
8003bb28 1
8003bb20 1
8003bc00 1
8003bc5c 1
8003bc54 1
8003bc4c 1
8003bc44 1
8003bc3c 1
8003bc34 1
8003bc28 1
8003bc20 1
8003bc18 1
8003bc10 1
8003bc08 1
8003bb1c 1
8003bbf8 1
8003bbf0 1
8003bbe8 1
8003bbdc 1
8003bbd0 1
8003bbcc 1
8003bbc8 1
8003bbbe 1
8003bbba 1
8003bbb6 1
8003b9e0 1
8003ba54 1
8003ba46 1
8003ba3a 1
8003ba36 1
8003ba24 1
8003ba1c 1
8003ba18 1
8003ba06 1
8003b9fa 1
8003b9ec 1
8003b9e8 1
8003ba60 1
8003b9dc 1
8003b9ca 1
8003b9c2 1
80029c44 1
80029c40 1
80029c3c 1
80029ba0 1
80029b9c 1
80029b98 1
80029afc 1
8003bac0 1
8003bb18 1
8003bb14 1
8003bb0c 1
8003bb08 1
8003bb00 1
8003baf6 1
8003baee 1
8003bae4 1
8003bad6 1
8003bad2 1
8003baca 1
8003bc60 1
8003bab8 1
8003baae 1
8003baa6 1
8003ba9c 1
8003ba8e 1
8003ba8a 1
8003ba82 1
8003ba7a 1
8003ba76 1
8003ba72 1
8003bda0 1
8003bdfc 1
8003bdd2 1
8003bdca 1
8003bdc6 1
8003bdc2 1
8003bdbc 1
8003bdb8 1
8003bdb4 1
8003bdac 1
8003bda8 1
8003bda4 1
8003be04 1
8003bd9c 1
8003bd90 1
8003bd8c 1
8003bd88 1
8003bd84 1
8003bd80 1
8003bd7c 1
8003bd74 1
8003bd70 1
8003bd6c 1
8003be3c 1
8003be94 1
8003be8c 1
8003be84 1
8003be7c 1
8003be74 1
8003be6c 1
8003be60 1
8003be54 1
8003be4c 1
8003be44 1
8003be40 1
8003bd68 1
8003be38 1
8003be30 1
8003be28 1
8003be24 1
8003be20 1
8003be1c 1
8003be18 1
8003be14 1
8003be0c 1
8003be08 1
8003bc98 1
8003bcd6 1
8003bcd2 1
8003bccc 1
8003bcc8 1
8003bcc0 1
8003bcbc 1
8003bcb8 1
8003bcb0 1
8003bcac 1
8003bca4 1
8003bca0 1
8003bcda 1
8003bc94 1
8003bc90 1
8003bc8c 1
8003bc88 1
8003bc84 1
8003bc80 1
8003bc78 1
8003bc74 1
8003bc70 1
8003bc68 1
8003bd34 1
8003bd64 1
8003bd60 1
8003bd58 1
8003bd54 1
8003bd50 1
8003bd4c 1
8003bd48 1
8003bd44 1
8003bd3c 1
8003bd38 1
80029af2 1
8003bd30 1
8003bd2c 1
8003bd28 1
8003bd20 1
8003bd1c 1
8003bd14 1
8003bd0c 1
8003bd04 1
8003bcfc 1
8003bcf4 1
800297a8 1
800297ac 1
8003b84e 1
8003b846 1
8003b836 1
8003b828 1
8003b824 1
8003b81c 1
8003b818 1
8003b814 1
8003b806 1
800297aa 1
800297ae 1
800297a6 1
80029706 1
80029702 1
800296fe 1
800296fa 1
800296f6 1
800296f2 1
800296f0 1
800296ec 1
800296e8 1
800297d2 1
8003b860 1
800298ae 1
800298ac 1
800298aa 1
800298a8 1
800298a6 1
800297e4 1
800297e0 1
800297dc 1
800297da 1
800297d6 1
800296e4 1
800297ce 1
800297ca 1
800297c6 1
800297c2 1
800297be 1
800297ba 1
800297b6 1
800297b4 1
800297b2 1
800297b0 1
800296be 1
800296d4 1
800296d2 1
800296d0 1
800296ce 1
800296cc 1
800296ca 1
800296c8 1
800296c6 1
800296c4 1
800296c2 1
800296c0 1
800296d6 1
800296bc 1
8002950c 1
8002950a 1
80029506 1
80029504 1
80029500 1
800294fc 1
800294f8 1
800294f4 1
800294f0 1
8003b7b2 1
800296e0 1
800296de 1
800296dc 1
800296da 1
8003b7f6 1
8003b7e4 1
8003b7d8 1
8003b7ca 1
8003b7c6 1
8003b7ba 1
8003b7b6 1
8003b864 1
8003b7ae 1
8003b79c 1
8003b796 1
8003b790 1
8003b78c 1
8003b788 1
8003b77a 1
8003b776 1
8003b76e 1
800296d8 1
8003b986 1
80029996 1
80029994 1
80029992 1
80029990 1
8003b9b0 1
8003b9ac 1
8003b9a4 1
8003b9a0 1
8003b99c 1
8003b998 1
8003b98a 1
80029998 1
8003b97e 1
8003b97a 1
8003b96c 1
8003b968 1
8003b960 1
8003b95c 1
8003b94e 1
8003b94a 1
8003b942 1
8003b93e 1
800299ba 1
80029a66 1
80029a62 1
80029a5e 1
80029a5a 1
80029a56 1
80029a52 1
800299ca 1
800299c6 1
800299c2 1
800299c0 1
800299bc 1
8003b92c 1
800299b8 1
800299b4 1
800299b0 1
800299ac 1
800299a8 1
800299a4 1
800299a0 1
8002999e 1
8002999c 1
8002999a 1
8003b8c6 1
800298b6 1
800298b4 1
800298b2 1
800298b0 1
8003b906 1
8003b902 1
8003b8f4 1
8003b8e8 1
8003b8e0 1
8003b8d8 1
8003b8ca 1
800298b8 1
8003b8be 1
8003b8ba 1
8003b8ac 1
8003b8a8 1
8003b89c 1
8003b88a 1
8003b882 1
8003b87e 1
8003b870 1
8003b86c 1
800298da 1
8003b924 1
8003b920 1
8003b912 1
8002998e 1
8002998c 1
8002998a 1
80029988 1
80029986 1
80029984 1
80029982 1
80028bd4 1
800298d6 1
800298d2 1
800298d0 1
800298ce 1
800298ca 1
800298c6 1
800298c2 1
800298be 1
800298bc 1
800298ba 1
8003add2 1
8003adee 1
8003adea 1
8003ade8 1
8003ade6 1
8003ade4 1
8003ade0 1
8003adde 1
8003addc 1
8003adda 1
8003add6 1
8003add4 1
8003adf0 1
8003add0 1
8003adce 1
8003adcc 1
8003adc8 1
8003adc6 1
8003adc2 1
8003adc0 1
8003adbe 1
8003adbc 1
8003adba 1
8003ae0a 1
80028642 1
80028640 1
8002863e 1
8002863c 1
8003ae1c 1
8003ae1a 1
8003ae16 1
8003ae14 1
8003ae12 1
8003ae10 1
8003ae0e 1
8003adb6 1
8003ae08 1
8003ae06 1
8003ae04 1
8003ae02 1
8003adfe 1
8003adfc 1
8003adfa 1
8003adf8 1
8003adf4 1
8003adf2 1
8002846e 1
80028632 1
80028630 1
8002862e 1
8002862c 1
8002862a 1
80028628 1
80028626 1
80028624 1
80028622 1
80028620 1
8002861e 1
80028634 1
8002846c 1
80028468 1
80028466 1
80028462 1
8002845e 1
8002845a 1
80028456 1
80028452 1
8002844e 1
8002844c 1
8003ad9a 1
8003adb4 1
8003adb2 1
8003adb0 1
8003adac 1
8003adaa 1
8003ada8 1
8003ada6 1
8003ada2 1
8003ada0 1
8003ad9e 1
8003ad9c 1
80028646 1
8003ad98 1
8003ad96 1
8003ad94 1
8003ad92 1
8003ad90 1
8003ad8c 1
8003ad8a 1
8002863a 1
80028638 1
80028636 1
80028734 1
8003ae82 1
80028810 1
8002880e 1
8002880c 1
8002880a 1
80028808 1
80028746 1
80028742 1
8002873e 1
8002873c 1
80028738 1
8003ae84 1
80028730 1
8002872c 1
80028728 1
80028724 1
80028720 1
8002871c 1
80028718 1
80028716 1
80028714 1
80028712 1
8003ae9c 1
8003aeb8 1
8003aeb6 1
8003aeb4 1
8003aeb0 1
8003aeae 1
8003aeac 1
8003aeaa 1
8003aea6 1
8003aea4 1
8003aea2 1
8003aea0 1
80028710 1
8003ae9a 1
8003ae98 1
8003ae96 1
8003ae94 1
8003ae92 1
8003ae90 1
8003ae8e 1
8003ae8c 1
8003ae8a 1
8003ae88 1
8002870a 1
8003ae40 1
8003ae3c 1
8003ae38 1
8003ae34 1
8003ae30 1
8003ae2c 1
8003ae2a 1
8003ae28 1
8003ae24 1
8003ae20 1
8002870c 1
8003ae44 1
80028708 1
80028668 1
80028664 1
80028660 1
8002865c 1
80028658 1
80028654 1
80028652 1
8002864e 1
8002864a 1
8003ae68 1
8002870e 1
8003ae7e 1
8003ae7c 1
8003ae7a 1
8003ae78 1
8003ae74 1
8003ae72 1
8003ae70 1
8003ae6c 1
8003ae6a 1
80028448 1
8003ae64 1
8003ae60 1
8003ae5c 1
8003ae5a 1
8003ae58 1
8003ae54 1
8003ae50 1
8003ae4c 1
8003ae4a 1
8003ae48 1
8003ace0 1
8003acfc 1
8003acfa 1
8003acf8 1
8003acf6 1
8003acf4 1
8003acf2 1
8003acf0 1
8003acec 1
8003ace8 1
8003ace4 1
8003ace2 1
8003acfe 1
8003acde 1
8003acdc 1
8003acda 1
8003acd6 1
8003acd4 1
8003acd2 1
8003acd0 1
8003accc 1
8003acca 1
8003acc8 1
8003ad1a 1
8003ad34 1
8003ad32 1
8003ad30 1
8003ad2e 1
8003ad2c 1
8003ad28 1
8003ad26 1
8003ad22 1
8003ad20 1
8003ad1e 1
8003ad1c 1
8003acc6 1
8003ad16 1
8003ad14 1
8003ad12 1
8003ad10 1
8003ad0c 1
8003ad0a 1
8003ad08 1
8003ad06 1
8003ad02 1
8003ad00 1
8003ac70 1
8003ac8a 1
8003ac88 1
8003ac84 1
8003ac82 1
8003ac80 1
8003ac7e 1
8003ac7a 1
8003ac78 1
8003ac76 1
8003ac74 1
8003ac72 1
8003ac8c 1
8003ac6e 1
8003ac6c 1
8003ac6a 1
8003ac66 1
8003ac64 1
8003ac62 1
8003ac60 1
8003ac5c 1
8003ac58 1
8002837e 1
8003aca8 1
8003acc2 1
8003acc0 1
8003acbe 1
8003acbc 1
8003acb8 1
8003acb6 1
8003acb4 1
8003acb2 1
8003acae 1
8003acac 1
8003acaa 1
8003ad36 1
8003aca6 1
8003aca4 1
8003aca0 1
8003ac9e 1
8003ac9a 1
8003ac98 1
8003ac96 1
8003ac94 1
8003ac92 1
8003ac8e 1
800283be 1
800283ea 1
800283e6 1
800283e2 1
800283de 1
800283da 1
800283d6 1
800283d2 1
800283ce 1
800283ca 1
800283c6 1
800283c2 1
800283ee 1
800283ba 1
800283b6 1
800283b2 1
800283ae 1
800283aa 1
800283a6 1
800283a2 1
8002839e 1
8002839c 1
8002839a 1
8002841a 1
80028444 1
80028442 1
8002843e 1
8002843a 1
80028436 1
80028432 1
8002842e 1
8002842a 1
80028426 1
80028422 1
8002841e 1
80028398 1
80028416 1
80028412 1
8002840e 1
8002840a 1
80028406 1
80028402 1
800283fe 1
800283fa 1
800283f6 1
800283f2 1
8003ad52 1
8003ad6c 1
8003ad6a 1
8003ad68 1
8003ad64 1
8003ad62 1
8003ad60 1
8003ad5e 1
8003ad5c 1
8003ad5a 1
8003ad58 1
8003ad54 1
8003ad6e 1
8003ad50 1
8003ad4e 1
8003ad4a 1
8003ad48 1
8003ad46 1
8003ad44 1
8003ad40 1
8003ad3e 1
8003ad3c 1
8003ad3a 1
80028382 1
80028396 1
80028394 1
80028392 1
80028390 1
8002838e 1
8002838c 1
8002838a 1
80028388 1
80028386 1
80028384 1
8003aeba 1
80028380 1
8003ad86 1
8003ad84 1
8003ad80 1
8003ad7e 1
8003ad7c 1
8003ad78 1
8003ad76 1
8003ad74 1
8003ad72 1
8003b052 1
8003b06e 1
8003b06a 1
8003b068 1
8003b064 1
8003b062 1
8003b060 1
8003b05e 1
8003b05a 1
8003b058 1
8003b056 1
8003b054 1
8003b070 1
8003b050 1
8003b04c 1
8003b048 1
8003b046 1
8003b044 1
8003b042 1
8003b040 1
8003b03c 1
8003b03a 1
8003b038 1
8003b0c4 1
8003b122 1
8003b10e 1
8003b108 1
8003b100 1
8003b0fc 1
8003b0ee 1
8003b0ea 1
8003b0e4 1
8003b0de 1
8003b0d8 1
8003b0cc 1
8003b036 1
8003b094 1
8003b090 1
8003b08c 1
8003b088 1
8003b084 1
8003b080 1
8003b07c 1
8003b07a 1
8003b076 1
8003b074 1
8003afec 1
8003b006 1
8003b004 1
8003b002 1
8003b000 1
8003affc 1
8003affa 1
8003aff8 1
8003aff6 1
8003aff4 1
8003aff2 1
8003aff0 1
8003b008 1
8003afe8 1
8003afe6 1
8003afe4 1
8003afe2 1
8003afde 1
8003afdc 1
80028ba6 1
80028ba4 1
80028ba2 1
80028ba0 1
8003b01e 1
8003b034 1
8003b032 1
8003b030 1
8003b02e 1
8003b02c 1
8003b02a 1
8003b028 1
8003b026 1
8003b024 1
8003b022 1
8003b020 1
8003b126 1
8003b01c 1
8003b01a 1
8003b018 1
8003b016 1
8003b014 1
8003b012 1
8003b010 1
8003b00e 1
8003b00c 1
8003b00a 1
8003b39c 1
8003b3e2 1
8003b3da 1
8003b3d6 1
8003b3d0 1
8003b3c8 1
8003b3c2 1
8003b3ba 1
8003b3b6 1
8003b3ae 1
8003b3aa 1
8003b3a4 1
8003b3e6 1
8003b396 1
8003b38c 1
8003b384 1
8003b37c 1
8003b376 1
8003b36e 1
8003b368 1
8003b360 1
8003b356 1
8003b352 1
80028bb4 1
80028bd2 1
80028bce 1
80028bca 1
80028bc6 1
80028bc2 1
80028bc0 1
80028bbe 1
80028bbc 1
80028bba 1
80028bb8 1
80028bb6 1
8003b34e 1
80028bb2 1
80028bb0 1
80028bae 1
80028bac 1
80028baa 1
80028ba8 1
8003b406 1
8003b3fe 1
8003b3f4 1
8003b3ee 1
8003b1ac 1
8003b232 1
8003b214 1
8003b210 1
8003b208 1
8003b204 1
8003b200 1
8003b1e8 1
8003b1e0 1
8003b1dc 1
8003b1ce 1
8003b1c6 1
8003b23a 1
8003b186 1
8003b17a 1
8003b172 1
8003b16e 1
8003b160 1
8003b154 1
8003b14c 1
8003b148 1
8003b134 1
8003b12e 1
8003b2d8 1
8003b33e 1
8003b332 1
8003b32a 1
8003b326 1
8003b31a 1
8003b314 1
8003b30a 1
8003b302 1
8003b2fa 1
8003b2f4 1
80028b9e 1
8003b2d4 1
8003b2cc 1
8003b2c4 1
8003b2c0 1
8003b2bc 1
8003b2b2 1
8003b2ac 1
8003b29a 1
8003b28c 1
8003b284 1
80028834 1
8003af2e 1
8003af2c 1
800288f0 1
800288ee 1
800288ec 1
800288ea 1
800288e8 1
800288e6 1
800288e4 1
8002883c 1
80028838 1
8003af32 1
80028832 1
80028830 1
8002882c 1
80028828 1
80028824 1
80028820 1
8002881e 1
8002881c 1
8002881a 1
80028818 1
8003af4a 1
8003af66 1
8003af64 1
8003af62 1
8003af5e 1
8003af5c 1
8003af5a 1
8003af58 1
8003af54 1
8003af52 1
8003af50 1
8003af4e 1
80028816 1
8003af48 1
8003af46 1
8003af44 1
8003af42 1
8003af40 1
8003af3e 1
8003af3c 1
8003af3a 1
8003af38 1
8003af34 1
8003aed6 1
8003aef2 1
8003aeee 1
8003aeec 1
8003aeea 1
8003aee8 1
8003aee4 1
8003aee2 1
8003aee0 1
8003aede 1
8003aeda 1
8003aed8 1
8003aef4 1
8003aed4 1
8003aed0 1
8003aece 1
8003aecc 1
8003aeca 1
8003aec8 1
8003aec6 1
8003aec2 1
8003aec0 1
8003aebc 1
8003af10 1
80028814 1
80028812 1
8003af28 1
8003af26 1
8003af22 1
8003af20 1
8003af1e 1
8003af1c 1
8003af18 1
8003af14 1
8003af12 1
8003af68 1
8003af0e 1
8003af0a 1
8003af06 1
8003af04 1
8003af02 1
8003aefe 1
8003aefc 1
8003aefa 1
8003aef8 1
8003aef6 1
80028912 1
800289b8 1
800289b4 1
800289b2 1
8002892c 1
80028928 1
80028924 1
80028922 1
8002891e 1
8002891c 1
8002891a 1
80028916 1
800289bc 1
8002890e 1
8002890a 1
80028906 1
80028902 1
80028900 1
800288fe 1
800288fc 1
800288fa 1
800288f8 1
800288f6 1
80028a6c 1
80028b9c 1
80028b14 1
80028b10 1
80028b0c 1
80028b08 1
80028b04 1
80028b02 1
80028afe 1
80028afa 1
80028af8 1
80028a70 1
800288f4 1
80028a68 1
80028a64 1
80028a60 1
80028a5e 1
80028a5a 1
80028a56 1
80028a54 1
800289c8 1
800289c4 1
800289c0 1
8003af84 1
8003afa0 1
8003af9c 1
8003af9a 1
8003af98 1
8003af96 1
8003af92 1
8003af90 1
8003af8e 1
8003af8c 1
8003af88 1
8003af86 1
8003afa2 1
8003af82 1
8003af7e 1
8003af7c 1
8003af7a 1
8003af78 1
8003af76 1
8003af74 1
8003af70 1
8003af6e 1
8003af6a 1
8003afbe 1
800288f2 1
8003afd8 1
8003afd6 1
8003afd2 1
8003afd0 1
8003afce 1
8003afcc 1
8003afc8 1
8003afc4 1
8003afc0 1
8003929a 1
8003afbc 1
8003afb8 1
8003afb4 1
8003afb2 1
8003afb0 1
8003afac 1
8003afaa 1
8003afa8 1
8003afa6 1
8003afa4 1
800365c2 1
800209ee 1
80036f46 1
80036f44 1
80036f42 1
80036f40 1
800365ba 1
800365bc 1
80022494 1
800365be 1
80036f4a 1
800365c4 1
800365c8 1
800365ca 1
800365cc 1
800365d0 1
80022498 1
800365d4 1
800365d8 1
80036f3e 1
800209e2 1
80036f5a 1
80022486 1
800209de 1
8002248a 1
80036f58 1
8002248e 1
80036f54 1
80036f52 1
800209e0 1
80036f3c 1
800209e4 1
800209e6 1
800209e8 1
80022490 1
80022492 1
80036f50 1
800209ea 1
80036f4c 1
800209ec 1
80036606 1
80036f1e 1
800365f8 1
800365fa 1
800365fc 1
80036600 1
80036f1a 1
80036602 1
80036604 1
80036f16 1
800365f6 1
80036f12 1
8003660a 1
80036f10 1
8003660c 1
80036f0c 1
80036f0a 1
80036f08 1
80036f04 1
80036f02 1
80036f24 1
80036f3a 1
800365da 1
80036f38 1
80036f34 1
80036f32 1
80036f2e 1
80036f2c 1
80036f2a 1
80036f26 1
80022482 1
80036f22 1
800365dc 1
800365e0 1
800365e2 1
800365e6 1
800365e8 1
800365ea 1
800365ee 1
800365f2 1
8003744e 1
80021846 1
80021844 1
80020866 1
8002086e 1
80020874 1
80020878 1
8002087c 1
80037448 1
8003744a 1
8002184a 1
80037450 1
80022470 1
80020922 1
80020926 1
8002092c 1
80020930 1
80020934 1
80020938 1
8002093c 1
80021860 1
80021918 1
80021914 1
80021910 1
8003743c 1
8002190c 1
8002190a 1
80021906 1
80021902 1
80021900 1
800217ac 1
8003743e 1
8002185c 1
80037440 1
80021858 1
80037444 1
80021854 1
80037446 1
80021850 1
8002184e 1
80036f68 1
80021770 1
8002176e 1
80022472 1
8002176c 1
80022474 1
8002176a 1
80021768 1
80022476 1
80036f6a 1
80021772 1
80036f64 1
80036f62 1
80022478 1
80036f60 1
8002247a 1
800209dc 1
8002247c 1
8002247e 1
80036f5c 1
8002178a 1
800217a8 1
800217a4 1
800217a0 1
8002179c 1
80021798 1
80021796 1
80021794 1
80021792 1
8002178e 1
80036efe 1
80021786 1
80021782 1
80021780 1
8002177e 1
8002177c 1
8002177a 1
80021778 1
80021776 1
80021774 1
80036652 1
80036640 1
80036644 1
80036de0 1
80036646 1
80036648 1
8003664a 1
80036dde 1
8003664e 1
80036dda 1
80036de4 1
80036dd6 1
80036654 1
80036656 1
80036dd2 1
8003665a 1
8003665c 1
80036dce 1
8003665e 1
80036dca 1
80036df0 1
80036e0a 1
80036e06 1
80036624 1
80036e02 1
80036628 1
80036e00 1
80036dfc 1
80036df8 1
80036df4 1
80036dc8 1
80036dec 1
80036de8 1
80036de6 1
8003662c 1
80036630 1
80036632 1
80036634 1
80036638 1
8003663c 1
80036680 1
800498ec 1
80036672 1
80036da2 1
80036676 1
8001ff12 1
8003667a 1
80036d9e 1
8003667e 1
800498e8 1
8001ff16 1
8001ff0e 1
80036d9a 1
8001ff0a 1
80036682 1
8001ff06 1
80036d98 1
80036686 1
80036d96 1
80036688 1
80036db0 1
80036dc4 1
80036dc2 1
80036dbe 1
80036dbc 1
80036662 1
80036dba 1
80036666 1
80036db6 1
80036db4 1
80036622 1
8003666a 1
8003666c 1
80036dae 1
80036dac 1
80036daa 1
80036da6 1
8003666e 1
80036da4 1
800498f0 1
80036ea4 1
80036ebe 1
80036eba 1
80036eb6 1
80036eb2 1
80036eb0 1
80036618 1
80036eac 1
80036ea8 1
80036ea6 1
80036ec0 1
8003661a 1
80036ea0 1
80036e9e 1
8003661c 1
80036e9a 1
80036e96 1
80036e92 1
80036e8e 1
80036e8c 1
80036ee6 1
80036efa 1
80036ef8 1
80036ef4 1
80036ef0 1
80036eee 1
80036eea 1
80036610 1
80036612 1
80036614 1
80036e8a 1
80036ee2 1
80036ede 1
80036eda 1
80036ed6 1
80036ed2 1
80036ece 1
80036eca 1
80036ec6 1
80036ec4 1
80036e30 1
80036e4c 1
80036e48 1
80036e44 1
80036e42 1
80036e3e 1
80036e3c 1
80036e3a 1
80036e36 1
80036e34 1
80036e4e 1
80036e2c 1
80036e28 1
80036e24 1
80036e22 1
80036e1e 1
80036e1a 1
80036e16 1
80036e12 1
80036e0e 1
80036e72 1
80036e88 1
8003661e 1
80036e84 1
80036e82 1
80036e7e 1
80036e7c 1
80036e7a 1
80036e76 1
80036e74 1
8002191c 1
80036e6e 1
80036e6a 1
80036e66 1
80036e62 1
80036e5e 1
80036e5a 1
80036e56 1
80036e52 1
80036e50 1
80037012 1
80037016 1
80049ac2 1
80049abe 1
80049aba 1
80049ab6 1
80049ab2 1
80049aaa 1
80049aa6 1
80049984 1
8003701a 1
80037010 1
80049980 1
8003700e 1
8003700a 1
8004997e 1
8004a0f6 1
8004997a 1
8004996c 1
8001ff92 1
80037032 1
8003704a 1
80037046 1
80037044 1
80037042 1
8003703e 1
8003703c 1
8003703a 1
80037036 1
80037034 1
8001ff90 1
80049ace 1
80049aca 1
80049ac6 1
8003702e 1
8003702a 1
80037026 1
80037022 1
80037020 1
8003701e 1
800373c8 1
800373be 1
8001ff72 1
800373c2 1
800373c4 1
8004994a 1
80037002 1
8001ff70 1
80049946 1
800373c6 1
8004a0f8 1
8001ff6c 1
800373ca 1
8001ff68 1
800373cc 1
80036ffe 1
80036ffc 1
80036ffa 1
800373ce 1
800373d0 1
80037008 1
8001ff8c 1
80049964 1
80022466 1
8001ff8a 1
80022468 1
80049960 1
8001ff86 1
8004995c 1
8002246a 1
8003704c 1
8002246c 1
8001ff82 1
8002246e 1
80049958 1
8001ff7e 1
80037006 1
800373bc 1
8001ff7a 1
8001ff76 1
80021aa0 1
80021ab2 1
80021ab0 1
80021aac 1
8004a0da 1
80021aa8 1
80020704 1
80020708 1
80021aa4 1
8004a0e2 1
80021ab4 1
8002070c 1
80021a9e 1
80021a9c 1
8004a0e6 1
80021a9a 1
80021a98 1
80021a96 1
80021a94 1
80021a92 1
800499f2 1
8004a0cc 1
80049a16 1
80049a12 1
80049a0e 1
80049a0a 1
800206f6 1
8004a0d0 1
800499fa 1
800499f6 1
80021a90 1
800499ee 1
800499da 1
800206f8 1
800499d6 1
8004a0d2 1
800206fa 1
800206fc 1
800499ca 1
80020700 1
80037066 1
80037078 1
8004999c 1
80037076 1
80037074 1
80037070 1
8004998c 1
8003706e 1
8003706c 1
8003706a 1
8003707c 1
80037064 1
80037062 1
80037060 1
8003705c 1
80037058 1
8004a0ea 1
80037054 1
80037052 1
80037050 1
8003708a 1
80020710 1
80021a8e 1
80021a8c 1
80037096 1
80037094 1
80037092 1
800499be 1
8003708e 1
800499b4 1
800373d2 1
800499b0 1
80037088 1
80037086 1
800499ac 1
800499a8 1
80037082 1
800499a4 1
800499a0 1
80037080 1
80036f90 1
80036f96 1
800498f4 1
8003741c 1
8003741e 1
8001ff1a 1
80037420 1
80037422 1
80036f94 1
80037424 1
8001ff1e 1
8004a100 1
80036f8e 1
80037426 1
80036f8c 1
80036f88 1
80036f84 1
80037428 1
80036f80 1
80036f7e 1
80037414 1
80049910 1
8003740e 1
80036f9e 1
8001ff36 1
80037410 1
8004990c 1
80036f9c 1
8001ff32 1
80037412 1
8003742c 1
8001ff2e 1
8001ff2a 1
80037416 1
8001ff26 1
80036f9a 1
80037418 1
8003741a 1
8001ff22 1
800498f8 1
800207b2 1
80021a78 1
8004a102 1
8004a106 1
8004a10a 1
8004a10c 1
8004a10e 1
8004a112 1
800207a8 1
800207ae 1
80021a7a 1
800219d8 1
800219d4 1
800219d0 1
800219cc 1
800219c8 1
800219c6 1
800219c2 1
800219be 1
800219bc 1
80036f70 1
8003742e 1
80037430 1
80036f7c 1
80037434 1
80037436 1
80036f78 1
8003743a 1
80036f76 1
80036f72 1
8004a0fc 1
80036f6e 1
80021a8a 1
80021a88 1
80021a86 1
80021a84 1
80021a82 1
80021a80 1
80021a7e 1
80021a7c 1
800373f2 1
800373ec 1
80036fdc 1
80036fd8 1
80036fd6 1
800373ee 1
80036fd2 1
800373f0 1
80036fd0 1
80036fce 1
80036fe0 1
800373f4 1
80036fcc 1
80036fc8 1
800373f8 1
80036fc6 1
80036fc4 1
800373fa 1
80036fc0 1
800373fc 1
800373e0 1
800373d4 1
80036ff8 1
800373d6 1
800373d8 1
800373da 1
80036ff4 1
800373dc 1
800373de 1
80036ff0 1
80036fbe 1
80036fec 1
800373e2 1
800373e4 1
800373e6 1
800373e8 1
80036fe8 1
80036fe6 1
800373ea 1
80036fe4 1
8001ff42 1
8001ff56 1
8001ff52 1
8001ff4e 1
80037404 1
80036fa6 1
8001ff4a 1
80049920 1
8001ff46 1
8004991c 1
80037402 1
80037406 1
80037408 1
80049918 1
8001ff3e 1
80049914 1
8003740a 1
8003740c 1
80036fa2 1
8001ff3a 1
80036fb0 1
80049940 1
80036fba 1
8001ff66 1
800373fe 1
80036fb8 1
80036fb6 1
8004993c 1
80036fb4 1
8001ff62 1
8001ff02 1
80049938 1
8001ff5e 1
80049934 1
80036fae 1
80036fac 1
8001ff5a 1
80037400 1
80036faa 1
80035ef4 1
80037464 1
80037466 1
80035efe 1
80037468 1
80035efc 1
80035efa 1
80020c90 1
80020c98 1
80035ef8 1
80035f02 1
80020c9c 1
80035ef2 1
80020ca0 1
80035ef0 1
80035eee 1
80035eea 1
80035ee8 1
80020ca4 1
80035ee6 1
80037454 1
8002254a 1
80035f1a 1
80035f18 1
80035f16 1
8002254c 1
80035f14 1
80035f12 1
80035f0e 1
80035f0c 1
80035ee4 1
80035f0a 1
80035f08 1
80035f06 1
80037456 1
80035f04 1
8003745a 1
8003745c 1
80037460 1
80037462 1
80035ea2 1
80035eb2 1
80035eb0 1
80035eae 1
80035eac 1
80035ea8 1
80035ea6 1
80020cfa 1
80035ea4 1
80020d00 1
80035eb6 1
80020d0e 1
80035e9e 1
80020d12 1
8003746a 1
80035e9c 1
80020d1a 1
80020d1e 1
80035e9a 1
80035e98 1
80035ecc 1
80035ee2 1
80035ee0 1
80035ede 1
80035edc 1
80035eda 1
80020ca8 1
80035ed8 1
80035ed4 1
80035ed0 1
80035f1c 1
80035eca 1
80035ec8 1
80035ec6 1
80035ec4 1
80035ec2 1
80035ec0 1
80035ebc 1
80035eba 1
80035eb8 1
8001fea4 1
8002175c 1
80049882 1
8001fea8 1
80020bbe 1
8001fea6 1
80020bc2 1
80020bc8 1
8004987e 1
80020bcc 1
8002175e 1
80035f68 1
80020bd4 1
80020bd8 1
80020bdc 1
80035f66 1
80035f62 1
80035f60 1
80035f5e 1
80035f5c 1
80021766 1
80036b90 1
80036b8e 1
80020b5a 1
80036b8c 1
80036b88 1
80020b5c 1
80036b86 1
80020b60 1
80020b64 1
80020be0 1
80020b68 1
80020b6c 1
80020b70 1
80021764 1
80020b74 1
80020b78 1
80021762 1
80020b7c 1
80021760 1
80035f2e 1
80035f40 1
80035f3e 1
80022540 1
80035f3a 1
80035f38 1
80035f36 1
80035f34 1
80035f30 1
80022542 1
80020c42 1
80022544 1
80035f2c 1
80035f2a 1
80022546 1
80035f26 1
80035f24 1
80022548 1
80035f22 1
80035f20 1
80035f48 1
80020be4 1
80035f5a 1
80035f58 1
80035f56 1
80035f54 1
80035f52 1
80035f50 1
80035f4e 1
80035f4a 1
80020d22 1
80020c26 1
80020c2e 1
80020c32 1
80035f46 1
80020c36 1
80020c3a 1
80020c3e 1
80035f44 1
80035f42 1
800374b2 1
8003674e 1
80036750 1
800374a2 1
80036752 1
800374a4 1
800374a8 1
800374aa 1
800374ac 1
800374ae 1
800374a0 1
800374b4 1
80036756 1
80036758 1
8003675a 1
8003675c 1
8003675e 1
80036760 1
80036762 1
80036766 1
8003673a 1
80036732 1
80021616 1
80021614 1
80036734 1
80037492 1
80037494 1
80037496 1
8003749a 1
80036738 1
800374b6 1
8003673c 1
8003673e 1
8003749c 1
80036742 1
80036744 1
80036746 1
80036748 1
8003674c 1
8003749e 1
80021588 1
80036790 1
80036792 1
80020d6c 1
800374c8 1
80020d70 1
80020d7a 1
80020d7e 1
80020d82 1
800374ca 1
800374c6 1
800374cc 1
80021584 1
80020e38 1
80021580 1
80020e3c 1
80036796 1
8003679a 1
8002157c 1
8003679e 1
800374be 1
800374b8 1
80036768 1
8003676c 1
8003676e 1
800374bc 1
80036770 1
80036774 1
80036778 1
8003677c 1
8002161a 1
8003677e 1
80036780 1
80036784 1
800374c0 1
80036786 1
800374c2 1
80036788 1
8003678a 1
8003678c 1
800216ba 1
8003747a 1
800366ec 1
800216c4 1
800366ee 1
800366f0 1
800216c2 1
800366f2 1
800216be 1
8003747c 1
800366e8 1
800216b8 1
80037480 1
80037482 1
800366f4 1
80037484 1
800366f6 1
80037486 1
8003748a 1
800366f8 1
80037472 1
80035e94 1
80035e92 1
8003746c 1
80035e90 1
80035e8e 1
8003746e 1
80035e8c 1
80035e8a 1
80037470 1
800366fa 1
80037476 1
80037478 1
800216d4 1
800216d0 1
80020d64 1
800216cc 1
80020d68 1
800216c8 1
800366e6 1
8003672c 1
80035e80 1
80035e7e 1
80035e7c 1
80035e7a 1
80035e78 1
80036726 1
80021630 1
8003672a 1
8002162c 1
80035e84 1
80021628 1
80021624 1
8003748c 1
8003672e 1
8003748e 1
80021620 1
8002161e 1
80037490 1
80036730 1
80036712 1
800366fc 1
800366fe 1
80036700 1
80036704 1
80036706 1
80036708 1
8003670a 1
8003670e 1
80036710 1
80036b92 1
80036714 1
80036718 1
8003671a 1
8003671c 1
8003671e 1
80035e86 1
80036720 1
80036724 1
80036cf6 1
80036d18 1
80036d14 1
80036d10 1
80036d0c 1
80036d08 1
80036d04 1
80036d00 1
80036cfc 1
80036cf8 1
80036d1a 1
8004988a 1
80036cf4 1
8001feb0 1
80049888 1
8001feae 1
80049886 1
800366ba 1
800366bc 1
8001feac 1
80036d36 1
80036d52 1
80036d50 1
80036d4c 1
80036d4a 1
80036d48 1
80036d44 1
80036d42 1
80036d3e 1
80036d3a 1
800366c0 1
80036d32 1
80036d2e 1
80036d2a 1
80036d26 1
80036d22 1
80036d20 1
80036d1e 1
8001feb2 1
80036d1c 1
80036cca 1
80036ce6 1
80036ce2 1
80036cde 1
80036cda 1
80036cd6 1
80036cd4 1
80036cd2 1
80036cd0 1
80036ccc 1
80036cea 1
80036cc6 1
80036cc4 1
80036cc2 1
80036cbe 1
80036cbc 1
80036cba 1
80036cb8 1
80036cb4 1
80036cb2 1
800366da 1
800366c2 1
800366c4 1
800366c8 1
800366cc 1
8001feaa 1
800366ce 1
800366d2 1
800366d4 1
800366d6 1
80036d54 1
800366de 1
800366e0 1
800366e2 1
800209f0 1
800209f2 1
800209f4 1
800209f6 1
80036cf0 1
80036cee 1
80036d7e 1
80036d84 1
8001fee6 1
8001fee2 1
80036d82 1
8001fede 1
80036692 1
80036d80 1
8001feda 1
800498b0 1
80036d88 1
80036d7c 1
8001fed6 1
80036696 1
800498ac 1
80036d78 1
8001fed2 1
800498a8 1
80036d76 1
8001fece 1
8003668e 1
8001fefe 1
8003668a 1
800498d4 1
80036d94 1
8001fefa 1
800498d0 1
80036d90 1
8001fef6 1
80036d8e 1
80036698 1
800498cc 1
8001fef2 1
80036690 1
800498c8 1
80036d8c 1
80036d8a 1
8001feee 1
800498c4 1
8001feea 1
80049890 1
80036d68 1
80049894 1
8001feba 1
80036d66 1
8001feb8 1
800366ac 1
800366ae 1
80036d62 1
80036d60 1
800366a8 1
8001feb6 1
80036d5c 1
800366b0 1
800366b2 1
8004988e 1
800366b6 1
80036d58 1
800366b8 1
8001feb4 1
8001fec2 1
800498a4 1
80036d72 1
80036d70 1
8001feca 1
800498a0 1
8003669c 1
8003669e 1
8001fec6 1
8004989c 1
80036cb0 1
80036d6e 1
8004989a 1
8001fec0 1
800366a0 1
800366a4 1
8001febe 1
80049896 1
8001febc 1
80036d6a 1
80036bea 1
80036bf2 1
80020a8c 1
80036bf0 1
80020a90 1
80020a94 1
80020a98 1
80036bec 1
80020a9c 1
80020aa0 1
80020a88 1
80020aa4 1
80036be8 1
80036be6 1
80036be2 1
80036be0 1
80036bde 1
80036bdc 1
80036bd8 1
80036bd6 1
80036c08 1
80036c1c 1
80036c1a 1
80036c18 1
80036c16 1
80036c12 1
80036c10 1
80036c0e 1
80036c0c 1
80036c0a 1
80020aea 1
80036c04 1
80036c00 1
80036bfe 1
80036bfc 1
80036bfa 1
80036bf8 1
80036bf4 1
80020a82 1
80020a84 1
80036bac 1
80036bc2 1
80036bc0 1
80036bbe 1
80036bbc 1
80036bb8 1
80036bb6 1
80036bb4 1
80036bb2 1
80036bae 1
80036bc6 1
80036baa 1
80036ba6 1
80036ba4 1
80036ba2 1
80036ba0 1
80036b9e 1
80036b9c 1
80036b9a 1
80036b96 1
80020b02 1
80020aec 1
80036bd4 1
80020af0 1
80020af2 1
80020af6 1
80020afa 1
80036bd2 1
80020afe 1
80036bce 1
80036c20 1
80020b06 1
80020b0a 1
80020b0e 1
80020b12 1
80020b54 1
80020b56 1
80036bcc 1
80036bca 1
80036bc8 1
800209fc 1
80036c7a 1
80036c78 1
80036c74 1
80036c72 1
80036c70 1
80036c6e 1
80036c6c 1
800209fa 1
80036c6a 1
80036c7c 1
80036c68 1
80036c66 1
800209fe 1
80036c64 1
80020a00 1
80036c60 1
80036c5c 1
80036c58 1
80036c56 1
80036c94 1
80036cae 1
80036cac 1
80036ca8 1
80036ca4 1
80036ca0 1
80036c9c 1
80036c9a 1
80036c98 1
80036c96 1
80020a02 1
80036c90 1
80036c8e 1
80036c8a 1
80036c88 1
800209f8 1
80036c86 1
80036c84 1
80036c80 1
80036c7e 1
80036c40 1
80020a2e 1
80020a30 1
80020a34 1
80020a38 1
80020a3c 1
80020a40 1
80020a42 1
80036c46 1
80036c42 1
80020a2a 1
80036c3c 1
80036c38 1
80036c34 1
80036c32 1
80036c2e 1
80036c2c 1
80036c28 1
80036c26 1
80036c22 1
80020a14 1
80036c54 1
80020a04 1
80036c50 1
80036c4e 1
80020a08 1
80036c4c 1
80036c48 1
80020a0c 1
80020a10 1
80049a26 1
80020a16 1
80020a18 1
80020a1a 1
80020a1c 1
80020a1e 1
80020a20 1
80020a22 1
80020a26 1
800360d6 1
800361c6 1
800361c8 1
800361ca 1
800361ce 1
800360da 1
800361d2 1
800361d4 1
800361d6 1
800360d8 1
800361c2 1
800361d8 1
800361da 1
800361dc 1
800360d4 1
800361de 1
800360d2 1
800361e2 1
800361e4 1
800361e6 1
800206c4 1
80037148 1
80037144 1
800206c0 1
80021ed8 1
800360e6 1
8004a09a 1
80021ed6 1
80021ed4 1
800206c2 1
800361ea 1
8004a09e 1
800206c6 1
800206c8 1
8004a0a2 1
800360e2 1
800206ca 1
800360e0 1
800361c0 1
800360de 1
80021e34 1
800360bc 1
8003620a 1
800360ba 1
800360b6 1
800360b4 1
8003620c 1
800360b2 1
800360b0 1
800360ac 1
80036206 1
80021e30 1
800360aa 1
800360a8 1
80021e2c 1
8003620e 1
800360a6 1
80021e28 1
800360a4 1
80021e24 1
800360c8 1
800361ec 1
800360d0 1
800361ee 1
800361f0 1
800361f4 1
800361f6 1
800361f8 1
800360ce 1
800360ca 1
800360ea 1
800361fa 1
800360c6 1
800361fe 1
80036200 1
80036202 1
800360c4 1
80036204 1
800360c0 1
800360be 1
8002040a 1
80036114 1
8004a01a 1
8004a020 1
8004a024 1
80036110 1
8003610e 1
8003610a 1
80036108 1
80020414 1
8004a014 1
80037170 1
8003716e 1
8004a028 1
8003716c 1
80037168 1
8004a02c 1
8004a030 1
8004a036 1
8004a03e 1
8003611a 1
8002061e 1
80049ff8 1
80020622 1
8003611e 1
80049ffc 1
80020626 1
8004a000 1
8003611c 1
80020628 1
8004a04a 1
8002062c 1
8004a006 1
80036118 1
80020630 1
80020634 1
8004a00e 1
80020638 1
80036116 1
8004a012 1
800360f8 1
8004a06a 1
800360fe 1
800360fc 1
8004a06e 1
8004a07e 1
8004a082 1
8004a084 1
800360fa 1
8004a088 1
80036102 1
800360f4 1
800360f0 1
800360ee 1
80037154 1
800360ec 1
80037150 1
8003714e 1
8004a08e 1
8003714c 1
8003715c 1
8004a052 1
8002035c 1
80020358 1
80037164 1
80020350 1
8002034c 1
80020344 1
8004a056 1
80037160 1
800360a2 1
8002033e 1
8004a05a 1
80037158 1
80020338 1
80020336 1
80036104 1
8004a05e 1
8004a062 1
8004a066 1
800362c2 1
80036060 1
8003605e 1
800362ac 1
800362b0 1
80020334 1
800362b4 1
800362b6 1
800362ba 1
800362be 1
80036064 1
800362c6 1
800362ca 1
800362ce 1
800362d0 1
800362d4 1
80037120 1
8003711e 1
800362d8 1
8003711c 1
80036070 1
80036074 1
80037134 1
8003629e 1
80036072 1
800362a2 1
800362a6 1
80037132 1
800362aa 1
8003712e 1
800362da 1
8003712c 1
8003712a 1
80037126 1
8003606e 1
80037122 1
8003606c 1
8003606a 1
80036068 1
80036066 1
8003630c 1
800362fe 1
80036302 1
80036304 1
80037100 1
800370fe 1
800370fc 1
8002032e 1
80036308 1
800370f8 1
800362fa 1
800370f6 1
800370f4 1
800370f2 1
800370ee 1
800370ec 1
80036310 1
80036314 1
80036316 1
80036318 1
8003710c 1
80037118 1
80037116 1
80037112 1
80037110 1
800362de 1
800362e0 1
800362e4 1
800362e6 1
8003710e 1
80037136 1
8003710a 1
80037108 1
80037106 1
80037102 1
800362ea 1
800362ee 1
800362f0 1
800362f2 1
800362f6 1
80021e16 1
80036092 1
80036232 1
80036234 1
80021e1a 1
80036090 1
80036236 1
80036238 1
8003623c 1
8003608c 1
80021e1e 1
80036240 1
80036242 1
80036244 1
80036246 1
80036248 1
8003624a 1
8003624e 1
80036250 1
80036252 1
80036096 1
80036210 1
80036214 1
8003609e 1
8003609c 1
80036216 1
80036098 1
80036218 1
8003621a 1
8003621e 1
80036254 1
80036220 1
80036222 1
80036224 1
80036228 1
80021e20 1
80036094 1
8003622a 1
8003622c 1
80036230 1
8003607c 1
80021e08 1
80036286 1
8003628a 1
80036086 1
8003628c 1
8003628e 1
80036082 1
80036080 1
8003607e 1
80036282 1
80036078 1
80036292 1
80037140 1
80036076 1
8003713e 1
8003713a 1
80037138 1
80036296 1
8003629a 1
8003626c 1
80036258 1
8003625a 1
8003625e 1
80036260 1
80036264 1
80036266 1
8003608a 1
80021e12 1
80036268 1
8002061c 1
8003626e 1
80036272 1
80021e0e 1
80036276 1
80021e0c 1
80036088 1
8003627a 1
80021e0a 1
8003627e 1
800371f6 1
80021fe2 1
80021fe4 1
80021fe6 1
80021fe8 1
80021fea 1
80021fec 1
80021fee 1
80021ff0 1
80021ff2 1
80021fe0 1
80021ff4 1
80021ff6 1
800371f4 1
80021ff8 1
800371f0 1
80021ffa 1
800371ee 1
800371ec 1
80021ffc 1
80037204 1
80037212 1
8003720e 1
800372be 1
8003720c 1
800372c0 1
800372c4 1
800372c6 1
8003720a 1
80037208 1
800371ea 1
800372c8 1
800372cc 1
80037202 1
80037200 1
800371fe 1
800372ce 1
80021fde 1
800371fc 1
800371fa 1
800371c0 1
800371ca 1
80022014 1
800371c8 1
800371c6 1
800371c4 1
80022018 1
8002201c 1
800361ac 1
800371c2 1
800371cc 1
80022020 1
800371bc 1
80022024 1
800371ba 1
800371b8 1
80036190 1
80022028 1
800371b6 1
8002202c 1
800361a4 1
800371e8 1
800371e4 1
800371e2 1
800371e0 1
80022000 1
800371de 1
800371da 1
80022004 1
800371d8 1
800361a0 1
800361a8 1
800371d6 1
80022008 1
8002200c 1
800371d4 1
800371d0 1
800361aa 1
80022010 1
800371ce 1
80037276 1
8003728a 1
80037288 1
80037286 1
80037284 1
80037282 1
80037280 1
8003727e 1
8003727c 1
80037278 1
8003728c 1
80037272 1
80037270 1
8003726e 1
8003726c 1
8003726a 1
80037268 1
80037266 1
80037264 1
80037262 1
800372a0 1
800372ac 1
800372b0 1
800372b2 1
800372aa 1
800372b4 1
800372a8 1
800372a6 1
800372a4 1
800372a2 1
80037260 1
8003729e 1
8003729c 1
8003729a 1
80037298 1
80037296 1
80037294 1
80037292 1
80037290 1
8003728e 1
80037228 1
8003723e 1
8003723a 1
80037238 1
80037236 1
80037234 1
80037232 1
80037230 1
8003722c 1
8003722a 1
80037242 1
80037226 1
80037222 1
8003619c 1
80037220 1
8003721e 1
8003721c 1
80037218 1
80037216 1
80037214 1
80037254 1
8003725e 1
8003725c 1
800372b6 1
800372ba 1
8003725a 1
800372bc 1
80037258 1
8003619a 1
80037256 1
800371b2 1
80037252 1
80036198 1
80037250 1
8003724e 1
8003724c 1
80036194 1
8003724a 1
80037248 1
80037246 1
800220aa 1
8003615e 1
8003718e 1
8002209c 1
8003615a 1
800220a0 1
800220a2 1
80036158 1
80036156 1
800220a6 1
80022098 1
800220ac 1
800220b0 1
800220b4 1
80036154 1
800220b8 1
800220bc 1
8003718c 1
800220c0 1
800220c4 1
80037194 1
80036162 1
800371a4 1
800371a2 1
800371a0 1
8003719e 1
80036160 1
8003719c 1
80037198 1
80037196 1
800220c6 1
80020584 1
80037190 1
8002207c 1
80022080 1
80022084 1
80022088 1
8002208c 1
80022090 1
80022094 1
80036122 1
80036134 1
80036130 1
8003612e 1
8003612c 1
8003612a 1
80049fde 1
80036126 1
80036124 1
80049fe2 1
80036136 1
80049fe4 1
80037180 1
80036120 1
8003717e 1
80049fea 1
8003717c 1
80037178 1
80037174 1
80049ff2 1
80036144 1
80036152 1
80037188 1
800220ca 1
800220cc 1
80036150 1
8003614c 1
8003614a 1
80037184 1
80036146 1
800371a8 1
80036142 1
80036140 1
8003613e 1
8003613a 1
80049fce 1
80049fd2 1
80036138 1
80049fd6 1
80049fda 1
80020446 1
80022048 1
8002204c 1
8002041c 1
80022050 1
80020422 1
8002042e 1
8002043e 1
80022054 1
80020442 1
80020418 1
80022058 1
8002205c 1
8002044c 1
80022060 1
8003618c 1
80022064 1
80022068 1
8002206c 1
80022070 1
80022038 1
800371ae 1
80022030 1
80021fdc 1
8003618e 1
800361ae 1
800361b2 1
800361b4 1
80022034 1
800361b6 1
80036188 1
80021fda 1
80021fd8 1
800361b8 1
8002203c 1
80021fd6 1
80021fd4 1
80022040 1
80022044 1
800361bc 1
80021ee0 1
80021efc 1
80036172 1
80021ef8 1
80021ef4 1
80021ef0 1
80021eec 1
80021ee8 1
80021ee4 1
80021ee2 1
80021f00 1
8003616e 1
80021ede 1
80021edc 1
8003616c 1
8003616a 1
80021eda 1
80036168 1
80036164 1
800371aa 1
80021f12 1
80022074 1
80022078 1
80036186 1
800204e4 1
80036184 1
800204ec 1
80036182 1
80036180 1
8003617e 1
8003631a 1
80021f0e 1
8003617c 1
80021f0a 1
80036178 1
80021f08 1
80021f04 1
80036176 1
80036174 1
800364f8 1
800364da 1
800364de 1
800364e2 1
800364e6 1
800364e8 1
800364ec 1
800364ee 1
800364f0 1
800364f4 1
800364d6 1
800364fa 1
800364fc 1
80049976 1
80036500 1
80036504 1
80036508 1
8003650c 1
8003650e 1
80049972 1
80020154 1
80035f76 1
80035f74 1
80035f72 1
800364bc 1
80035f6e 1
80035f6c 1
800364be 1
800364c0 1
8002015c 1
80036512 1
8002014e 1
8002014a 1
800364c4 1
800364c6 1
800364c8 1
800364cc 1
800364ce 1
800364d2 1
800364d4 1
80049a6e 1
80036554 1
80036556 1
80036558 1
8003655c 1
8003655e 1
80036562 1
80049a7a 1
80049a76 1
80049a72 1
80036550 1
80049a6a 1
80036566 1
8003656a 1
8003656e 1
80036570 1
80036572 1
80036576 1
80036578 1
8003657a 1
80036530 1
8004996e 1
80036514 1
80036518 1
8003651c 1
80036520 1
80036524 1
80049a82 1
80036528 1
8003652c 1
800364b8 1
80049a7e 1
80036534 1
80036538 1
8003653c 1
8003653e 1
80036542 1
80036546 1
8003654a 1
8003654e 1
80036456 1
80036440 1
80036444 1
80036448 1
8003644c 1
80021c78 1
80021c74 1
8003644e 1
80021c70 1
80036452 1
8003643c 1
8003645a 1
80021c6c 1
8003645e 1
80021c68 1
80036462 1
80036466 1
8003646a 1
80021c64 1
8003646e 1
80035fa2 1
800222a8 1
80036434 1
800222ac 1
80035fa4 1
800222b0 1
80036438 1
800222b2 1
800222b6 1
800222ba 1
80036472 1
800222be 1
800222c2 1
80035fa0 1
800222c6 1
80035f9e 1
80021c80 1
80035f9c 1
80035f98 1
80021c7c 1
8003649c 1
80035f88 1
80035f84 1
80035f82 1
80035f80 1
80035f7e 1
80021c18 1
80036496 1
80036498 1
8003649a 1
80035f8a 1
800364a0 1
800364a4 1
800364a8 1
80035f7c 1
800364ac 1
80035f7a 1
800364b0 1
80035f78 1
800364b4 1
80036486 1
80021c60 1
80036476 1
8003647a 1
8003647e 1
80021c5e 1
80021c5a 1
80021c58 1
80036480 1
80036484 1
80022366 1
80036488 1
8003648c 1
8003648e 1
80036492 1
80035f96 1
80035f94 1
80035f92 1
80035f8e 1
80035f8c 1
800206ce 1
800223a4 1
800365a8 1
800365ac 1
800365ae 1
800365b0 1
800365b4 1
800365b6 1
800206cc 1
8004a0a6 1
800223a0 1
8004a0a8 1
80021b30 1
800206d0 1
80021b2c 1
80021b28 1
80021b24 1
80021b20 1
80021b1e 1
800206d2 1
800365a4 1
80022386 1
80036592 1
8002238a 1
80036596 1
8002238e 1
80036598 1
8003659c 1
8003659e 1
800365a0 1
8004a0ac 1
800365a6 1
80021b40 1
80021b3c 1
80021b38 1
80021b34 1
80022392 1
80022396 1
8002239a 1
8002239c 1
800206e4 1
80049a4e 1
80021aca 1
80021ac6 1
80049a4a 1
80021ac2 1
80021abe 1
80021abc 1
80021aba 1
80021ab8 1
80021acc 1
80021ab6 1
800206e6 1
80049a32 1
80049a2e 1
8004a0c0 1
800206ea 1
800206ee 1
80049a2a 1
800206f2 1
800206de 1
800206d4 1
8004a0ae 1
800206d6 1
800206d8 1
8004a0b2 1
800206da 1
8004a0b4 1
800206dc 1
8004a0b6 1
80022382 1
8004a0b8 1
800206e0 1
800206e2 1
8004a0bc 1
80021ade 1
80021adc 1
80021ad8 1
80021ad4 1
80021ad0 1
80037396 1
80037386 1
8003658a 1
8003738a 1
8003658c 1
8003738e 1
8003658e 1
80037392 1
80021c14 1
80037394 1
80037384 1
80049a66 1
80049a62 1
80049a5e 1
8003739a 1
80049a5a 1
8003739e 1
80049a52 1
800373a2 1
80021c10 1
80036584 1
80022368 1
8002236a 1
8003657e 1
80036580 1
8003735a 1
8003735e 1
80037362 1
80037364 1
80037366 1
800373a4 1
8003736a 1
8003736e 1
80037372 1
80036586 1
80036588 1
80037376 1
8003737a 1
8003737e 1
80037382 1
80021b9e 1
80021bf0 1
80022372 1
80022374 1
80022376 1
80021bae 1
80021baa 1
80021ba6 1
80021ba2 1
8002237a 1
80022370 1
80021b9a 1
80021b96 1
80021b92 1
80021b8e 1
80021b8c 1
80021b88 1
80021b86 1
80036590 1
8002237e 1
800373b8 1
80021c0c 1
800373a6 1
800373aa 1
800373ac 1
800373ae 1
800373b2 1
800373b4 1
800373b6 1
80021c08 1
80036432 1
80021c04 1
80021c00 1
8002236c 1
80021bfc 1
8002236e 1
80021bf8 1
80021bf6 1
80021bf2 1
80021dba 1
80035ffe 1
8003636c 1
80036370 1
80022282 1
80022284 1
80022286 1
80036374 1
80022288 1
80021dbe 1
80022280 1
80021db6 1
80021db2 1
80021dae 1
80021daa 1
80036378 1
80021da6 1
80021da2 1
80021d9e 1
80021d9c 1
8003635e 1
80021e02 1
80021e00 1
80036024 1
80036020 1
8003601c 1
80036018 1
80036014 1
80036010 1
8003600c 1
8003637c 1
8003600a 1
80036008 1
80036362 1
80036364 1
80036006 1
80036368 1
8002227c 1
80036002 1
8002227e 1
8003639c 1
8003638e 1
80022298 1
80036392 1
80035fee 1
800372d2 1
800372d4 1
80036396 1
80036398 1
80035fea 1
80035ff0 1
8003639e 1
800372d8 1
80035fe8 1
800372da 1
800363a0 1
80035fe6 1
80035fe4 1
800363a4 1
80035fe2 1
80022290 1
8002228a 1
80021d98 1
80036380 1
80021d96 1
80036384 1
8002228c 1
80036386 1
8003638a 1
8002228e 1
80036026 1
80020164 1
80022292 1
80035ffa 1
80035ff8 1
80035ff6 1
80022294 1
80035ff4 1
80035ff2 1
80022296 1
800370bc 1
8003632e 1
800370c8 1
800370c6 1
800370c4 1
800370c2 1
80036330 1
80036334 1
800370c0 1
80036338 1
800370ca 1
800370ba 1
8003633c 1
800370b8 1
800370b6 1
80036340 1
80036342 1
80020260 1
800370b2 1
80036346 1
800370da 1
800370ea 1
800370e8 1
800370e4 1
800370e2 1
800370e0 1
8003631e 1
800370de 1
800370dc 1
80036320 1
8003634a 1
80036322 1
80036326 1
800370d6 1
800370d4 1
80036328 1
800370d0 1
800370ce 1
8003632c 1
800370cc 1
8003709a 1
800370a2 1
80036044 1
80036042 1
80036352 1
8003603e 1
800370a0 1
8003603a 1
80036038 1
8003709c 1
80036046 1
80036036 1
80036034 1
80021e06 1
80036356 1
80036030 1
8003602c 1
80036028 1
80021e04 1
8003635a 1
80036054 1
8003634e 1
800370b0 1
80020254 1
8002024c 1
800370ae 1
80020236 1
8003605a 1
80036058 1
80036056 1
800372dc 1
800370ac 1
80036052 1
8003604e 1
800370aa 1
800370a8 1
800370a6 1
8003604c 1
8003604a 1
800370a4 1
80037336 1
8003732e 1
80036406 1
80036408 1
80037330 1
80037332 1
80021cea 1
80037334 1
80021ce6 1
80021ce2 1
8003732c 1
80035fbc 1
80021cde 1
80037338 1
8003733c 1
80021cda 1
80035fba 1
80035fb6 1
80021cd6 1
80021cd2 1
800363f2 1
800363ea 1
8003731a 1
8003731c 1
800363ec 1
8003731e 1
80037320 1
80037322 1
800363ee 1
80037324 1
8003733e 1
800363f6 1
800363f8 1
800363fa 1
80037326 1
80037328 1
800363fc 1
80036400 1
80036402 1
8003732a 1
8002229a 1
8003640a 1
8003640e 1
80037356 1
80036410 1
80036414 1
80036416 1
8003641a 1
8003641c 1
80036420 1
80037354 1
8002229c 1
80036424 1
80036428 1
8002229e 1
8003642c 1
800222a0 1
800222a4 1
80036430 1
80035fa6 1
80035fae 1
80035fb4 1
80037340 1
80037342 1
80021cce 1
80037344 1
80035fb2 1
80035fb0 1
80037348 1
8003734a 1
800363e8 1
80021cca 1
8003734c 1
8003734e 1
80021cc8 1
80021cc4 1
80035fac 1
80035fa8 1
80021cc2 1
80037350 1
80021d54 1
800363c6 1
800363ca 1
800363cc 1
800372e8 1
800372ea 1
800363d0 1
800363d2 1
800372ec 1
800372ee 1
800372e6 1
80021d50 1
80021d4c 1
80021d48 1
80021d44 1
80021d40 1
800363d4 1
800372f0 1
800372f2 1
80021d3c 1
80035fdc 1
800363a6 1
800363a8 1
800363ac 1
800363b0 1
800363b4 1
800372de 1
80035fde 1
800363b6 1
800372e0 1
800363d6 1
80035fda 1
800372e2 1
80035fd8 1
800363ba 1
800363bc 1
800372e4 1
800363be 1
800363c2 1
800363c4 1
80035fc0 1
80037300 1
80037302 1
80035fc8 1
80037304 1
80035fc6 1
80037308 1
80035fc4 1
8003730a 1
8003730e 1
800372fe 1
80037310 1
80035fbe 1
800363e0 1
80037312 1
80037314 1
800363e2 1
80037316 1
800363e4 1
80037318 1
80035fd2 1
80021d38 1
800372f4 1
800363d8 1
80021d34 1
800372f6 1
80021d32 1
80035fd4 1
800372f8 1
80021d2e 1
80049452 1
800363dc 1
80035fd0 1
800372fa 1
80021d2c 1
800372fc 1
80035fce 1
80035fca 1
800363de 1
8001fc02 1
80036ad0 1
80036ad2 1
80036ad6 1
8001fc1a 1
800495f0 1
8001fc16 1
800495ec 1
8001fc12 1
8001fc0e 1
8001fc0a 1
8001fc06 1
800214b0 1
8003688e 1
8001fbfe 1
8003688c 1
8001fbfa 1
8003688a 1
800495d2 1
80036888 1
80021218 1
80036886 1
8001fbf8 1
8003752c 1
800368a4 1
80036978 1
80021228 1
80021224 1
8003697a 1
80021220 1
800368a2 1
8002121c 1
800368a0 1
8003689e 1
8003689c 1
800495ce 1
80036898 1
800214a4 1
800214a6 1
80036894 1
800214a8 1
80037504 1
800214aa 1
800214ac 1
800214ae 1
80036890 1
800495a8 1
8003686a 1
80036ae2 1
800495be 1
80036ae4 1
80036868 1
800495b6 1
800495b4 1
80036864 1
800495b0 1
80036862 1
800495ac 1
800495c2 1
800495a4 1
80036860 1
800495a0 1
8003685e 1
8004959c 1
8003685a 1
8002120a 1
80036ae6 1
80049598 1
80036ae8 1
80036adc 1
80036882 1
8003697c 1
80036880 1
8003687e 1
80021214 1
8003687c 1
80036ad8 1
80036878 1
80036876 1
80036874 1
800368a6 1
80036872 1
80036ade 1
80021212 1
8001fbf4 1
8001fbf2 1
8003686e 1
800495c6 1
8003686c 1
8002120e 1
80036ae0 1
800368c0 1
800368ce 1
80035e00 1
800368cc 1
800368ca 1
800368c8 1
80035e04 1
80035e08 1
80035e0c 1
80036960 1
800368c6 1
800368c2 1
800368d2 1
80036964 1
800368be 1
80036966 1
80035e0e 1
80035e10 1
800368bc 1
80036968 1
8003696a 1
80035e14 1
80035e18 1
80035df0 1
8002255a 1
80035de0 1
80022558 1
800368de 1
8003695a 1
80035de4 1
80035de8 1
800368dc 1
800368da 1
80035dec 1
80022556 1
800368b8 1
80035df4 1
800368d8 1
80022554 1
80035df8 1
80035dfc 1
8003695c 1
8003695e 1
800368d4 1
80035dfe 1
80022552 1
8001fdca 1
8001fdb2 1
8001fdb6 1
800368b4 1
8001fdba 1
80036970 1
80036972 1
8001fdbe 1
80036976 1
800368b2 1
8001fdc2 1
8001fdc6 1
8001fdae 1
8001fdce 1
800368ae 1
800368ac 1
800368aa 1
80022550 1
8001fdd0 1
8002254e 1
8001fdd4 1
800368a8 1
8001fdd8 1
80035e32 1
80035e1c 1
80035e1e 1
80035e20 1
80035e24 1
80035e26 1
80035e28 1
80035e2a 1
80035e2c 1
80035e2e 1
80035e30 1
80021206 1
8003696c 1
80035e36 1
80035e38 1
8001fda0 1
8001fda2 1
8001fda4 1
8001fda6 1
800368b6 1
8001fda8 1
8001fdaa 1
80036b1e 1
80049878 1
8001fea0 1
800494d4 1
8004987a 1
8003683e 1
800374e6 1
800374e4 1
80036b1c 1
8003683c 1
800374e2 1
8001fea2 1
80036b1a 1
800374de 1
80036838 1
80035e3c 1
80035e40 1
800494d0 1
80035e44 1
80035e46 1
80036836 1
800374da 1
80036834 1
80036842 1
80036846 1
800494fe 1
8001fb24 1
800494fa 1
80036b0c 1
8001fb20 1
800494f8 1
80036b0e 1
8001fb1e 1
800494f4 1
80036844 1
80035e48 1
800494e8 1
8001fe9a 1
80036b12 1
8001fe9c 1
800494e2 1
80036b14 1
80049876 1
80036b18 1
80036840 1
8001fe9e 1
800374d2 1
80036b34 1
8001fad2 1
800494a8 1
80036b36 1
80036b3a 1
8001face 1
800494a4 1
8001faca 1
800374d6 1
800494a0 1
8001fac6 1
80036b32 1
80036b3c 1
800226ac 1
80036b3e 1
800226ae 1
80036b40 1
800226b2 1
80036b44 1
8003682a 1
8004949c 1
80036b46 1
80036b2a 1
80036b20 1
800494cc 1
800374d8 1
800494c8 1
800494c4 1
800494c2 1
80035e4a 1
80036b22 1
80036b26 1
80036b28 1
80036b0a 1
80036832 1
80036b2c 1
8003682e 1
8003682c 1
8001fade 1
8001fada 1
800494b0 1
8001fad6 1
800494ac 1
80036b30 1
80036af2 1
8001fb8a 1
8001fb88 1
800211fc 1
80036984 1
8004955c 1
800369c6 1
80049558 1
800369c4 1
80049554 1
80036858 1
80037500 1
80049564 1
800369c0 1
80049866 1
800369be 1
80036986 1
8004954c 1
800369bc 1
800374fe 1
80049530 1
800369ba 1
800369b8 1
8001fba0 1
80049594 1
80036aea 1
80021202 1
8003697e 1
8001fbb0 1
8001fbac 1
80021200 1
8001fba8 1
80036980 1
8001fba4 1
80036856 1
80036aec 1
8001fb9c 1
8001fb98 1
800211fe 1
8001fb94 1
8001fb90 1
80036aee 1
80049568 1
8001fb8e 1
80049862 1
800374ee 1
800374f6 1
8004986e 1
8001fb3e 1
8003684c 1
80049514 1
8001fb3a 1
800374f4 1
80036b02 1
80049510 1
800374f2 1
8001fb36 1
80036850 1
8004950c 1
8001fb32 1
80036b06 1
8001fb2e 1
8001fb2a 1
80036b08 1
800374ea 1
8003698a 1
8003684a 1
8001fb26 1
80036b00 1
8004952e 1
800374fc 1
80036af4 1
80036af6 1
800374fa 1
8004952a 1
80036af8 1
80036afc 1
80036afe 1
8004986a 1
80036958 1
80036854 1
800369b4 1
80036988 1
800369b2 1
8001fb46 1
8004951c 1
8001fb42 1
80049518 1
80036852 1
800369b0 1
8003690a 1
80035d5c 1
80035d5e 1
80035d62 1
80035d64 1
80020ff6 1
80035d68 1
80035d6a 1
80035d6c 1
80035d6e 1
80035d70 1
8003690c 1
80036a86 1
80036a88 1
80035d72 1
80036a8a 1
80035d76 1
80035d78 1
80035d7a 1
80036a8c 1
80020ffa 1
80035d7c 1
80036a90 1
80035d50 1
80035d42 1
80036a6e 1
80036a70 1
80036a72 1
80036a74 1
80035d44 1
80036a76 1
80035d46 1
80035d48 1
80035d4c 1
80035d4e 1
80035d80 1
80036a78 1
80035d52 1
80035d56 1
80036a7c 1
80035d58 1
80035d5a 1
80036a7e 1
80020ff2 1
80036a80 1
80036a82 1
80035d9e 1
8001fc84 1
8001fc80 1
80036a9c 1
80035d96 1
8002257a 1
80021306 1
80035d98 1
80036a9e 1
80035d9a 1
80022578 1
80035d9c 1
8002257c 1
80021302 1
800212fe 1
800212fc 1
800212f8 1
800212f4 1
800212f0 1
80022576 1
80035da0 1
80035da4 1
80036aa0 1
80035d86 1
80036908 1
80036a92 1
80035d82 1
80020ffe 1
80021002 1
80036a94 1
80021008 1
8002100c 1
80035d84 1
80021028 1
80035d3e 1
80035d8a 1
8002102c 1
80036a96 1
80022582 1
80035d8c 1
80035d8e 1
8002257e 1
80035d90 1
80035d94 1
80036a9a 1
80020f80 1
80020f64 1
80020f68 1
80022586 1
80020f6c 1
80020f70 1
80036914 1
80020f74 1
80020f78 1
80020f7c 1
80036910 1
8003690e 1
80020f60 1
80020f84 1
80020fa8 1
80020fac 1
80020fb0 1
80020fc0 1
80020fee 1
800213c8 1
800213ca 1
800213cc 1
800213ce 1
80036932 1
8003691e 1
8003691a 1
80036920 1
80036922 1
80036924 1
80036928 1
80036918 1
8003692a 1
8003692c 1
80036930 1
800213d0 1
80020f44 1
80020f46 1
80020f4a 1
80020f4e 1
80036916 1
80020f52 1
80020f54 1
80020f56 1
80020f5a 1
80020f5e 1
80035d2c 1
80036a58 1
80036a5a 1
80036a5e 1
80036a60 1
80036a62 1
8001fccc 1
80036a64 1
80035d24 1
80035d26 1
80036a66 1
80035d2a 1
80036a56 1
80035d2e 1
80035d30 1
80035d32 1
80035d34 1
80035d36 1
80035d38 1
80036a68 1
80035d3a 1
80035d3c 1
80036a6a 1
80036a42 1
80036a2c 1
80036a2e 1
80036a32 1
80036a34 1
80036a36 1
80036a38 1
80036a3a 1
80036a3c 1
80036a3e 1
80036a40 1
800212ec 1
80036a44 1
8001fcc6 1
80036a46 1
80036a4a 1
8001fcc8 1
80036a4c 1
80036a4e 1
80036a50 1
8001fcca 1
80036a54 1
800211f8 1
800213f0 1
80036a04 1
800213f2 1
80036a02 1
800369fe 1
800211f6 1
800369fa 1
8001fc64 1
800369f6 1
800213f4 1
800213f8 1
800213ec 1
800369f4 1
800211fa 1
8001fc62 1
80036936 1
800369f2 1
800213fc 1
80036938 1
8003693c 1
8003693e 1
800369ee 1
8001fcee 1
800211f0 1
8002261a 1
8001fce4 1
8001fce6 1
8002261c 1
800368fe 1
80022562 1
80022620 1
800211f2 1
8001fcea 1
8002255e 1
800368fc 1
8002255c 1
8001fcf2 1
8001fcf6 1
8001fcfa 1
8001fc68 1
800211f4 1
800213de 1
800213e0 1
800213e4 1
800213e8 1
80036952 1
8003694a 1
8003694c 1
800368f2 1
800368f0 1
800368ec 1
8001fd9c 1
800368ea 1
8001fc5e 1
8001fd9e 1
8001fc5c 1
8003694e 1
80036948 1
80035dd4 1
80035dd8 1
80035ddc 1
800368e8 1
800368e6 1
80036954 1
80035dde 1
800368e2 1
80036956 1
800368e0 1
800369d4 1
800369ea 1
800368fa 1
800368f6 1
800368f4 1
800369e6 1
800369e2 1
80036940 1
800369de 1
800369da 1
800369d6 1
800213dc 1
800369d2 1
800369ce 1
80036942 1
800369ca 1
800212cc 1
800212ca 1
800212c8 1
80036944 1
80036946 1
8001fd9a 1
800211de 1
80036a24 1
80036a22 1
80036a1e 1
80036a1c 1
80036a1a 1
80036aa6 1
80036a16 1
80022566 1
80036a14 1
80035db6 1
80035dba 1
80036a26 1
80036aaa 1
80036aac 1
80035dbc 1
80035dbe 1
80036ab0 1
80035dc2 1
80036ab2 1
80036ab4 1
80036ab8 1
80035dc4 1
800212d2 1
800212e8 1
800212e4 1
800212e0 1
80035da6 1
80022572 1
80035daa 1
800212dc 1
800212d8 1
800212d6 1
800212d4 1
80036abc 1
800212d0 1
800212ce 1
80036a28 1
80035dac 1
8002256e 1
80036aa2 1
80035dae 1
80036aa4 1
8002256a 1
80035db2 1
800213d4 1
8002260c 1
8001fcd4 1
8002260e 1
800211ec 1
80036a06 1
8001fcd8 1
8001fc74 1
80036906 1
800213d2 1
800211ee 1
8001fcdc 1
80036a0a 1
8001fc70 1
8001fc6c 1
80036904 1
800213d6 1
80036900 1
800213d8 1
80022612 1
8001fce0 1
800213da 1
80022616 1
80035dd0 1
80036ac0 1
80035dc6 1
80036ac2 1
80036ac4 1
800211e2 1
80035dc8 1
80036ac6 1
80036a12 1
80035dca 1
80035dce 1
800367a0 1
80036a0e 1
80036aca 1
8001fcce 1
8001fcd0 1
8001fc7c 1
800211e6 1
8001fc78 1
8001fcd2 1
800211ea 1
80036acc 1
80035e5c 1
80020f38 1
800367f2 1
80035e58 1
8001fab6 1
800367f0 1
80036b68 1
80035e5a 1
800367ee 1
800367ea 1
80036b6c 1
800367e8 1
80022764 1
800367e6 1
800367e2 1
8001fab8 1
80036b64 1
80049480 1
80049492 1
8004948a 1
80036b7a 1
80020f40 1
80036b78 1
80022762 1
80020f3c 1
8003681e 1
80036994 1
80036b74 1
80036b72 1
80037510 1
80036b70 1
800367fc 1
800367fa 1
800367f6 1
8003699c 1
800367f4 1
80035e56 1
8003750e 1
80049498 1
800367d0 1
800367ce 1
80035e64 1
800367ca 1
80035e66 1
800369ae 1
80049460 1
80049496 1
8001fabe 1
80035e60 1
80035e68 1
80037514 1
80035e6a 1
80037518 1
8004945c 1
8003751c 1
80036b58 1
8001fac2 1
800367de 1
80035e5e 1
80036b62 1
800367e0 1
800369a4 1
800369a6 1
80036b60 1
800369a8 1
800369ac 1
80036b7c 1
80022768 1
8001fabc 1
800367da 1
80036b5c 1
80049464 1
80037512 1
800367d6 1
800367d2 1
800214e4 1
80020e58 1
800227f0 1
80020e54 1
80049478 1
80022750 1
800369a2 1
80020e50 1
800214ec 1
800214e8 1
80036804 1
800214e2 1
80035e4e 1
800214de 1
800214dc 1
80036990 1
800214da 1
800214d6 1
800214d2 1
80020e64 1
8003680e 1
80036812 1
8003680c 1
800227f6 1
800227f4 1
80020e68 1
8003680a 1
8003698e 1
8002274e 1
80022754 1
800227f8 1
80036808 1
800227fa 1
80020e6c 1
80020e60 1
800227f2 1
80020e5c 1
80037508 1
80036992 1
800214b4 1
8003750a 1
80020e48 1
80035e54 1
8002275e 1
80020e44 1
80036818 1
80036800 1
800214b2 1
8002275a 1
80036b82 1
800374d0 1
8003681a 1
8004947c 1
80020e40 1
8003681c 1
8003699e 1
80036b7e 1
80022758 1
800214ce 1
800214ca 1
800214c6 1
800214c2 1
800214c0 1
80036814 1
80035e50 1
800214be 1
80036b48 1
80036816 1
800214bc 1
800214ba 1
80035e52 1
800214b8 1
800214b6 1
80020e4c 1
80049474 1
80035e72 1
800367c2 1
80037526 1
8003699a 1
80035e70 1
80036998 1
800367c0 1
800367be 1
80036828 1
800367a2 1
800367a6 1
800367ba 1
800226b8 1
80037524 1
80036b54 1
800367aa 1
800367ae 1
80021578 1
80036b4a 1
800367b2 1
800226c6 1
80035e74 1
80037522 1
800226b6 1
800367b6 1
8003751e 1
80036b56 1
80021572 1
80037520 1
80036b4e 1
80036820 1
80035e6e 1
80037528 1
800226c0 1
800226bc 1
800374ce 1
800226c2 1
80036824 1
80021574 1
80049458 1
80036b50 1
800367c6 1
80049482 1
80036b4c 1
80036822 1
800022b4 2
800022a0 2
800022a8 2
800022a4 2
80000008 2
80000072 2
80002276 2
8000229c 2
8000227a 2
80001ac6 2
8000228a 2
800022ac 2
80002296 2
80002290 2
800022b0 2
80000012 2
8000228e 2
80002292 2
80001a94 2
80002280 2
80000016 2
8000227c 2
80002284 2
1008 2
80002288 2
800027ba 3
80011bdc 3
80011bd0 3
80011b72 3
80011c48 3
800027b6 3
80011bda 3
80011bde 3
80011bd6 3
80011be2 3
80011b74 3
80011bd2 3
80011b70 3
80011c8c 3
80011b78 3
80011b7a 3
80011b7e 3
80011c24 3
80011bcc 3
80011c28 3
80011b82 3
80011c46 3
80011b6c 3
80011bf4 3
80011bf0 3
80011b6a 3
80011bee 3
80011bea 3
80011c16 3
80011c0e 3
80011c68 3
80011c9e 3
80011c6c 3
80011be6 3
80011c84 3
80011c6e 3
80011be8 3
80011c4e 3
80011c12 3
80011c98 3
80011bca 3
80011c4c 3
80011c7e 3
80011ba6 3
80011c92 3
80011b9e 3
80011ca0 3
80011c3a 3
80011ba0 3
80011ba4 3
80011c32 3
80011c14 3
80011c90 3
80011c36 3
80011bbe 3
80011c72 3
80011c34 3
80011baa 3
80011bbc 3
80011bba 3
80011bae 3
80011bb0 3
80011bb6 3
80011c76 3
80011c78 3
80011bb2 3
80011c2a 3
80011ca6 3
80011b84 3
80011c7c 3
80011b86 3
80011ca4 3
80011bc8 3
80011b8a 3
80011b8e 3
80011bc4 3
80011c42 3
80011c96 3
80011c64 3
80011b90 3
80011bc2 3
80011b92 3
80011c2e 3
80011c40 3
80011b96 3
80011b98 3
80011b9c 3
80011c3e 3
80011c5e 3
80011b62 3
80011b50 3
80011bfe 3
80011caa 3
80011b52 3
80011b54 3
80011cb4 3
80011c1a 3
80011bf6 3
80011c0a 3
80011c56 3
80011c5a 3
80011c22 3
80011cb6 3
80011bfc 3
80011b60 3
80011c08 3
80011c80 3
80011b3e 3
80011bf8 3
80011b5c 3
80011cb8 3
80011b42 3
80011c20 3
80011b5a 3
80011cbc 3
80011b58 3
80011c60 3
80011cc2 3
80011c88 3
800027b4 3
80011b46 3
80011c50 3
80011c06 3
80011c1c 3
80011b66 3
80011c9c 3
80011c52 3
80011b4a 3
80011c86 3
80011cc0 3
80011cb0 3
80011c02 3
80011b4c 3
80011b64 3
80011cbe 3
80011cae 3
8004a25a 4
8004a2d8 4
8004a2d6 4
800021fe 6
800021ce 6
800021de 6
800021fa 6
800021e4 6
800021c2 6
8000220a 6
800021ca 6
80002202 6
800021d6 6
800021da 6
800021cc 6
800021e6 6
80002206 6
800021d4 6
800021e2 6
800021ec 6
800021f4 6
800021f0 6
800021e8 6
800021d2 6
800021c6 6
800021d8 6
8000220e 6
8001c49c 8
8001c550 8
8001e0e8 8
80029406 8
80029408 8
800279e0 8
800227e8 8
8001c52c 8
80029360 8
8002950e 8
80023f62 8
80027766 8
80017444 8
8001c5e2 8
80024048 8
80027764 8
80027760 8
8001bfaa 8
80029b14 8
8001e894 8
8002775e 8
80023f66 8
80029410 8
8001c276 8
80029b1c 8
80023f64 8
80022360 8
80023f60 8
8002940e 8
8002235a 8
80020f2a 8
80017014 8
800204fc 8
8001c27c 8
8002940a 8
80022634 8
8002ae9c 8
8002235c 8
80016f3c 8
800227e4 8
8002235e 8
8001e1e2 8
80021046 8
800276b6 8
80020192 8
80020194 8
80017084 8
8001b28c 8
800276b4 8
800276b0 8
8002b3b8 8
80017088 8
8001708c 8
800276ac 8
80016a10 8
8001e130 8
8002529e 8
8001e1ea 8
8002529c 8
8002a4a6 8
80021036 8
8001ef0a 8
8001ef08 8
8001b280 8
8001ef06 8
8001ef0c 8
8001b284 8
80021042 8
8002529a 8
8002b3b2 8
8001ef04 8
8002b3b4 8
80020190 8
8001b6bc 8
8001ef02 8
8002b3b6 8
800172f6 8
8002775c 8
80018ed8 8
80017ab4 8
80017130 8
80017aac 8
8002ac58 8
8001c1e6 8
8002ac60 8
8001c43c 8
8002404a 8
80029354 8
80017018 8
80029356 8
8002935a 8
8001800a 8
80016a08 8
8002935e 8
8002a4ae 8
8001b140 8
80025298 8
800276aa 8
80022632 8
80018ed0 8
80025296 8
800170b4 8
800170b8 8
80016774 8
80022362 8
80017ab8 8
8002ac5c 8
800227ec 8
8001e89a 8
80017128 8
8001b148 8
8001712c 8
8001bfae 8
8001f7c0 8
800179a8 8
80029e02 8
8002951a 8
80012aa8 8
8001f7c2 8
8001909e 8
8002a5ae 8
800156c2 8
80012aa6 8
8001c758 8
8001f7bc 8
80020e82 8
8002ac5e 8
800156c8 8
80020e7e 8
80020e7a 8
8001c760 8
8001e13a 8
8001e71e 8
80022604 8
80022608 8
80027a4e 8
8001ff96 8
800178a2 8
80029524 8
8001ff98 8
8001e7e0 8
800204d2 8
8001567a 8
80029522 8
80029520 8
80012aac 8
8001e7da 8
80012aa2 8
80027a4c 8
8001ff9a 8
8001e7d8 8
8002951e 8
8002951c 8
80015f70 8
80001c58 8
8001e136 8
80001c54 8
8001ff9c 8
8001608e 8
80019010 8
8002262c 8
80012a7e 8
80019e74 8
80012bf8 8
80019ec2 8
80022628 8
8002091c 8
8001e750 8
8001e74e 8
80012a7c 8
80012a82 8
80022626 8
8001e74c 8
80022622 8
80012bfc 8
800279e2 8
80012bfa 8
80029e06 8
8001b6c2 8
800178ec 8
8001e746 8
8001631c 8
8001ae7c 8
800204ce 8
800194cc 8
80022630 8
80012bee 8
8001e13c 8
80015cfc 8
800204ca 8
80016016 8
800194c4 8
80027a52 8
8001e724 8
80012bf2 8
8002a5c2 8
8001601a 8
80012a86 8
80016314 8
80016092 8
80019008 8
8001900c 8
80012bf4 8
8001bff6 8
8001e802 8
80018a3e 8
80016a1c 8
80021034 8
80021038 8
8001bffa 8
80012bc8 8
80017244 8
8002b49c 8
800227e2 8
80012bcc 8
800163a6 8
80029dfe 8
8000222a 8
8001738e 8
80018158 8
80017240 8
80016f68 8
8001723c 8
80029ec2 8
8000224a 8
8001ac90 8
80024040 8
80021030 8
8002aa6a 8
800194f4 8
800163ae 8
80024044 8
80020f32 8
800225fe 8
800204f2 8
80020f2e 8
8001c60a 8
80022600 8
80017218 8
80029a48 8
80012bc2 8
80012bc4 8
8001e80c 8
8001e80a 8
8002403e 8
8001e808 8
8001e804 8
800172fe 8
80016a18 8
80012ab2 8
800252a6 8
8001ac7e 8
80027a56 8
800252a8 8
80012ab4 8
800252aa 8
8001c69c 8
80001c60 8
8001e132 8
80023ff2 8
80023ff4 8
800246b6 8
800155ea 8
80023ff6 8
80001c5c 8
80023ff8 8
8001ff94 8
80012ab0 8
800252ac 8
80023ffa 8
8001f7ba 8
80015676 8
80002214 8
800173b2 8
80017210 8
8002085e 8
800246c4 8
800246c2 8
800182de 8
800252a2 8
80029c8e 8
800246c0 8
80017188 8
8001c5e6 8
80019be4 8
800246bc 8
8001af58 8
800155e6 8
8001b6c0 8
800246ba 8
800252a4 8
8002088a 8
80019bf8 8
80015ed4 8
8001a114 8
8001a14c 8
80025872 8
8002586e 8
80027a82 8
8002586c 8
8001a144 8
80012b4e 8
8001a140 8
8002aa78 8
8001a11e 8
8001a11a 8
80025802 8
80024760 8
80025800 8
800257fe 8
8002475c 8
80012b50 8
800257fa 8
8002b9de 8
800257f6 8
800257f4 8
800257f0 8
80024758 8
8002b9dc 8
800257d4 8
800273d2 8
8001ed42 8
8001ed3c 8
8001bb1c 8
80027a84 8
8001ffa8 8
80018ed2 8
80019588 8
8001ffaa 8
80024764 8
8001bb16 8
80018ece 8
80024762 8
800257d0 8
800273d4 8
80012b4a 8
800273d6 8
800273d8 8
800273da 8
8001f18a 8
8001f188 8
8001f186 8
8001f184 8
8001f182 8
800213ba 8
80025876 8
800182b6 8
80025758 8
8002b848 8
8002b846 8
8002b844 8
8001f0f6 8
8001f0f4 8
8001f0f2 8
8001f0f0 8
8001ed48 8
8001ed46 8
80025754 8
8001b604 8
8002b84a 8
80029d42 8
80018d44 8
80020716 8
80020714 8
8001c3cc 8
80012b56 8
8001b548 8
80029d46 8
8001c3c8 8
80020712 8
80029d4a 8
80012b58 8
8002b8de 8
8002b9d8 8
800257cc 8
80024756 8
8002b9d6 8
80024752 8
8002b9d4 8
80012b54 8
8002b92e 8
8002b924 8
800257ca 8
8001690a 8
8002b922 8
80025898 8
8002b8da 8
8001a0ac 8
8001a0a4 8
8001a0a2 8
8001edf6 8
80025762 8
8001edf2 8
80025760 8
8002575e 8
8002575a 8
8001edf0 8
8001edee 8
800248a4 8
80020574 8
80020570 8
8002056a 8
8001bb6e 8
80016776 8
8001e0ec 8
8002489e 8
8001bb62 8
8002591a 8
8001c444 8
800247d8 8
800248a2 8
8001845a 8
8001c440 8
8002ab8c 8
80016802 8
8002ab88 8
80025916 8
800247d4 8
800248a8 8
80025912 8
8002ab84 8
80020220 8
80022462 8
800247d0 8
80024804 8
80025942 8
80018396 8
80025940 8
8002593c 8
8001f676 8
8002adbc 8
80024808 8
8001ba84 8
8001e0e6 8
80024872 8
8002abbc 8
80024806 8
80025910 8
8001f678 8
8002af34 8
80024800 8
80024874 8
80024878 8
80017390 8
800247fe 8
800247fa 8
8002abb8 8
8002abb4 8
8002487c 8
80017fe0 8
80012b20 8
8002ab14 8
8002ab10 8
8001ffa4 8
8002ab0c 8
80018012 8
800258a4 8
8001e058 8
800156cc 8
80012b1e 8
800258a2 8
8002589e 8
80027a86 8
8002ab18 8
80020e32 8
80012b24 8
8002589c 8
8001e056 8
80012b28 8
80015c42 8
8002aae0 8
8001e054 8
8001e052 8
8001edf8 8
80019146 8
8001ffa6 8
800191be 8
8001ffa0 8
80020224 8
80022460 8
8001a1c0 8
80020228 8
8002245c 8
80016806 8
8001a1b8 8
800247ce 8
80015e2c 8
800248aa 8
800248ac 8
8001b400 8
8002b490 8
80024916 8
80024918 8
8002491c 8
80024920 8
8001ffa2 8
8002245a 8
80022458 8
8001a1b6 8
80015e34 8
8001af62 8
800258a6 8
80001b2e 8
80025622 8
80001b56 8
80025620 8
80001b52 8
80029dda 8
8002130e 8
8002130a 8
80001b32 8
80021308 8
80029276 8
80029278 8
8002927a 8
80025624 8
8002927c 8
8002aa70 8
8002ac30 8
800191f8 8
80027a7c 8
8001ecf6 8
80024736 8
8001ecf2 8
80024732 8
80001b2a 8
80019ade 8
80019ada 8
80027662 8
80016cec 8
800223b0 8
80017f72 8
8002765e 8
80018ed6 8
8002b54c 8
8002b54a 8
800223ac 8
80027660 8
800223a8 8
80019be2 8
800223a6 8
8002557a 8
80016d94 8
80027664 8
8002b546 8
80016d9c 8
80027666 8
8002b544 8
8002b542 8
80001b62 8
8002562a 8
80025628 8
80001b5e 8
80001b5a 8
80025524 8
80018b4a 8
80018b46 8
8001c288 8
8002472c 8
8001ec64 8
80016ecc 8
80016ed0 8
80016ed4 8
8002552a 8
80025528 8
80027a78 8
80025526 8
8002472e 8
80025522 8
80016f3e 8
80016f42 8
80016f46 8
80016f62 8
80016f66 8
80016f70 8
80016f74 8
80025496 8
80025494 8
80025492 8
8001bffe 8
80019120 8
80025578 8
80025574 8
80025570 8
8002556e 8
80019a32 8
8001c398 8
80019a2e 8
8002b49a 8
80019124 8
8002b496 8
8002b492 8
80029308 8
80016ce0 8
8002930a 8
8002930c 8
8002b44c 8
8002b44a 8
8002930e 8
8002b448 8
8002b446 8
8002b444 8
80029310 8
80018b5a 8
80018b52 8
800199de 8
8002ac28 8
8001ec60 8
8001f706 8
8001272e 8
80012732 8
8001ec5e 8
8001c1e8 8
80018946 8
80027a7e 8
80012736 8
80012738 8
8002b660 8
80029d16 8
8001f704 8
8002b65e 8
8002b65c 8
8002aa74 8
8002ac2c 8
80017388 8
8002b65a 8
8002b658 8
8002b656 8
8001f728 8
8001f72a 8
80029d1e 8
8001f72e 8
80022592 8
8002103c 8
80021040 8
8001ed3e 8
80021044 8
8002b652 8
8002b650 8
8002b64e 8
8001c39c 8
8002b64c 8
8002b64a 8
8002258c 8
8002258e 8
8001f730 8
80022594 8
8001ecf8 8
8001ecf4 8
80022596 8
8001ecf0 8
8001f6fe 8
8001c1de 8
8001b3fe 8
8001f700 8
8001272c 8
8001c1e4 8
8001ec62 8
800127e2 8
800180b2 8
8001c27a 8
8001c280 8
80018dd2 8
8001c284 8
8001eefc 8
8001eefa 8
80018994 8
8001eef8 8
8001898c 8
800127de 8
800127e0 8
80018dd6 8
8001eef6 8
800127e6 8
80016c04 8
80016c08 8
80016c94 8
80016c98 8
80016c9c 8
800127e8 8
8001c2f4 8
8001e0e4 8
8001e0ea 8
800223b2 8
800275cc 8
8002a5ba 8
80001c5e 8
80029ec0 8
8002a5b2 8
8001f732 8
80021314 8
80021312 8
80016a14 8
80016a1a 8
80016a0a 8
80016a0e 8
80019de0 8
80025490 8
800275ce 8
800275d0 8
80018a3c 8
8001c322 8
800275d2 8
80019950 8
8001c31e 8
80018e26 8
8001c25a 8
8001900e 8
8001c2f2 8
8001eefe 8
800243f6 8
8001e3c4 8
80016262 8
8001d464 8
80017e3a 8
8001e3c0 8
8001d46c 8
8001625e 8
80018e28 8
8001e3bc 8
800243f2 8
8001625a 8
8001e3b8 8
800243f4 8
8002a31a 8
80018e1c 8
80001b38 8
800243f8 8
8002ac56 8
80001b34 8
80001b30 8
80016258 8
8001e3b6 8
8002a840 8
80029c8c 8
80029c90 8
80018b56 8
8001e1e6 8
8001b25a 8
8002079e 8
8001b632 8
8001d390 8
80018a46 8
8001e1e4 8
8001b630 8
8001d3c6 8
8001bf1a 8
8001a41a 8
8001d3ca 8
800155e8 8
8002af5e 8
800155e4 8
8001bf16 8
8001a4d0 8
80017216 8
8001a360 8
8001e1ec 8
800192c4 8
8001b628 8
8001d434 8
800191ea 8
80001b5c 8
80019262 8
80018dd4 8
8002ab0a 8
8002ab06 8
80029e90 8
80029e94 8
800205a0 8
8002af60 8
8002793e 8
80029eb8 8
8001d538 8
8001d53c 8
80018dd8 8
80029f4c 8
80029f50 8
800194ca 8
80024484 8
80024486 8
80024488 8
80016234 8
8002448a 8
8001b606 8
80018dd0 8
8002448c 8
80029a4c 8
8001b542 8
80016230 8
8002aaea 8
80021e38 8
80029d18 8
80029d1c 8
80019f6a 8
80029d40 8
80029d48 8
8002a83c 8
8002a838 8
8001d4d8 8
80021e36 8
8002ab16 8
80015cf4 8
8002a7ac 8
800207a2 8
80029dd4 8
8002a7a8 8
8002056c 8
80029dd8 8
80021e3a 8
8001e396 8
80021e3c 8
80029dfc 8
8001e392 8
8002adb6 8
8001e38e 8
80029e04 8
8001e45a 8
8001d286 8
80020322 8
80020500 8
8001e464 8
800220d2 8
8001911c 8
800220d0 8
80029e8e 8
80019352 8
8001e460 8
8001934e 8
800220ce 8
8001e45e 8
8001d282 8
8001b4b0 8
80018e22 8
8001e438 8
8001e434 8
8001e42e 8
8001b4b2 8
80021f20 8
8001567c 8
80019bf0 8
80015678 8
80019264 8
80019268 8
8001d27e 8
800192c2 8
8002ade6 8
8002a938 8
8001b254 8
8002adde 8
800241f8 8
800241fa 8
8001de6c 8
800241fc 8
8001de68 8
800241fe 8
80024200 8
80016ed2 8
8002031e 8
8001de64 8
8002adb4 8
8001de60 8
8001de5c 8
8001de58 8
80019ddc 8
800220d4 8
8002a890 8
8002a884 8
8001e468 8
80018e1e 8
8001e5d6 8
8001d2f8 8
800172d4 8
80029e96 8
8001b1de 8
800172cc 8
80017ca6 8
8001ba8a 8
8001943c 8
8001d31a 8
800207c6 8
80019bea 8
8001d31e 8
8002abba 8
8001d2f4 8
8001d322 8
800192c6 8
8001d326 8
8002abb2 8
80019002 8
800188b0 8
80019434 8
80018942 8
8002abae 8
80017212 8
8001b1ea 8
8001a61e 8
800172fc 8
80017300 8
80021f1e 8
80021f1a 8
8002ad2c 8
80029dd2 8
80021f16 8
8002af2e 8
8001926c 8
800190a2 8
80021f14 8
800182b4 8
8001b4b6 8
80019408 8
80016eca 8
800172f8 8
80016ec6 8
8001b4ba 8
8001b1b2 8
80015ec8 8
8001b1dc 8
80022844 8
80022842 8
80022840 8
800194f6 8
8001d2f0 8
8001b6ba 8
8002a3fc 8
8002a4a4 8
8002a4a8 8
8002a5bc 8
8002a4ac 8
80024af0 8
80024aee 8
8001dbc4 8
80016c9a 8
80024aec 8
80016c96 8
80024ae8 8
80024ae6 8
8002a3f8 8
8001b008 8
8002a5b8 8
8001799e 8
8001893e 8
8001b00c 8
80019380 8
80024ac4 8
80024ac2 8
80024abe 8
80019410 8
80027906 8
80024abc 8
8000221e 8
80024ba4 8
80024ba2 8
80027af0 8
8001dc54 8
80016cea 8
80020860 8
80019378 8
80024b80 8
80024b7e 8
80016ce2 8
80024b7a 8
80024b78 8
8001b010 8
8002a314 8
80015e28 8
8002a318 8
80020884 8
8002a3a8 8
8002a3ac 8
8001937c 8
8002a5c0 8
80018996 8
8001898a 8
8001af56 8
8002a3f4 8
80002210 8
800226a0 8
8001b14a 8
80024a00 8
8001b62e 8
80024a02 8
80024a06 8
80024a08 8
800226a4 8
800226a8 8
80016f72 8
80002240 8
8002060e 8
8002790c 8
8001590a 8
8000221a 8
8000222e 8
80020610 8
80002246 8
80024a34 8
80020614 8
80024a2a 8
80020618 8
80024a2c 8
80024a32 8
80024a30 8
80015ea8 8
80020646 8
80019438 8
80002222 8
80020888 8
80027908 8
80024582 8
80024584 8
80020648 8
80024586 8
8002458a 8
8002458c 8
80019376 8
8001590e 8
80024ba8 8
8002aea4 8
8001b142 8
80020644 8
8002aea0 8
80020640 8
8002063e 8
800184e4 8
80027910 8
8002269e 8
8002063a 8
8001b146 8
8002aa6e 8
8001914a 8
80017242 8
8002789e 8
800220da 8
8001d680 8
800190b0 8
800191ee 8
8001d6a8 8
8001d6b0 8
800220dc 8
8002aa76 8
800173bc 8
80018d40 8
80021ec8 8
8002ab82 8
80021eca 8
8001b56c 8
80021ecc 8
80021ece 8
8001d76c 8
80021ed0 8
8001e324 8
8001b572 8
800226d6 8
8001e320 8
8001b576 8
800206bc 8
8002789a 8
8002793c 8
8001622e 8
80027890 8
80027894 8
8002aae6 8
8001d5c8 8
80019ae4 8
800191f6 8
80027896 8
8002793a 8
8002aae2 8
800205a2 8
80029a44 8
80019f6c 8
8001d5ec 8
80027936 8
8002789c 8
8001b600 8
80027932 8
8001ac84 8
8001ac8e 8
80027930 8
8002792c 8
800205a4 8
8002a316 8
80019354 8
800226c8 8
80024c34 8
80017aaa 8
80015ea4 8
8002a5b4 8
8001d7fc 8
8001dca8 8
8002a5b0 8
8002a5ac 8
800206b4 8
800206b2 8
80027af6 8
800226cc 8
8001b13c 8
800244d0 8
800244d2 8
800244d6 8
800244da 8
800244dc 8
80027af2 8
80018a40 8
8001dc58 8
800173b4 8
80024bac 8
80024baa 8
80024978 8
8001e31c 8
800206b8 8
800220de 8
800220e0 8
800156c4 8
8001590c 8
800220e2 8
800220e4 8
800226d4 8
80015908 8
80015cf8 8
80024976 8
8001b25e 8
8001d7f8 8
800161a4 8
80024c3c 8
8002497a 8
800226d2 8
80024c3a 8
800226ce 8
80019ae2 8
80024c36 8
8000223c 8
8001934c 8
80027afa 8
80022a40 8
80022a6e 8
800199e0 8
80022a6c 8
8001e5d8 8
80022a68 8
80022a66 8
8001b2fe 8
80012c68 8
8001ccb2 8
80018b58 8
8001ccb6 8
80022a46 8
80022a44 8
8001b2fa 8
80022a3e 8
8001f876 8
80029b8e 8
8001ccba 8
8001f878 8
8001b324 8
8001f87c 8
8001b328 8
8001f87e 8
80018b54 8
8001bc16 8
8001b32a 8
800172d2 8
800212c0 8
8001aace 8
8001cbb4 8
800212be 8
8001cbb8 8
8001cbbc 8
80017ca4 8
800212bc 8
80017d34 8
8001cc02 8
80029f4a 8
80029898 8
8002079c 8
8002989a 8
8002989c 8
800298a0 8
800298a2 8
80017e30 8
80017e38 8
80017814 8
8001b39c 8
80022a70 8
8001e5da 8
8001af60 8
8001af5c 8
800194f8 8
8001f8aa 8
8001631e 8
8002ade8 8
80018b44 8
8001631a 8
80019432 8
8001cdbe 8
8001cdc2 8
80018d3e 8
8001cdc6 8
8002ade4 8
80016316 8
8001cdca 8
80018b48 8
80018d42 8
8001e316 8
8001e31a 8
80018458 8
8001e322 8
8002ade0 8
8001a4d8 8
8001b39e 8
8001b3a2 8
8001718a 8
8001e89c 8
8001b3a6 8
80025196 8
8001a0a8 8
8001a35e 8
8001a09e 8
8001b32e 8
80018428 8
8001b332 8
80012c6c 8
80018b4c 8
8001f8a0 8
8001f8a2 8
80017f68 8
80025198 8
8001ab76 8
80020e2e 8
80012c70 8
80025192 8
8001aa7e 8
80018126 8
8001f8a6 8
800191c8 8
80025190 8
8002518e 8
800170bc 8
800191c4 8
8001f8a8 8
800240f8 8
8001e692 8
800190ac 8
8001e690 8
8001f7ea 8
8001b256 8
80017126 8
8001e68c 8
80022b00 8
80022afe 8
8001e68a 8
800240f0 8
800240f2 8
800240f4 8
80029ebe 8
80022afa 8
8001f7ec 8
800240fa 8
80029708 8
8002970a 8
8002970c 8
80022af8 8
8002970e 8
8001f7ee 8
8001780e 8
800222ce 8
800222cc 8
800162f0 8
80029510 8
800199dc 8
80029512 8
80029514 8
800279de 8
80029516 8
800160e8 8
8001a308 8
800160ec 8
800279da 8
800162f2 8
80019f72 8
800222ca 8
800162ec 8
80022778 8
8002accc 8
8001a2fe 8
800190a4 8
800279d8 8
8001f7e4 8
80016908 8
8001f7e6 8
800279d4 8
800190a8 8
8001e694 8
8001cb22 8
800180b4 8
8002276e 8
8002276a 8
8001744a 8
80017446 8
8001b286 8
80017010 8
800184e2 8
80012c66 8
8001b28a 8
8001a1ec 8
80029eba 8
8001b28e 8
8001a148 8
8001cb28 8
800297e6 8
800297e8 8
800297ec 8
800297f0 8
800173ba 8
8001a116 8
800212c4 8
800297f2 8
80017abc 8
800212c2 8
80029f52 8
8001ac8a 8
8002ae70 8
800178a6 8
800222c8 8
80019e72 8
8002979a 8
80016c06 8
8002acd0 8
8002979c 8
80022776 8
80016c02 8
8002979e 8
800297a0 8
800299cc 8
800170ba 8
800297a2 8
8001e668 8
800170b2 8
80022774 8
8002acd4 8
800170ae 8
8001ac92 8
8001a1ee 8
80022770 8
8001a1bc 8
8001e662 8
80020452 8
800279ae 8
80022746 8
80012a10 8
80022742 8
8001bd20 8
800184ea 8
80022740 8
800191f0 8
80012a0c 8
8001e748 8
80015bf6 8
8001e722 8
80012a0a 8
80012a12 8
8002045c 8
8002026c 8
8001bd30 8
80020272 8
800191f4 8
80019bf4 8
8002091a 8
8002ac26 8
80020460 8
8001e71c 8
800178f2 8
80012a06 8
8001e580 8
8001b3fc 8
8001a624 8
8001d14e 8
8001e4d8 8
8001e4fe 8
8001e504 8
80017016 8
8001839e 8
8001700a 8
8001e57c 8
8001e7de 8
80018452 8
8002a940 8
8002ad2e 8
8001e50c 8
80015bfe 8
8001e50a 8
8002274a 8
8002ad2a 8
8001943a 8
80012a14 8
8001bd1c 8
8001e508 8
80015bfa 8
8001e502 8
8002122c 8
8001f938 8
8001e4d2 8
8001f93a 8
8002122e 8
80020326 8
8001e666 8
800228d2 8
800228d0 8
8001e660 8
800228cc 8
800228ca 8
80015b6a 8
80015b66 8
80021230 8
80019e76 8
8002acca 8
8002122a 8
8002aea2 8
8002ae9a 8
80020328 8
8001c0ae 8
8001b486 8
8001b488 8
80002230 8
8001911a 8
8001b48c 8
8002af5c 8
8002aff0 8
8001ae7e 8
8002afee 8
8002afea 8
8002afe8 8
800279aa 8
800228fc 8
800228fa 8
8002ac52 8
8001ae78 8
800228f8 8
800228f4 8
800191c0 8
8002af58 8
8002af56 8
8002ae78 8
800228f2 8
8002af32 8
8001940e 8
8001f932 8
800279a8 8
8002af2c 8
8001e4dc 8
8001f934 8
8001e4d4 8
8002ae72 8
8001af0c 8
80029a42 8
800229ac 8
8001e578 8
8001e576 8
8001e38c 8
8001e3b2 8
8001b330 8
8001e3c2 8
80016fde 8
8002ae76 8
80029a68 8
80019154 8
80018450 8
80019582 8
80029a6c 8
80019150 8
80029a6e 8
80029a72 8
8001e430 8
8001914c 8
80029a76 8
80029a78 8
80029a7a 8
8001b302 8
80015cfe 8
800229b2 8
8002026e 8
800194f0 8
800299d0 8
800299d2 8
80019dde 8
80017186 8
80020276 8
800229b6 8
800299d6 8
800299d8 8
800229b4 8
80019eb8 8
80025098 8
800250e8 8
80015c4e 8
80021fd0 8
800229ae 8
800250e6 8
8002059c 8
800250e2 8
800158fc 8
800250de 8
8002018e 8
800250dc 8
800158f8 8
80024ffe 8
80029b10 8
8002298c 8
80029bb4 8
8002298a 8
80022986 8
80029bb8 8
8001d092 8
80029bc0 8
80025004 8
80022984 8
80025002 8
80025000 8
80029b88 8
8001b2f8 8
80029c2c 8
800220d6 8
80024204 8
80024206 8
8001e466 8
80024208 8
8002420a 8
8002420c 8
8002420e 8
8001d146 8
80017fdc 8
80029ae6 8
8001e896 8
80021fce 8
80021fca 8
80025096 8
80025094 8
8001842c 8
80025092 8
80025090 8
8001cfb4 8
8001cfba 8
80021fc8 8
80029ae4 8
80019078 8
80029aea 8
80021fc6 8
8001d046 8
8001b54a 8
800279b2 8
80015ec4 8
80029b16 8
8001d04c 8
80029b1a 8
80029b1e 8
8002adba 8
80019be8 8
8001cdce 8
8001fde0 8
8001fddc 8
8001fdda 8
800121f8 8
800121fc 8
80012200 8
80012204 8
80023878 8
8002387a 8
8002387e 8
80012208 8
8001cdba 8
80023882 8
8001fde4 8
8001220c 8
80012210 8
80012214 8
80012218 8
8001221c 8
80012220 8
80012224 8
800180ac 8
80012228 8
80018944 8
8001222c 8
80012230 8
80026346 8
800237d4 8
80019f6e 8
800237d6 8
800237da 8
8001ac8c 8
80017f70 8
800237de 8
8001ac86 8
8001ac82 8
80017f64 8
8002634a 8
80026348 8
80012234 8
8001bb1a 8
80026344 8
80026342 8
80026340 8
80023800 8
80023804 8
80023806 8
8002380a 8
8002380c 8
8002380e 8
800188ac 8
8001fde6 8
80012290 8
80012268 8
80017aa8 8
8001226c 8
80012270 8
80012274 8
80012278 8
80020456 8
8001227c 8
80018a44 8
80012280 8
80012284 8
80012288 8
8001228c 8
80012264 8
80012294 8
80012298 8
8001229c 8
800122a0 8
800122a4 8
80022fac 8
800122a8 8
8001b574 8
800122ac 8
80022faa 8
800122b0 8
800122b4 8
80023054 8
80012238 8
8001223c 8
80012240 8
80012244 8
80012248 8
8001224c 8
80018990 8
8002305c 8
8002305a 8
8001d278 8
80023056 8
80012250 8
8002045e 8
80017aba 8
80012254 8
8001d27c 8
80023052 8
80017ab6 8
80012258 8
8001225c 8
8001d284 8
80017ab2 8
80012260 8
80017aae 8
800299da 8
8001d09c 8
8002660e 8
8002660c 8
8001aa7c 8
8001b1bc 8
8002368e 8
80023690 8
80023694 8
80023698 8
8001d742 8
8001d094 8
8001fe90 8
8001fe8e 8
8001d098 8
80026612 8
80028748 8
800236b4 8
800236b8 8
800236ba 8
8002874a 8
800236be 8
800236c2 8
8002874e 8
800236c4 8
80028752 8
800236c6 8
80028754 8
80018082 8
80023618 8
8002361c 8
80028704 8
8002361e 8
80023622 8
80023624 8
80023626 8
80018086 8
800266c8 8
800266c6 8
800266c2 8
800266c0 8
8001b1d8 8
800266be 8
8001d048 8
8001807e 8
8001807c 8
80015776 8
8001d684 8
8001577e 8
8001b1b4 8
8001b1b8 8
8001fe94 8
80026618 8
80026616 8
80023768 8
8001b5fe 8
8002373a 8
800172ce 8
8001b1e8 8
8001c1e0 8
8001c1da 8
8001a9e8 8
8002375c 8
80017fe4 8
80023760 8
80023762 8
80023766 8
80023736 8
8002376a 8
80017fda 8
8001619e 8
8001d144 8
8001d148 8
8002633c 8
8002633a 8
80026338 8
80026336 8
80026334 8
8001d14c 8
80020458 8
8001800e 8
800265c8 8
800265c6 8
800265c4 8
800265c2 8
800265c0 8
8002103e 8
800287fa 8
800287fc 8
80018010 8
800287fe 8
80028802 8
80028804 8
80022fa6 8
8001fe8c 8
80026534 8
80026532 8
80026530 8
80018006 8
8002652e 8
80018004 8
80018000 8
8001b1e2 8
8001b1e6 8
80023730 8
80023732 8
8001fd92 8
80022f56 8
8001617a 8
80022f54 8
80027d86 8
80018b50 8
80016ce6 8
80028a72 8
80028a76 8
8001fd96 8
80028a78 8
8001fd94 8
80027d84 8
80028a7c 8
80022f58 8
8001a292 8
80028a7e 8
8001ab7e 8
80017d38 8
80027d82 8
8001ab7a 8
80028a80 8
8001ab78 8
8001a28a 8
8001fd90 8
8001a286 8
80027d7e 8
800271d0 8
80017d80 8
80028a4c 8
80028a50 8
8002059a 8
8001a9ec 8
80020da0 8
800271cc 8
80027e16 8
80027e14 8
800271ce 8
80027e10 8
80027e0e 8
8001d436 8
800271d2 8
800271d4 8
8001c000 8
8001bff4 8
8001bfb0 8
80016172 8
80013540 8
8001353e 8
8001353a 8
80022f5c 8
80013538 8
80022f5a 8
8001aa7a 8
80028b20 8
80028b22 8
80028b24 8
8001aad0 8
8001a1e2 8
8001aaca 8
8001aac6 8
8001aac4 8
80027d58 8
80027d54 8
800178a4 8
8001aa80 8
80028b1c 8
8001aa78 8
80027d52 8
800178a0 8
80016900 8
80028b8e 8
8001a14a 8
80028b90 8
80028b94 8
80028b98 8
8001d4da 8
8001a13e 8
800134b0 8
8001dd58 8
8001d43a 8
8001fd8e 8
8001d43e 8
800178f8 8
80027d7c 8
800178f6 8
8001a25a 8
800178ee 8
8001dd50 8
8001d466 8
8001dd54 8
8001d46a 8
80020596 8
8001dd5a 8
80028aea 8
80028aec 8
80016854 8
80028af0 8
80028af4 8
80016d92 8
80016d96 8
80016d9a 8
80027d5a 8
80028b16 8
80028b1a 8
800204ee 8
800122f0 8
800122f4 8
800122f6 8
800122fa 8
800182b0 8
800122fe 8
800204c8 8
80026236 8
80026234 8
80026230 8
8002622e 8
8002622c 8
8001b012 8
800122ec 8
8002892e 8
80028932 8
800204f4 8
80028934 8
8001dc52 8
80028938 8
800204f8 8
8002893a 8
80017e34 8
8001dc56 8
8002893c 8
8001dc5a 8
8002713c 8
8001b56e 8
8001ac80 8
800122b8 8
80022fa2 8
800122bc 8
800122c0 8
80022fa0 8
8001dbc0 8
800122c4 8
8002713a 8
800122c8 8
8001dbc2 8
800204fe 8
800122cc 8
8002713e 8
8001dbc6 8
800122d0 8
80027140 8
800122d4 8
800122d8 8
800122dc 8
800122e0 8
80018224 8
800122e4 8
800122e8 8
800260a2 8
8001a304 8
800179a0 8
800289dc 8
80026136 8
80026134 8
80026132 8
80026130 8
8002612e 8
8001dc9e 8
8001d3bc 8
8001dcaa 8
8001d3c0 8
80029aee 8
800260a0 8
8002609e 8
8002609c 8
8001cc0c 8
80016fe8 8
80017082 8
80016fe4 8
80028a46 8
80016fe0 8
80028a48 8
80017d88 8
80017d84 8
800158fa 8
80026186 8
80015906 8
80026184 8
80026180 8
8002617c 8
8002617a 8
80015904 8
80015900 8
8001c0a8 8
800158fe 8
8001d392 8
800289a4 8
80028702 8
800289a6 8
800289aa 8
800289ae 8
8001b4b8 8
800289ca 8
800289ce 8
800289d0 8
800289d4 8
800289d8 8
800289da 8
800179a6 8
800179a2 8
80026b70 8
80026b66 8
80026b68 8
800216aa 8
800233e6 8
800233e8 8
800233ea 8
800233ec 8
800216ac 8
800233ee 8
80026b6c 8
800216b0 8
80026b6e 8
80018426 8
8001c6c8 8
800216b4 8
8001842e 8
8001c6a4 8
8001c69e 8
8002a3ae 8
8002a3aa 8
8002a3a6 8
8001c612 8
8001c60c 8
8001c5e0 8
80026bf8 8
8001f570 8
80026b3c 8
80021636 8
8002a3f2 8
8001f434 8
80021638 8
8001f430 8
80015ea0 8
8001f42c 8
8002163c 8
8001f42a 8
8002163e 8
80021640 8
80016010 8
80015774 8
80026b3e 8
80026b42 8
80026b44 8
8002a5be 8
80020e78 8
80020e84 8
80016014 8
8001601c 8
8001cb24 8
8001c6ce 8
8001cfb6 8
800182ae 8
80023434 8
80026c24 8
80017e32 8
80026c28 8
80026c2a 8
800216e2 8
80026c2c 8
800216e4 8
80016088 8
80020f2c 8
80020f34 8
8001c49e 8
8001c49a 8
80023432 8
8001f3b4 8
80023438 8
8002343c 8
8002343e 8
8001c43a 8
80026cb4 8
80026cb6 8
80026cba 8
80026cbc 8
800214fc 8
8001d4de 8
800214fa 8
80026cde 8
8001c52a 8
8001f572 8
80026bfa 8
80020278 8
8001d46e 8
80026bfe 8
8001f576 8
80015778 8
80026c00 8
8001577c 8
80018456 8
8001c556 8
800216d6 8
8002a3fe 8
800216da 8
800216dc 8
8001f3c2 8
8001c526 8
8001f3c0 8
8001f3be 8
8001f57a 8
8001f3ba 8
800216e0 8
8001f3b8 8
80026c22 8
8001b62a 8
8001836a 8
8002156e 8
80021594 8
8002315e 8
8002315c 8
8002156a 8
80021566 8
80018372 8
80021598 8
8002315a 8
80018370 8
80021564 8
8001836c 8
800281de 8
80023160 8
800281dc 8
800281da 8
800281d8 8
8002159a 8
800156ce 8
8002159c 8
8001f4cc 8
8001f4ce 8
8001f4d2 8
8001f4d6 8
80016902 8
80015f40 8
80017f6e 8
8001839a 8
80028272 8
8001839c 8
80017aa6 8
80028270 8
80017f6a 8
80018394 8
80020e34 8
80020e30 8
80020e2c 8
80015f78 8
8002826e 8
80016904 8
8002158a 8
80020d9e 8
80020d9a 8
80015f6c 8
8001567e 8
80020222 8
8002158e 8
8002826c 8
8002826a 8
80023162 8
80021590 8
80020226 8
80023354 8
8001d3c8 8
80021608 8
8002160c 8
80015fee 8
8001f504 8
80021610 8
8001f506 8
8001f460 8
800182e2 8
8001f45e 8
800182e0 8
8001f45a 8
80021606 8
800182da 8
80023356 8
80023358 8
800182d8 8
8001f456 8
8002335a 8
8001f454 8
8001f450 8
80021632 8
8001d04e 8
8001d04a 8
8001c75a 8
8001d39a 8
800282b6 8
800282b8 8
800282bc 8
800282c0 8
800282c2 8
8001d2ee 8
8001d314 8
8001d318 8
8001d324 8
8001d396 8
80028368 8
80026ab2 8
80026ce0 8
8002836a 8
8002836c 8
80028370 8
80028372 8
80026ab4 8
80026ab6 8
80015fe4 8
8001f4f8 8
8001f4fc 8
8001f4fe 8
8001f462 8
8001f502 8
8001812a 8
80018152 8
80018150 8
8001814c 8
8001ab80 8
8001c286 8
8002847c 8
8001f614 8
80015bfc 8
8002847e 8
80015bf8 8
8001f616 8
8001f61a 8
80028480 8
8001cbb6 8
80028482 8
80028484 8
80018122 8
80018120 8
80028486 8
8001f61e 8
8001d67e 8
8001d686 8
8001cdbc 8
8001d6aa 8
8001cdc0 8
8001d6ae 8
80017d32 8
8001b48e 8
8002bb02 8
80017d3a 8
80026800 8
8002bafe 8
80017d36 8
800267fe 8
800267fc 8
800267f8 8
800267f6 8
8002ba96 8
800267f2 8
8001c256 8
8002ba94 8
8002ba92 8
8002174e 8
8001684e 8
80021750 8
8001cbba 8
8001815a 8
80021754 8
8002a7a6 8
80018156 8
8002a7aa 8
80021758 8
80028670 8
8001680a 8
8002a88a 8
8001af10 8
8002a88e 8
8002b8dc 8
8002866a 8
8002866c 8
800180b6 8
8001d5c4 8
8002866e 8
8001fe96 8
800180ae 8
8002a886 8
80015b68 8
8001cfb8 8
800180a8 8
80015b64 8
8002b8d8 8
8001d5f4 8
8002b8d6 8
80016772 8
8001ba86 8
800286fc 8
800286fe 8
80028700 8
80028470 8
8001d6b2 8
8001cdc8 8
8001cdcc 8
8001cdd0 8
8001d73a 8
8001d73c 8
8001d740 8
8001d764 8
8001685a 8
8001d766 8
8001d76a 8
8001d76e 8
8002bb04 8
80028472 8
8001d09e 8
80028474 8
80028476 8
80028478 8
8001d7f6 8
8001d7fe 8
8001c252 8
8002a83a 8
8002a83e 8
80017ca2 8
8001cb26 8
80026a58 8
800234e4 8
800234e6 8
800234e8 8
800214ee 8
800234ec 8
800234ee 8
8001ac94 8
8001c3a0 8
8001c396 8
8002bb00 8
8001ccb4 8
8001ccbc 8
80026a5c 8
800214f2 8
80026a54 8
80026a52 8
80023170 8
8002316e 8
8002316c 8
8002316a 8
80023168 8
80023166 8
8001ae7a 8
800181ce 8
800181ca 8
800181c6 8
800184e8 8
80026ce4 8
8001f59c 8
80026ce6 8
8001d4e2 8
80026ce8 8
8001cc00 8
8001f5a0 8
8001f5a2 8
8001f5a6 8
8001f5a8 8
8001c3d0 8
8001f5aa 8
800269e8 8
8001c3c6 8
80018228 8
80026d70 8
80018226 8
80026d72 8
8001d460 8
80026d76 8
80026d78 8
8001d3c2 8
800214f8 8
8001c3c2 8
800214f4 8
8002689c 8
8001d5ee 8
80016a1e 8
8001d5f2 8
8001c2fc 8
8001d5f6 8
80026914 8
80026910 8
8002690c 8
8002690a 8
8001b00a 8
800268a0 8
8002689e 8
80016a16 8
80026898 8
80026894 8
80026892 8
8002688e 8
8001c2f8 8
80026872 8
8002686e 8
8002686a 8
80026868 8
80015c4c 8
80015c48 8
80015c44 8
80020320 8
800181c4 8
800269e6 8
800269e4 8
800269e0 8
800269de 8
80017d8a 8
800269da 8
8001c32c 8
8001c328 8
800178a8 8
8001cc0a 8
8001cc06 8
80025948 8
80017d7e 8
800269b8 8
800269b4 8
800269b0 8
800269ae 8
80016a0c 8
80026944 8
80026942 8
80026940 8
8002693c 8
8002693a 8
80026936 8
80028bf0 8
8001a3f0 8
800238d8 8
800219e4 8
800194ee 8
80028bf2 8
8001ba88 8
800219e2 8
8001dca0 8
80028ca4 8
80028bee 8
800219e0 8
80025a18 8
80025a16 8
800219dc 8
8001dca4 8
8001c3ce 8
8002085a 8
80019e70 8
8001a3ee 8
80025c4a 8
800173b8 8
80002242 8
80025c48 8
80028ca2 8
8001a3ea 8
80020d9c 8
80016174 8
80002226 8
80016178 8
80015fea 8
8001738a 8
800207c8 8
80027c0c 8
800133ec 8
8001a412 8
8001a414 8
800133ea 8
800217ae 8
8001a418 8
8001601e 8
800217b0 8
800133f0 8
80025a14 8
8002186a 8
800217b2 8
8002186c 8
80020882 8
8001a41c 8
8002088c 8
8001d5ca 8
80027c0a 8
80027c06 8
800133f2 8
800133f4 8
800188ae 8
80029c2e 8
80028ca8 8
8001c324 8
8001c32a 8
80016770 8
8001c610 8
800219da 8
800238dc 8
8001a4ac 8
800238da 8
80025aa0 8
8001a362 8
800209d8 8
800209d6 8
80027c9c 8
80025c18 8
80025aa4 8
800209d2 8
80025c1c 8
8002b928 8
80019bee 8
8001c0a6 8
80025a9e 8
80025c1e 8
80023b98 8
80023b96 8
80015f72 8
80029c36 8
80019a34 8
80025c16 8
8002b92c 8
80023b9c 8
80027c9e 8
8001de6e 8
80023b9e 8
8001a13a 8
8001c0b0 8
80025aa6 8
80021868 8
80019a2a 8
8001332e 8
80021864 8
8001de6a 8
8001619c 8
80015fe6 8
8001a61c 8
80002216 8
80029c32 8
80027c04 8
80019adc 8
8001d5c2 8
8001a622 8
8001744c 8
80015f7a 8
80027c96 8
800207a4 8
800209d0 8
80025c46 8
80015f76 8
80019f74 8
800161a2 8
800161a6 8
80016236 8
80016260 8
800162ea 8
80019586 8
80025c42 8
800163a8 8
80027c98 8
800163ac 8
80025c40 8
8001bf18 8
8001bf1c 8
8001bfa8 8
8001bfac 8
80021838 8
80027c0e 8
80023994 8
80028d60 8
80019eba 8
80023ae2 8
80023992 8
80020914 8
80028e24 8
80019bf6 8
8001a562 8
80028d64 8
8001907e 8
8002183a 8
80025cd2 8
8001a560 8
80028d66 8
80028d68 8
80023996 8
80019bf2 8
8002396a 8
8001a566 8
8001327e 8
8001a4d6 8
8001a4d4 8
80019be6 8
80023b04 8
80028d5e 8
80023b06 8
8001a568 8
8001327c 8
8001a4ce 8
80028d3c 8
80028e1a 8
80028df6 8
80028df2 8
8001907a 8
80028df8 8
80019ebe 8
80025cda 8
800218f4 8
800218f6 8
80028df0 8
8001bd2a 8
80021840 8
800218fa 8
8001bd32 8
8002398c 8
8001bd2c 8
80028d3a 8
8001bd28 8
800218fc 8
80028e1c 8
80028e20 8
80025cd8 8
80025cd4 8
80028e22 8
80023ada 8
8001bd24 8
80023adc 8
8002398e 8
8002183e 8
80023ae0 8
80019ec4 8
8001bd1e 8
80020940 8
80020946 8
800160ea 8
80020944 8
8002a936 8
800207cc 8
800207ce 8
800207d0 8
8001330a 8
80020948 8
80028eb4 8
8002093e 8
80028eb2 8
80028eae 8
80013306 8
8001dd52 8
8002a93a 8
80028eac 8
8001a3e8 8
800219b0 8
800219b2 8
800133c0 8
800133c2 8
8001c250 8
8001330c 8
80028cac 8
80028caa 8
800133c6 8
800219b6 8
800133c8 8
800219b8 8
8001608a 8
80018940 8
8001327a 8
8001bc14 8
80023968 8
80028d36 8
8001994c 8
80019082 8
80028d34 8
8001a58a 8
80023b0a 8
8001bb6c 8
80023964 8
8001bb68 8
80023b0c 8
80023b0e 8
8001a590 8
8002191e 8
80025946 8
80021920 8
80023962 8
8001bb64 8
8001a592 8
80021924 8
8001bd2e 8
80013304 8
8002a93e 8
80021926 8
8001a594 8
80021928 8
8001a4aa 8
8001a4a6 8
8001a4a4 8
80015cf6 8
80015ece 8
80027be0 8
80027bdc 8
80019de2 8
8001d53a 8
8001a0aa 8
80025b5a 8
8001af12 8
80027bda 8
8001b544 8
80029b8a 8
800272ce 8
800272cc 8
80027be2 8
80015ed2 8
80025b62 8
8001fcfc 8
8001fd00 8
800188b2 8
800272ca 8
80019e6e 8
80019580 8
80022588 8
80027cc0 8
8002721e 8
80025ace 8
800273e6 8
80013484 8
80020858 8
800199e2 8
80013338 8
8001994e 8
800259ba 8
80027218 8
800259be 8
800273e4 8
8001940a 8
8001a294 8
80023a4a 8
8001c554 8
800213bc 8
80025ad0 8
8001c558 8
8002721a 8
80022ec8 8
8001bc1e 8
80015eca 8
80019152 8
800273e2 8
80025b5c 8
80023a4e 8
80023a24 8
80027cc8 8
80020916 8
8001af0e 8
80027224 8
800213be 8
80027cca 8
80023a52 8
8001c54e 8
80023a50 8
8001af0a 8
80025b8a 8
8001f28a 8
8001c6d0 8
8001a9ea 8
80025b8e 8
8001f288 8
8001a264 8
800213c4 8
80023a20 8
800213c2 8
80016850 8
80025ac8 8
8001fd02 8
8001a290 8
80017812 8
80015ed6 8
8001c614 8
80027222 8
80022ec2 8
80027cc2 8
8001a28c 8
800022b6 8
8001700e 8
800190ae 8
80027cc6 8
8001937e 8
8001c6a2 8
80025aca 8
8001c0aa 8
8001a260 8
8001f280 8
80023a1e 8
80025b8c 8
80025b60 8
80017ca0 8
80029b92 8
8001f1d0 8
80023a26 8
800134ac 8
8001bc1c 8
80027b50 8
800134a8 8
8001de5a 8
8001f1d4 8
8001a1e8 8
80021a74 8
8001a1e6 8
8001bd22 8
8001bb18 8
80025b84 8
80017810 8
8001a300 8
80013330 8
8001f1d8 8
80028c78 8
80028c7a 8
8001f1da 8
8001c5e8 8
80029bbe 8
80015e2e 8
800273de 8
800273e0 8
80021a6c 8
800194c6 8
80019a28 8
8001f282 8
8001de66 8
8001fcfe 8
80016858 8
8001c6c6 8
80021a6e 8
8002594a 8
800273e8 8
8001c6cc 8
800134ae 8
80002234 8
8001de5e 8
8001bb1e 8
8001f284 8
8001f1ce 8
8001723a 8
80021a72 8
8001f674 8
80029bc2 8
800134a6 8
80029bba 8
8001994a 8
80015f4a 8
80025b86 8
8001347c 8
80015e32 8
80028c80 8
8001a9e6 8
8001347e 8
80027b52 8
80013334 8
800259b6 8
800259b4 8
800272d4 8
800272d2 8
80002238 8
80019006 8
8001a25c 8
8001c524 8
80013336 8
80013482 8
80022ec6 8
80025ad2 8
80023a48 8
800199e4 8
8001a1f0 8
80021862 8
8001c75e 8
80015e9e 8
80016808 8
80027b54 8
80022ec4 8
8001bc18 8
80021032 8
80016f6c 8
80015e36 8
80028c7e 8
8001a58c 8
80015f42 8
80015f46 8
80016804 8
8004a28e 10
8004a288 10
8004a30c 10
8004a308 10
8004a304 10
8004a28a 10
8004a272 14
8004a26a 14
8004a26e 14
8004a2f0 14
8004a2ec 14
8004a258 14
8004a2ea 14
8004a2d4 14
8004a2f4 14
800022ec 16
80002300 16
8000230c 16
80002318 16
800022fe 16
800022f6 16
800022e8 16
800022ba 16
800022ca 16
800022c6 16
800022c8 16
80002308 16
80002314 16
800022c4 16
800023a2 16
800022bc 16
80002334 16
800022be 16
80002330 16
800022b8 16
800022f0 16
800023a4 16
800023a6 16
80002310 16
800022f4 16
8000232c 16
80002326 16
8000231e 16
80002304 16
8000232a 16
800022fa 16
80002322 16
800022c0 16
8000231a 16
800023a8 16
800022f8 16
800022e6 16
800453fe 22
80044fc2 22
800453de 22
80044b60 22
800453d8 22
80044ad4 22
80044ad2 22
80044a0a 22
800449a0 22
8004538e 22
800447c2 22
80045414 22
8004456e 22
800448e0 22
800449e4 22
800449ee 22
800445c2 22
80044306 22
800449f8 22
80014bbe 22
80044f42 22
8004541a 22
80044bf4 22
800449ce 22
800445ca 22
800445ce 22
80044f40 22
80044f3c 22
80044982 22
80044fca 22
80044ab6 22
80044fcc 22
80045148 22
800442fe 22
80044fd0 22
80044bec 22
80044f3a 22
80044ac6 22
800453e4 22
800453e6 22
800453e8 22
800453ea 22
800453f2 22
8004457a 22
800453f4 22
800453f8 22
8004457e 22
8004514a 22
800449b2 22
80044582 22
80044f4a 22
80044586 22
800453e2 22
800449ba 22
800453fa 22
80044fc6 22
800139ba 22
80044592 22
80045402 22
80044ac4 22
80045408 22
8004540a 22
8004540e 22
80044ac0 22
80044f46 22
800449ca 22
80045392 22
800442be 22
80044930 22
800150b6 22
80045394 22
80044f62 22
80044f9c 22
80044f9a 22
800448fc 22
800448f8 22
80045160 22
80044b4c 22
80044f96 22
80044b48 22
8004494c 22
80044b44 22
80044b3e 22
8004494a 22
80044b3a 22
80044fa0 22
800139a6 22
80044fa6 22
800139a4 22
8004452a 22
800139a2 22
800139a0 22
80044fa2 22
8004496c 22
80044f5a 22
80044b36 22
800453aa 22
80044970 22
80044b50 22
800453a4 22
80044f5c 22
80044b2c 22
80044f60 22
80045398 22
80044506 22
800448b0 22
80044938 22
80012c80 22
80012c82 22
80044f76 22
80044f8a 22
80044f86 22
80044466 22
80012c86 22
80044f72 22
80044f82 22
80044f80 22
80012c8a 22
8004515a 22
80044562 22
80044f7c 22
80044502 22
80044f7a 22
800448a8 22
80044f66 22
800444a6 22
80044492 22
80044818 22
80044f6c 22
8004515e 22
80044f70 22
8004448a 22
80044926 22
80044faa 22
80044f92 22
80044942 22
800448ac 22
8004447e 22
80044f90 22
800444fa 22
80045154 22
80044f8c 22
800139ca 22
80044afe 22
80044b02 22
800139d2 22
80044f4c 22
80044984 22
800448ea 22
800139ce 22
80044f50 22
800449b6 22
80044afc 22
800139c6 22
80044b0c 22
800139c2 22
8004497e 22
800449ae 22
800139be 22
80045158 22
8004497a 22
8004498c 22
80044fc0 22
8004499e 22
800453d4 22
800453ce 22
800453ca 22
80044adc 22
80044992 22
80044ae0 22
80044ae2 22
800139b6 22
800449e0 22
8004514e 22
80044ae6 22
800453c8 22
80044aea 22
8004455a 22
80044988 22
80044af0 22
80044962 22
800453b4 22
80044fba 22
80044fb6 22
80044966 22
80044f52 22
800453b2 22
800139ac 22
800139aa 22
800449e6 22
80044b26 22
80044fb2 22
80044fb0 22
800139a8 22
8004452e 22
80044fac 22
80044c08 22
800453ae 22
80045150 22
80044bd8 22
80044b14 22
800139b2 22
800150b2 22
800139b0 22
80044976 22
80044722 22
800442ea 22
80044b18 22
800447c6 22
8004470a 22
8004453a 22
800453c2 22
800449ea 22
80044b1e 22
800453b8 22
800139ae 22
80044fbc 22
80044784 22
800450e0 22
80049ebc 22
80049eb8 22
80013afc 22
80013af8 22
800450dc 22
80013af4 22
8004478c 22
80049eb2 22
80013af0 22
80044c10 22
8004479e 22
8004431e 22
80044c0c 22
800450da 22
80044bf8 22
80044302 22
80049eac 22
80044bf0 22
800450d6 22
800450d2 22
800450d0 22
800446ba 22
800454d6 22
80049f06 22
80049f02 22
80049efe 22
80049ef6 22
800447d6 22
80049ef2 22
80049eec 22
80049ede 22
800447ce 22
800454da 22
80049ed6 22
800442f6 22
800450e8 22
80049ed0 22
8004454e 22
80049ecc 22
800447b6 22
800447b2 22
800454d2 22
800450e6 22
800454ce 22
8004511e 22
80049ec2 22
80044a02 22
80049e9a 22
80013228 22
8004509c 22
8004474e 22
80044746 22
8004509a 22
8001322a 22
80044742 22
800454c2 22
80045096 22
8004473a 22
800454cc 22
80049e96 22
80044736 22
80045092 22
8001322c 22
8004472e 22
80045090 22
8004508c 22
8001322e 22
8004472a 22
80013230 22
80013232 22
800450b6 22
800450cc 22
80013aee 22
800450ca 22
800450c6 22
800450c2 22
800450c0 22
800447d2 22
80049ea8 22
80013220 22
800450bc 22
800450ba 22
8004511a 22
800450b0 22
80049ea4 22
80013222 22
800450ac 22
800450aa 22
800450a6 22
80049ea0 22
800450a2 22
800450a0 22
80013224 22
80013226 22
80049f36 22
800448e4 22
800444ae 22
8004489e 22
800448ee 22
80045104 22
80045100 22
80049f44 22
800450fe 22
80049f3c 22
800450fa 22
80044890 22
800448e8 22
8004491c 22
80044914 22
80044878 22
80044918 22
80044874 22
8004493c 22
800450f8 22
800445e6 22
80044842 22
800441b4 22
80044838 22
8004510e 22
800448ce 22
80044566 22
800448be 22
80044132 22
800448ba 22
80049f52 22
800448b6 22
80045118 22
80045114 22
80049f4e 22
80045110 22
8004482a 22
800448b2 22
80049f4a 22
8004510a 22
80044900 22
80045108 22
800444ce 22
800444c6 22
8004413e 22
800448da 22
800444ba 22
8004412e 22
800450ec 22
80049f2a 22
800454de 22
80044556 22
80013124 22
80013126 22
80044950 22
800447ec 22
80013128 22
80049f26 22
8001312c 22
80013130 22
800454e6 22
800447e8 22
80013134 22
80013138 22
80049f1e 22
8001313c 22
8001313e 22
800450ea 22
80013140 22
800447e0 22
80049f0a 22
80013142 22
8001311c 22
800454fe 22
8004450e 22
800454f6 22
800454f0 22
8004422a 22
800454ee 22
80013114 22
800450f4 22
80013116 22
80013118 22
8001311a 22
80044726 22
800448c0 22
8001311e 22
80049f32 22
800450f0 22
80044946 22
80013120 22
800450ee 22
80013122 22
80049f2e 22
8004448e 22
80045448 22
8004544e 22
8004501a 22
80045144 22
80045016 22
80044bb8 22
80045012 22
80044a72 22
80014bae 22
80045010 22
8004544a 22
8004500c 22
8004501c 22
80044a62 22
80044854 22
8004462e 22
80044a5e 22
8004500a 22
80044bca 22
80045444 22
80045006 22
80044a96 22
80044a54 22
80044a9c 22
80045030 22
80045138 22
8004503a 22
80045036 22
800443da 22
800443ea 22
800442ba 22
80044834 22
80044776 22
80013112 22
80045032 22
80044a8c 22
8004543e 22
80045452 22
8004502c 22
8004477a 22
8004513a 22
8004502a 22
80045026 22
8004513e 22
80045022 22
80045140 22
8004477e 22
80045020 22
80044fdc 22
80044fea 22
80044fe8 22
80044a42 22
80045424 22
80044fe6 22
80044a3e 22
80044fe2 22
80044fe0 22
80044a34 22
80044aaa 22
80044a22 22
80044fec 22
80044a14 22
800445e2 22
80044aae 22
80044fda 22
80045422 22
80044ab2 22
80044fd6 22
80014bba 22
800442fa 22
8004541e 22
80044a06 22
80044aa4 22
80045002 22
80045000 22
80044ffc 22
80044a50 22
80014bb2 22
80044ffa 22
8004543a 22
80044aa0 22
80044a4c 22
80044bdc 22
80045438 22
800442ae 22
80044ff6 22
80045432 22
80044a48 22
80014bb6 22
800442f2 22
80044616 22
80044aa8 22
80044ff2 22
80044ff0 22
80044a46 22
80045428 22
80044a84 22
8004470e 22
80045066 22
800454ae 22
80044276 22
800454a6 22
80044652 22
800446fa 22
80045062 22
800454a2 22
8004549e 22
80045060 22
800449c8 22
80044954 22
8004505c 22
8004549c 22
8004512e 22
8004505a 22
80045130 22
80045056 22
800449f2 22
80045498 22
800446de 22
80045492 22
80045076 22
8004508a 22
80045086 22
800454be 22
800454bc 22
80045080 22
80045120 22
8004507c 22
80045124 22
8004507a 22
800454b8 22
80044716 22
8004548e 22
80045072 22
80044b30 22
800454b4 22
80045070 22
8004506c 22
80045128 22
8004512a 22
8004506a 22
80044a88 22
800454b2 22
80044712 22
80045042 22
8004504a 22
80044286 22
80044b76 22
800446a6 22
800447fc 22
8004545a 22
800444ee 22
80014ba6 22
80045046 22
80044332 22
800443ca 22
800447f6 22
80045040 22
80044804 22
800443d2 22
80044b88 22
8004429a 22
80044676 22
800444e6 22
80014baa 22
8004503c 22
800442aa 22
8004466e 22
80044a26 22
80045486 22
8004547c 22
80045052 22
8004426a 22
80045478 22
80044632 22
80045476 22
80045472 22
80045050 22
80044b5a 22
80044a1c 22
80044fd2 22
8004504c 22
80045134 22
80044a2a 22
8004546e 22
80044b5e 22
8004546c 22
80045468 22
800444f2 22
80044272 22
80013b12 22
8004416c 22
80044d86 22
80044d82 22
80014fe6 22
80044174 22
80014fe2 22
80044d80 22
80044d7c 22
800452ac 22
800452a8 22
80044d78 22
80044a5a 22
80044d74 22
80044d6e 22
80044772 22
80044d6a 22
80045218 22
8004521c 22
80044d66 22
8004478e 22
80044d64 22
80044d60 22
80044d5c 22
80044166 22
80013596 22
80044d58 22
8004436e 22
800445da 22
80044180 22
80045206 22
80044d90 22
80045208 22
8004459e 22
800445ba 22
8004520c 22
80044d8e 22
800452b2 22
800448dc 22
8004442e 22
80044436 22
80014c9a 22
8004476e 22
8004521e 22
800449c4 22
800452ae 22
8004427e 22
8004520e 22
800449c0 22
80044d8a 22
80044282 22
80045216 22
800442a2 22
80044178 22
800442b6 22
800449bc 22
80045238 22
80044d2e 22
800442d6 22
8004474a 22
800442da 22
800442de 22
80014c9e 22
8001358c 22
8001358a 22
800442e2 22
80013588 22
80013586 22
80013582 22
8001357e 22
80044d32 22
80044d2c 22
8001357a 22
80044d28 22
80013576 22
80044d24 22
8004523c 22
80044d20 22
80044d1e 22
800442e6 22
80014fde 22
8004523e 22
80045242 22
80044d10 22
80044d48 22
80013594 22
80044d56 22
80045222 22
80013592 22
80044d52 22
80045226 22
800442c2 22
800442ca 22
80044d4e 22
80013590 22
8001358e 22
80044d4a 22
80045228 22
80044d94 22
80044766 22
80044d44 22
800442ce 22
8004522c 22
80044d40 22
80044d3c 22
8004522e 22
80045232 22
80044d3a 22
80045236 22
80044762 22
80044d36 22
800470d8 22
80044dd4 22
800451de 22
80044dd0 22
800451e0 22
80044dcc 22
800443d6 22
800470e4 22
80044dc8 22
800470e0 22
800470dc 22
8004421e 22
800451e4 22
80044dc6 22
800470e8 22
80044dc2 22
800443de 22
80044dbe 22
800470d4 22
80044216 22
800470d0 22
800470cc 22
800470c8 22
800443e2 22
800451e6 22
800441d2 22
80044db8 22
800470c4 22
800470f0 22
800451ca 22
80049f96 22
800441b2 22
80044dfe 22
80044dfa 22
800470f4 22
800451ce 22
80044df6 22
800451d0 22
800452c6 22
80044df2 22
80044df0 22
800451d4 22
800443e6 22
800470ec 22
800451d8 22
80044dec 22
80044de8 22
800441ba 22
800451da 22
80044de4 22
800443ce 22
80044de2 22
80044dde 22
80044dd6 22
8004465a 22
80044242 22
800441c2 22
800449fc 22
800441b6 22
80014fea 22
80044212 22
800445d6 22
800445d2 22
8004421a 22
800445b2 22
800451f2 22
80044da6 22
800451f6 22
8004423e 22
80044206 22
800451f8 22
80044da2 22
80044246 22
800451fc 22
80014c96 22
800448c4 22
80044d9c 22
800451fe 22
80044d98 22
80045202 22
800452b6 22
800449d8 22
800445a2 22
800451ec 22
800470c0 22
8001522a 22
8004463a 22
800470bc 22
800441e2 22
80044db4 22
80044db0 22
800452c2 22
800452be 22
800470b8 22
800441f4 22
800441e4 22
80044dac 22
80044d0c 22
800470b4 22
8004461a 22
800452bc 22
800452b8 22
80044daa 22
8004460e 22
800441d6 22
800451ee 22
800441fe 22
80014c92 22
80044202 22
800445f6 22
80044c40 22
80012e5a 22
80012e5e 22
8004451e 22
80044516 22
80044c48 22
80044512 22
8004450a 22
80044482 22
8004446a 22
800444fe 22
80044c44 22
80044532 22
80012e62 22
80012e56 22
800444f6 22
80044462 22
80014cae 22
800444ea 22
80012e64 22
80044c3a 22
80044396 22
80044c36 22
800444e2 22
80014caa 22
800444de 22
80012e66 22
80012e68 22
8004438e 22
80012e3a 22
80044c64 22
80012e3c 22
80012e3e 22
80012e40 22
80044c60 22
80012e42 22
80044546 22
80012e44 22
80012e46 22
80044542 22
80044c5c 22
80044386 22
8004480a 22
80012e48 22
80044c56 22
80044c52 22
80012e4a 22
8004453e 22
80044c4e 22
80044522 22
80012e4c 22
8004527c 22
80044c4c 22
80012e4e 22
80012e52 22
8004442a 22
80044824 22
8004528c 22
8004444a 22
800443f6 22
80044446 22
80044442 22
80044426 22
8004528e 22
8004443e 22
80014ca6 22
80045292 22
80045296 22
80044432 22
80044452 22
80044422 22
8004441e 22
80044850 22
800443f2 22
8004440e 22
800443fa 22
80045298 22
80044342 22
80044406 22
800443fe 22
8004483c 22
8004440a 22
80044402 22
80044c2c 22
800444d6 22
800444d2 22
80044c32 22
80044888 22
80044c30 22
800444ca 22
8004480e 22
800444c2 22
800444be 22
800444b6 22
800444b2 22
800444aa 22
80044812 22
8004437a 22
8004527e 22
8004449e 22
8004444e 22
80044816 22
80044820 22
80044486 22
80045288 22
8004447a 22
8004443a 22
800443ee 22
8004445a 22
8004485e 22
800452a2 22
80013558 22
800443c6 22
8004524c 22
80044cde 22
80044cda 22
80044472 22
80044cd8 22
80044476 22
8004431a 22
80045252 22
80044cd4 22
80044322 22
800445ae 22
80044ce6 22
80044cd0 22
800445a6 22
80044ccc 22
80045256 22
8004493e 22
80044cca 22
80045258 22
80044cc6 22
8004525c 22
80044904 22
80044cc2 22
800444da 22
80044cbe 22
80044cfa 22
80013572 22
8001356e 22
80044d08 22
8004438a 22
8001356a 22
80044d04 22
80013566 22
80013564 22
80013562 22
80044d02 22
80013560 22
80044cfe 22
8001355e 22
80044596 22
80044cf6 22
8004430a 22
80044cf4 22
80045246 22
80044cf0 22
8001355c 22
800452a6 22
80044cec 22
8001355a 22
800445c6 22
80045248 22
80044ce8 22
80014ca2 22
8004526e 22
80044526 22
80044572 22
80044c8e 22
80044c8a 22
8004435e 22
80045272 22
80044362 22
80044c86 22
8004436a 22
80044c84 22
80044c80 22
8004456a 22
8004529c 22
80044c7c 22
80044c78 22
80045276 22
80044958 22
80044c72 22
80044c6e 22
80044372 22
80044c6a 22
80045278 22
80044c68 22
80044376 22
80044552 22
80045266 22
80044cbc 22
8004525e 22
80044cb8 22
80044cb4 22
8004529e 22
80045262 22
8004458e 22
80044cb0 22
80044cae 22
8004458a 22
8004451a 22
80044caa 22
80044352 22
800452c8 22
80044ca6 22
80045268 22
80044ca2 22
80044ca0 22
8004449a 22
80044c9c 22
8004526c 22
80044c98 22
80044356 22
80044c94 22
80044c92 22
80044576 22
8001383c 22
80044ed2 22
80013848 22
80045442 22
800443ae 22
80013844 22
80044ed0 22
80044152 22
80013842 22
80045180 22
80045434 22
80013840 22
8001383e 22
80044bbc 22
800443b6 22
8001383a 22
80013838 22
80015096 22
80013836 22
8004536a 22
80013834 22
80044ecc 22
80044bc0 22
80044156 22
80044326 22
80045184 22
800446ea 22
80044ec8 22
80044ee0 22
8004441a 22
8004547e 22
80045466 22
8004536e 22
80044416 22
80044412 22
80044ee8 22
80045178 22
80045462 22
80044ee6 22
80045458 22
80044832 22
80044ee2 22
8004415a 22
8004455e 22
80044142 22
8004517a 22
80044edc 22
8004482e 22
80044826 22
80044ed8 22
8004517e 22
80045454 22
80044146 22
8004414a 22
80044ed6 22
80044eb0 22
80045412 22
80044eb6 22
80045368 22
80045364 22
800443be 22
80045404 22
80044bde 22
80044382 22
800453ee 22
80044eb4 22
800447e4 22
8004428a 22
800442d2 22
8004428e 22
80015092 22
800447dc 22
80044eac 22
800442ee 22
80045362 22
80044ea8 22
800443a2 22
800453da 22
80044974 22
8004439e 22
8004454a 22
80044e9e 22
800453d2 22
80044800 22
80045188 22
80012f66 22
80044ec4 22
8004542e 22
80013832 22
80044ec2 22
80013830 22
80012f62 22
80044808 22
8001382e 22
80044bc2 22
80044ebe 22
8004415e 22
80044eec 22
80044eba 22
8004518a 22
8004429e 22
80044bce 22
80012f5e 22
800443c2 22
80044296 22
80044162 22
80045418 22
800447f2 22
80012f5c 22
80044bd4 22
80015232 22
80045384 22
800445de 22
80015098 22
80044f1c 22
80044a00 22
80044b7c 22
800448a2 22
80044b80 22
800445be 22
8004446e 22
80044b84 22
800150a6 22
80015236 22
800445ea 22
80044b8a 22
800150a2 22
80044894 22
800445aa 22
80044f1a 22
8001522e 22
80044b8e 22
80044f16 22
8004459a 22
800150a0 22
8004445e 22
80044968 22
8004488c 22
80044f2c 22
80044f36 22
8004538a 22
80044b68 22
80045164 22
800449a4 22
80044b6e 22
80044f32 22
800449a8 22
800150ae 22
800444a2 22
80044b72 22
80044f30 22
80045388 22
80015226 22
80044496 22
8004467e 22
800445b6 22
8004465e 22
80044f26 22
80044b7a 22
800150aa 22
80045168 22
800449f4 22
800445ee 22
80015094 22
80044f20 22
80044ef6 22
80044ba0 22
80044ba4 22
80044f02 22
80045382 22
80044f00 22
8004537e 22
8004537a 22
80044efc 22
80045170 22
80044baa 22
80045378 22
80045374 22
80044efa 22
8004516e 22
80044bae 22
80044ef2 22
80045372 22
80044ef0 22
80045174 22
80044bb2 22
8001509a 22
80013852 22
80044eee 22
80013850 22
8001384e 22
8001384c 22
8004484e 22
8004487a 22
800150a4 22
800150a8 22
80044456 22
80044f12 22
800454fc 22
80044b92 22
80044f10 22
80044536 22
800454f2 22
800454ea 22
80044b96 22
800454e0 22
8004516a 22
800447ca 22
800454c8 22
800150b8 22
80044f0c 22
800454c4 22
80044b98 22
800454ac 22
800454a8 22
80044b9c 22
80044f06 22
80045496 22
8004548c 22
8001509e 22
8004419a 22
80049fc0 22
80049fbe 22
8004530a 22
80044e3c 22
8004418e 22
800451a4 22
80045308 22
80049fbc 22
80049fba 22
80045304 22
80045302 22
80049fb8 22
80049fb6 22
800446be 22
800452fe 22
8004439a 22
80049fb4 22
80049fb0 22
80044e38 22
80049fac 22
80049faa 22
8004427a 22
800441aa 22
80049f9e 22
80044858 22
80044e36 22
800451a8 22
8004519e 22
80045328 22
80044e54 22
800442a6 22
80044e52 22
80045324 22
80045322 22
8004531e 22
800446d2 22
8004531a 22
80044e4e 22
800446ce 22
80045318 22
800446ca 22
80044e32 22
80045314 22
800446c6 22
80044e4a 22
80044e46 22
80044e44 22
8004418a 22
80044840 22
80044e40 22
800451a0 22
80045312 22
80044292 22
8004530e 22
800452d6 22
800452e6 22
800443b2 22
80044e12 22
80044e0e 22
800452e2 22
80044686 22
800452de 22
8004424e 22
800451ba 22
80044e0c 22
8004467a 22
800452dc 22
800452d8 22
80044e16 22
80044672 22
80049f98 22
800451be 22
800452d2 22
80044e08 22
800452ce 22
800443ba 22
800451c0 22
800451c4 22
80044e04 22
800451c8 22
80044e00 22
800452cc 22
800451b0 22
80044e2e 22
800451aa 22
800443a6 22
80044e2a 22
80044e28 22
80044862 22
80044e24 22
800451ae 22
800443aa 22
800452fa 22
80044e20 22
800452f8 22
800452f4 22
80044e58 22
800452ee 22
800452ea 22
80044866 22
8004426e 22
80049f9a 22
8004469e 22
80044e1c 22
800452e8 22
800451b8 22
8004425a 22
8004486a 22
80044e1a 22
8004420a 22
80044be6 22
80044bea 22
80044252 22
80044bfa 22
80044bfe 22
80044236 22
8004535a 22
80045358 22
80012f52 22
80044e8c 22
80045354 22
80012f50 22
80045352 22
800446b2 22
80012f4e 22
80044666 22
80044c02 22
8004539e 22
80044c06 22
8004432a 22
80012f4c 22
8004534e 22
80012f4a 22
80012f48 22
8004464e 22
8004539a 22
80044e8a 22
80044e94 22
80044e9a 22
8004535e 22
80012f5a 22
80012f58 22
80044392 22
800453be 22
80012f56 22
80012f54 22
8004437e 22
80044366 22
80012e38 22
80044e98 22
8004518e 22
80044c16 22
800453ba 22
80044788 22
80044e90 22
800453a2 22
8004433e 22
80044c28 22
8004433a 22
8004476a 22
8004475e 22
8004475a 22
80044be2 22
800446b6 22
80044e66 22
80045338 22
80044e78 22
800441be 22
800445fa 22
8004434a 22
80044e74 22
80044e70 22
80045194 22
800441a2 22
80045334 22
80044e6e 22
80049fc6 22
80044e6a 22
800445fe 22
80045332 22
8004519a 22
80044e62 22
8004532e 22
80044186 22
800442b2 22
80044e60 22
80049fc4 22
8004532a 22
80044e5c 22
8004481c 22
80049fc2 22
800441c6 22
80045190 22
80044e86 22
8004464a 22
80044e82 22
80045348 22
80045344 22
80044c1a 22
80044182 22
80044e7e 22
80045342 22
80044642 22
80044c1e 22
80044c22 22
80044782 22
80044312 22
8004430e 22
80044622 22
80044732 22
8004533e 22
80049fc8 22
800442c6 22
80044e7c 22
800446f6 22
8004533a 22
800446f2 22
80044602 22
80049eea 22
80044b42 22
8004463e 22
80049efa 22
80049ef4 22
800446c2 22
800446d6 22
800446da 22
80049eee 22
80049efc 22
800446e2 22
80049ee6 22
800446e6 22
800446ee 22
800446fe 22
80049ee4 22
80044702 22
8004423a 22
80049f1c 22
80049f3e 22
80044266 22
80044662 22
80049f38 22
80044262 22
80049f28 22
80049f24 22
80049f20 22
80044706 22
8004471a 22
8004425e 22
80049f18 22
80049f14 22
80049f10 22
80049f0c 22
80049f04 22
800447ae 22
80049ece 22
80014bb8 22
800447a6 22
80049eca 22
800447aa 22
80049ec8 22
80014bb4 22
80049ec4 22
800447a2 22
80014bb0 22
800447d8 22
80049ec0 22
800447ea 22
800447ee 22
800447fa 22
80044846 22
80014bc8 22
8004471e 22
80044232 22
8004473e 22
80044752 22
80049ee0 22
80049edc 22
8004422e 22
80044756 22
8004420e 22
80014bc4 22
80049ed8 22
80044792 22
80014bc0 22
80044796 22
80049ed4 22
80049ed2 22
80049f78 22
800441c4 22
80049f76 22
80044682 22
80049f80 22
80049f82 22
80044ab8 22
800441ca 22
80049f86 22
80049f88 22
80044b52 22
80049f92 22
80049f74 22
80044a76 22
80049f70 22
80049f6c 22
80014ca4 22
80044656 22
80044c76 22
80049f62 22
80049f66 22
80049f6a 22
80044c5a 22
80044c3e 22
80044bc6 22
80044b56 22
800441ce 22
8004419e 22
80044a8e 22
80044a92 22
800441a6 22
800441b8 22
80049f90 22
80049f6e 22
80049f42 22
80044256 22
800441e6 22
800446a2 22
80044c14 22
8004432e 22
80049f48 22
80014c9c 22
80044c24 22
8004424a 22
80044336 22
800441ec 22
80044346 22
8004434e 22
800446aa 22
800441f0 22
800441f8 22
80014c98 22
80049f64 22
80014ca0 22
80049f60 22
80044b22 22
80044136 22
80044b1a 22
80044aee 22
80049f5c 22
80049eba 22
8004413a 22
80049f58 22
80014c94 22
800441da 22
80014c90 22
80049f54 22
8004469a 22
8004414e 22
8004534a 22
80044316 22
800441fa 22
800441e8 22
800441de 22
800441ae 22
80044192 22
8004416a 22
80044a80 22
80044abc 22
80044aca 22
80044af4 22
80044af8 22
8004460a 22
80044b28 22
800448f6 22
80044d9e 22
80015224 22
80015230 22
80044a0e 22
80044a1e 22
80044a2c 22
8001522c 22
80044a30 22
80044a38 22
80015228 22
80044dba 22
8004435a 22
80044a68 22
8004542a 22
800453c4 22
80044a6c 22
80044a70 22
800453a8 22
80044bd0 22
80044b6c 22
80044f2a 22
800450e2 22
800445f2 22
80044f56 22
8004492a 22
80044ba6 22
80044bb4 22
80044f22 22
80044f6a 22
80045082 22
8004492e 22
800450b2 22
800449dc 22
80044990 22
800449ac 22
8004524e 22
80044920 22
80044dda 22
800452f2 22
800452e4 22
80045286 22
80045282 22
80044ea2 22
80044b34 22
80015234 22
80045212 22
80044ea6 22
80044f0a 22
800451e8 22
800451b4 22
80044b64 22
80045198 22
800448c8 22
8004489a 22
80049e94 22
8004417e 22
800448d2 22
80049e92 22
800448a4 22
80044636 22
800448d6 22
80049e98 22
800454f8 22
80044226 22
800454e4 22
80045488 22
80044222 22
80044b10 22
80045482 22
80014ba8 22
80049eb6 22
80049eb0 22
80014bac 22
8004484a 22
8004485c 22
8004486c 22
80049eaa 22
80044870 22
800448cc 22
80049ea2 22
8004487e 22
80044882 22
80049e9e 22
80049e9c 22
80044886 22
80044896 22
8004495e 22
80044a3a 22
80044934 22
8004495a 22
80044a56 22
80044168 22
8004416e 22
80044170 22
80044a18 22
80044a7a 22
80044a10 22
80044996 22
8004499a 22
8001509c 22
80014bbc 22
800449d2 22
800449d6 22
80044ad8 22
80044906 22
80044b0a 22
8004545e 22
8004490a 22
80044b06 22
8004490e 22
800448f2 22
80044612 22
80044d1a 22
8004417a 22
80044912 22
80044a64 22
80044922 22
80015238 22
80044ace 22
80044a9a 22
80044ce2 22
8004462a 22
80044d72 22
8004479a 22
80044196 22
80044696 22
80014fe0 22
8004466a 22
80044606 22
800446ae 22
8004468e 22
80044626 22
80044646 22
80044d16 22
800447be 22
80044d12 22
8004461e 22
80044692 22
80044a7e 22
8004468a 22
800447ba 22
8004a24c 28
8004a2c8 28
8004a250 28
8004a254 28
8004a2d0 28
8004a24a 28
8004a2cc 28
8004a2c6 28
80049370 30
800491a8 31
80049198 31
80047d9e 31
80047daa 31
80047ace 31
80047b6e 31
80049192 31
800491c4 31
800479e2 31
80047970 31
8004917e 31
80047dd4 31
8004927a 31
8004784a 31
80047b6a 31
800491a4 31
800492a4 31
80047d9a 31
800477d8 31
80047b72 31
80049010 31
80047f58 31
80048e76 31
80047cde 31
80047dd0 31
800477dc 31
80047c16 31
80048d4e 31
80047b7a 31
80048e72 31
80047abe 31
80049172 31
80047b62 31
8004917a 31
80049176 31
80048c64 31
80047de0 31
80047bf6 31
80048c68 31
80047de4 31
80047b32 31
80048e7a 31
80047b2e 31
8004916e 31
80048e7e 31
8004916a 31
80048000 31
80047962 31
80047b2a 31
80049166 31
80047bfe 31
8004918e 31
80048df4 31
8004918a 31
80047b66 31
80048c62 31
80047a02 31
80047f6a 31
80047dd8 31
80047f84 31
80048c5e 31
80047bfa 31
80049012 31
80047d6e 31
80047ddc 31
80047ff8 31
800491c0 31
80047f54 31
80049074 31
80048d3e 31
80048d36 31
80047b76 31
80047f6e 31
80048d3a 31
800491d2 31
80047f70 31
80048c5a 31
80049068 31
80048df0 31
80048f3c 31
80047fdc 31
8004790a 31
8004928c 31
80047d8a 31
80047d92 31
8004906c 31
80047c3e 31
80047c9e 31
80047ffc 31
800491c8 31
80047ac6 31
80047bca 31
80048e22 31
80047ab2 31
80048c54 31
800491f2 31
80047a66 31
80047d96 31
80047d72 31
80049286 31
800491ee 31
80047d82 31
800491ea 31
80048c80 31
80048d32 31
80048c56 31
80047aba 31
80048054 31
80047922 31
80047c76 31
800490cc 31
80048c5c 31
80047c72 31
80048e9e 31
80048e82 31
800491c2 31
80048d4a 31
80047c1e 31
80047c6e 31
80047c6a 31
80049282 31
80047f74 31
80049294 31
80049064 31
80047c1a 31
80049070 31
80047c9a 31
80047ab6 31
800491cc 31
80049284 31
80047a5e 31
80049102 31
80047c96 31
80047f86 31
80047da6 31
80048024 31
80048d46 31
80047d8e 31
80049290 31
80047da2 31
80047c2a 31
80047c7e 31
80047c7a 31
80048c88 31
80047ea8 31
80048fea 31
800492b4 31
80047ec4 31
80047ed8 31
80047c3a 31
80047c36 31
80047efe 31
800477ba 31
80047e24 31
80047f0a 31
80047fb6 31
80047a0c 31
800477e2 31
80049164 31
80047f32 31
800477e6 31
80047c32 31
80048fee 31
80047b0a 31
80048df8 31
80047c4a 31
80049078 31
80049186 31
8004907c 31
80047e10 31
80047c46 31
80047ae6 31
80047f48 31
800491b4 31
800479be 31
80048f40 31
80047c42 31
80047bd2 31
80047e14 31
80047fb2 31
80047f24 31
800490dc 31
800490ec 31
800492c8 31
800479c0 31
8004807e 31
80047fc2 31
800490e8 31
800492cc 31
80047bb6 31
80048fe6 31
80047bbe 31
800490c8 31
800492d0 31
80047ad4 31
800477f2 31
800492d4 31
800492d8 31
800491b0 31
800477f6 31
80047fba 31
800480a6 31
80047f5a 31
800477ea 31
80047bce 31
80048e92 31
800477ee 31
80047bc6 31
800490f2 31
80047f5e 31
80048030 31
800492b8 31
80047f66 31
80048f44 31
800492bc 31
80047ad8 31
80047a40 31
800492c0 31
800492c4 31
8004913a 31
80047bea 31
80047db2 31
80047c66 31
80049006 31
80048e86 31
8004915a 31
80048c70 31
80047b1e 31
80047c62 31
80047864 31
80047c5e 31
80047ebc 31
80048e8a 31
80047dec 31
80049002 31
80049128 31
80048ffe 31
80047c5a 31
80049162 31
80047b26 31
80048e26 31
800479b8 31
80048c6a 31
80048c6c 31
80047bee 31
8004795e 31
80047f44 31
80048d1e 31
80047eac 31
80047a50 31
80047d66 31
80047ec0 31
800492a8 31
800491bc 31
80047d86 31
8004915e 31
80048c6e 31
80047dfc 31
800490fe 31
80047c52 31
80047e44 31
80047bda 31
800490fa 31
80047df8 31
80047f40 31
80049182 31
800491b8 31
80048ff8 31
80047e4c 31
800490f6 31
80047ea4 31
80047f9a 31
80048e8e 31
80047e0c 31
80047c4e 31
80048ff4 31
80047df4 31
800479bc 31
80047df0 31
80049124 31
80048ffc 31
80049116 31
80047be6 31
80047f96 31
80049110 31
80047de8 31
80049016 31
80049106 31
800492ac 31
80047c56 31
800492b0 31
80047bde 31
80047e40 31
80048004 31
80047ce6 31
80047d36 31
800492be 31
800492ba 31
800477c4 31
80047a82 31
80048e5a 31
80047c0e 31
8004794c 31
80047ce2 31
80047f06 31
80047a62 31
80048cae 31
800479a6 31
8004923c 31
80047a9a 31
80047f3a 31
800492a0 31
80047f02 31
80049054 31
80047980 31
80048edc 31
80047cf6 31
80049238 31
80048ed8 31
80049346 31
80049342 31
80047950 31
80049050 31
80047cee 31
80047fa0 31
80047f0e 31
80047cea 31
80047ff4 31
80049310 31
80047fa4 31
800492fc 31
80048caa 31
80047d32 31
80047bd6 31
80047d3a 31
80047be2 31
80047d3e 31
80048d42 31
80047d42 31
80047988 31
8004798c 31
80047860 31
80049288 31
80047bf2 31
80048f58 31
80049248 31
80048cba 31
80047ef4 31
8004927e 31
80048ebe 31
800491f4 31
80047f4c 31
80048d22 31
80049058 31
80048ed0 31
800479aa 31
80048c7a 31
80047c02 31
80047948 31
80047f3e 31
80047a86 31
80048cb2 31
80047f9c 31
8004934a 31
80047cda 31
8004929c 31
80048ecc 31
80047a9e 31
80049008 31
80049298 31
80049244 31
80049208 31
80047fd4 31
80049228 31
8004922c 31
8004910e 31
8004785c 31
80047fcc 31
80047974 31
800477bc 31
80047d0a 31
80048ef0 31
80048ef4 31
80047f2a 31
80047d12 31
800479a2 31
800490e6 31
80047d16 31
80048c72 31
80047968 31
80048d2e 31
80048e5e 31
80049210 31
80047aca 31
80047d06 31
80047fbe 31
80047838 31
80047a96 31
80047fc8 31
80047d0e 31
80048ef8 31
80049214 31
80047f2e 31
80049218 31
80047d1e 31
80047854 31
800490ee 31
8004921c 31
8004920c 31
80049220 31
80049224 31
80047954 31
80048c96 31
80048058 31
80049234 31
80048c76 31
80047c8a 31
80048c78 31
80048d2a 31
80047f12 31
80047cf2 31
80047d2e 31
80049368 31
8004934e 31
80048ee0 31
80047834 31
80047cfe 31
800490e4 31
80047cfa 31
80048e1e 31
80047c8e 31
80047964 31
80047d1a 31
80047fd8 31
80047fac 31
80049230 31
80047a34 31
80047d22 31
80049112 31
80047d26 31
80047870 31
80048f54 31
800477c0 31
80047d2a 31
80047d02 31
8004790e 31
80047f36 31
80047fa8 31
80047958 31
80049202 31
80047b9e 31
80047976 31
80048e52 31
80049262 31
800477b8 31
80048cf6 31
80047b96 31
8004797c 31
80048d96 31
80049206 31
80048cfa 31
80048cfe 31
80048d02 31
80047cca 31
8004905e 31
80048e6a 31
80047b7e 31
80048e6e 31
80048d06 31
80047874 31
80047ca6 31
80048e16 31
80048ea6 31
8004922a 31
80048cee 31
80047ca2 31
80048ea2 31
800477d0 31
80049258 31
80047ee4 31
800491d6 31
80048c82 31
80048d8a 31
80048cf2 31
80047f8a 31
8004925e 31
80047d76 31
80047ee8 31
80047c82 31
80048c66 31
80048e4e 31
80048f68 31
80048c60 31
80048d16 31
80048d1a 31
80047c86 31
80047d5e 31
80047d6a 31
800491f6 31
80047f28 31
80047aa2 31
800491ce 31
800490d0 31
80047d7a 31
80048f38 31
80048c58 31
80048d26 31
800490d4 31
800491fe 31
80047c92 31
80047a6a 31
80049060 31
80047f62 31
80047d56 31
80047edc 31
800491fa 31
80048d0a 31
80047850 31
80047cc6 31
80049266 31
80048d0e 31
800477d4 31
80048d12 31
800479b6 31
80047d5a 31
80048cb6 31
80048eba 31
800491de 31
8004799a 31
80047a7e 31
8004924c 31
8004799e 31
80047cce 31
80048e56 31
80047d62 31
80047830 31
800491e2 31
8004900c 31
800479ac 31
80047cc2 31
80047f8e 31
800490e0 31
80047bae 31
80047cbe 31
800491da 31
80049272 31
80048cc6 31
80047cd6 31
80047d46 31
80048e1a 31
80047f92 31
80048cbe 31
80048cc2 31
800491e6 31
80049276 31
80048c7e 31
80047a7a 31
80047f50 31
80047d4a 31
80047ef0 31
80048cca 31
80048cce 31
80047996 31
80047cd2 31
80048e62 31
80048ce6 31
80049252 31
800490d8 31
80047baa 31
8004924e 31
80048cde 31
80048ce2 31
80048d86 31
80049240 31
800477cc 31
80047d4e 31
80048cea 31
80047ba6 31
80047cae 31
80047d52 31
800479b2 31
80049256 31
80047caa 31
80048c86 31
80048f50 31
80047eec 31
80048cd2 31
80048cd6 31
80048eb6 31
8004926e 31
800477c8 31
8004926a 31
8004925a 31
80047cba 31
80047d7e 31
800479b0 31
80047aa6 31
80048cda 31
80047cb6 31
80047cb2 31
80048f64 31
80047912 31
80048e66 31
8004792e 31
80049356 31
80048dc2 31
80048f5c 31
80048046 31
80048dc6 31
80048f48 31
80047e74 31
80047a8c 31
80048f36 31
80048f60 31
8004935a 31
80048dca 31
80047e78 31
8004935e 31
80048f32 31
80047f1c 31
80048fb0 31
80049362 31
80048dce 31
800480b8 31
80048db6 31
80049334 31
8004913c 31
80049336 31
80048dba 31
80047844 31
8004933a 31
80047e6c 31
8004933e 31
80047e7c 31
80047b36 31
80048f6e 31
80048dbe 31
80047a90 31
80047e70 31
80049352 31
800478c8 31
80049026 31
80048064 31
80048f16 31
80047e88 31
80048dde 31
80047880 31
80047b1a 31
800479ea 31
80049034 31
8004804a 31
80048fac 31
80048f1a 31
80047e8c 31
80048072 31
80047b16 31
80048de2 31
80049038 31
80048f12 31
80047e90 31
80048f0e 31
80048f0a 31
80048dd6 31
80048f2e 31
80049366 31
800490c0 31
80048dd2 31
8004936c 31
80048f2a 31
80047e80 31
800479e6 31
80047e84 31
80047b3a 31
80048050 31
80048dda 31
80048f26 31
80048f22 31
80048dfc 31
8004780a 31
80048f1e 31
80047b22 31
80048d92 31
80048d8e 31
80047b4a 31
80049144 31
80047b02 31
80047f20 31
80048068 31
80047b46 31
80048fd6 31
80047ae4 31
80047fe2 31
80049140 31
80047a30 31
8004802c 31
80047ae0 31
80047b42 31
800478c0 31
80048fc0 31
80048d9a 31
80047fd0 31
80048fda 31
800478b4 31
800478d6 31
80047b52 31
80048fe2 31
80047a16 31
80048022 31
80048d7e 31
80048fde 31
8004798e 31
80048fd2 31
80047b4e 31
80047e5c 31
80047992 31
80047e60 31
80048028 31
80048d82 31
800478bc 31
80047e64 31
80048dae 31
80047806 31
80048da6 31
8004901c 31
80048fbc 31
80048f88 31
80048042 31
80048daa 31
80048f7e 31
80047e68 31
80048f8c 31
80048f4c 31
800490c4 31
80048f72 31
80047aa8 31
80048db2 31
8004932c 31
80049020 31
80047a94 31
80049330 31
80047902 31
80048fba 31
80049190 31
80047adc 31
80047ab4 31
80047ab0 31
80048fb6 31
80047dce 31
80047b3e 31
80048d9e 31
80047a38 31
80048fb2 31
80047aac 31
80048f90 31
8004786c 31
800478c4 31
80048da2 31
80047e50 31
80048e32 31
80047e08 31
80047eb4 31
80047a46 31
80047a06 31
80047e04 31
80047a1a 31
80048f82 31
80047af6 31
800478e8 31
80047a42 31
800480a0 31
80047eb8 31
80048ca2 31
80047840 31
80047a28 31
80047a1e 31
80047af2 31
80047900 31
80049048 31
80047e18 31
80048e46 31
80047afe 31
800490b8 31
80048f76 31
800479de 31
80047a14 31
80049194 31
80047a5c 31
80047afa 31
80048034 31
80047e1c 31
80049044 31
80047a58 31
800478cc 31
80047a54 31
80048eca 31
80047a4e 31
80047a4a 31
80048f84 31
80047a24 31
80048f7a 31
800480ba 31
80048ec2 31
80047f78 31
80047f7c 31
80048098 31
80047f80 31
80049082 31
80047fb0 31
8004919c 31
80047e38 31
8004904c 31
800491a0 31
80047ed0 31
800479ec 31
8004808a 31
80047942 31
80048038 31
80047a2c 31
800490b4 31
80047a22 31
80047ef8 31
80048ec6 31
8004809c 31
80047ee0 31
80047aee 31
8004780e 31
80047e20 31
80047ec8 31
800480aa 31
80047ecc 31
80047e34 31
80048e4a 31
80049088 31
80047aea 31
800480b6 31
80047ed4 31
80048086 31
80048dfe 31
80047e98 31
80047a78 31
800479f8 31
80048c9a 31
80048efa 31
80048fa0 31
80048eec 31
800478a6 31
80047e9c 31
80048efe 31
80048f9c 31
80048ee8 31
8004806e 31
80048e06 31
80048e0a 31
800479fa 31
80048e0e 31
80048e12 31
80048ee4 31
800491ac 31
80048f06 31
800479f0 31
80048fa8 31
80049138 31
80048de6 31
8004903c 31
80048f02 31
80048dea 31
80049134 31
800480b0 31
80049130 31
80047a88 31
80047e94 31
800480b4 31
80048dee 31
800479f4 31
80048fa4 31
8004806a 31
8004803e 31
80048096 31
80048f94 31
80047a70 31
80049040 31
80048ca6 31
80049122 31
800480a2 31
80047a08 31
80047f14 31
80048092 31
80048ed4 31
80048e3e 31
8004789a 31
800490bc 31
80047efc 31
80047a10 31
80047eb0 31
80048e42 31
80047a6c 31
80047e00 31
80048e2a 31
80048f98 31
80047f18 31
80048e2e 31
8004912c 31
80047e48 31
80048076 31
80047ea0 31
8004807a 31
80047bb2 31
800479fe 31
80048e3a 31
800480ac 31
80048e02 31
80047a74 31
80048080 31
80048084 31
8004808e 31
8004907e 31
800479d0 31
80047c26 31
8004904a 31
8004905c 31
800478fa 31
800490b2 31
800478e2 31
80047ff2 31
800478f6 31
80047b8a 31
80048eb2 31
800478f2 31
800490ae 31
800479ce 31
800478ee 31
80047c2e 31
800478ea 31
800490aa 31
8004804e 31
80047e28 31
80048fc8 31
80047b86 31
80048e36 31
80047fee 31
800478d2 31
8004789c 31
8004782c 31
8004801e 31
80047b82 31
80049086 31
80047ad2 31
8004902c 31
800479c6 31
80048d56 31
80047b92 31
8004791e 31
80047e3c 31
80049328 31
80048060 31
80047dc2 31
8004791a 31
80047dba 31
8004781a 31
80048e96 31
80049030 31
80049324 31
800478ce 31
800479d4 31
80048d52 31
80049320 31
80047916 31
8004903a 31
80048c9e 31
80047906 31
8004931c 31
80047dbe 31
80048fc4 31
8004781e 31
80047b8e 31
800478fe 31
800478ba 31
80047876 31
8004782e 31
80047bba 31
80047e2c 31
80047c12 31
800490a6 31
80047824 31
80047bc2 31
80047820 31
80048e9a 31
80048fd0 31
80047c06 31
8004787a 31
80049318 31
80047a3c 31
8004911e 31
80047886 31
80047fde 31
80049092 31
80047c0a 31
8004786a 31
8004910a 31
80047e30 31
800490a2 31
8004909e 31
80049096 31
800479ca 31
8004805c 31
80048c92 31
8004909a 31
80047866 31
80049314 31
800478b6 31
80049308 31
80047896 31
8004783c 31
800478aa 31
80047c22 31
8004800c 31
80048eae 31
80047894 31
80047890 31
8004788c 31
8004930c 31
80047884 31
8004787c 31
800492dc 31
80047b0e 31
80048fcc 31
80047846 31
8004784c 31
80048eaa 31
8004908a 31
8004803a 31
8004911a 31
80047856 31
80047b12 31
8004785a 31
80047832 31
8004908e 31
8004788a 31
800479c2 31
8004797a 31
8004793e 31
800492e0 31
800492f4 31
80047dca 31
80048012 31
80049300 31
8004793a 31
80049304 31
80047ba2 31
80048d62 31
80047a32 31
8004796e 31
80048d5e 31
80048d7a 31
80049150 31
80047936 31
80047db6 31
80047b9a 31
8004800e 31
80048d5a 31
80048d6a 31
800477fe 31
80048ff2 31
800492e8 31
8004914c 31
800492e4 31
80048d76 31
80047918 31
80049018 31
80047fc6 31
80047802 31
80048c90 31
800492ec 31
80047946 31
80047812 31
800492f0 31
800478a4 31
80048016 31
8004795a 31
80048d66 31
800478de 31
80047dc6 31
80049158 31
80047932 31
800478da 31
80047fea 31
80047b5e 31
80047b06 31
8004801a 31
800477fa 31
80047dae 31
800478b0 31
80049154 31
8004796a 31
8004792a 31
80049028 31
80047828 31
800478e6 31
800478a0 31
80047926 31
80048d6e 31
80047e54 31
800479d8 31
800492f8 31
800477e0 31
80048f6c 31
80049024 31
80048008 31
80047b56 31
80047b5a 31
80047930 31
80049148 31
80047ac2 31
800478ac 31
80047816 31
80047fe6 31
80047982 31
80048c8c 31
80047e58 31
800490b6 31
80048d72 31
800479dc 31
80047986 31
80018562 32
8002884c 32
80018f20 32
8001a726 32
8001218c 32
80017f10 32
80024fc2 32
80016660 32
80024f94 32
80024fbe 32
800290c4 32
8001f2c8 32
80024ef0 32
80024fba 32
8001543c 32
80024fb8 32
800290fc 32
800121ce 32
80023ce8 32
8002149a 32
80019734 32
8001c17e 32
80024f8a 32
800152be 32
8001c908 32
8001c8a8 32
80001cec 32
8001a7fa 32
800121ca 32
800128a8 32
8002a0fe 32
80018586 32
80021df0 32
80024ee6 32
800290fe 32
8001da7e 32
8001db58 32
80024eea 32
80001cf8 32
8001da82 32
80028846 32
8001db4c 32
80019fb2 32
8001d194 32
800224a6 32
80017f08 32
80025f5a 32
80024f8e 32
80025f58 32
80012188 32
8001b8d8 32
80001cfc 32
80021df6 32
80019fb6 32
80021dfc 32
80022d4a 32
80025fbe 32
8002140a 32
80024f90 32
80024ee4 32
80023c78 32
80018fb4 32
8001db50 32
80021dfa 32
80024f96 32
80023c7c 32
8001d18c 32
80001cf0 32
80023caa 32
800164ba 32
80016628 32
80018f14 32
80025f60 32
80024eee 32
80019730 32
8002b206 32
80020404 32
8002249e 32
800128a4 32
8001ca0e 32
80018556 32
8001d190 32
8002884a 32
80001d00 32
8001ca0a 32
8001a83e 32
80015292 32
80015506 32
80021df2 32
80025f5e 32
8001965e 32
80023cac 32
80017f0c 32
80001cf4 32
80015438 32
80022c08 32
8001d21a 32
80019738 32
8001773a 32
800121ac 32
8001a69c 32
8001d21c 32
80001c78 32
8001a9a6 32
80021c20 32
8001a976 32
80023cdc 32
80025f82 32
8001d196 32
8001a93c 32
8002a0fa 32
80025d4a 32
8001daa6 32
8001db16 32
800224a2 32
8001a8aa 32
80023e8c 32
80022c0c 32
80021400 32
8001db1a 32
80024f26 32
8001a702 32
8001543e 32
80022c42 32
8002a19a 32
8001a908 32
800164b6 32
80021406 32
8002a192 32
800290ce 32
8001a6c4 32
8001a7d6 32
80025d46 32
80023ca6 32
80023ce0 32
80024f2a 32
80024f2c 32
800290d0 32
800121ba 32
8001f2c6 32
8001dab2 32
800121b0 32
80025f8e 32
8001a730 32
8001a7d4 32
8001a690 32
80025f8c 32
800175fa 32
8001a790 32
80024f58 32
80019622 32
80022c3e 32
800121b4 32
8001a76e 32
8002a196 32
80025f88 32
8001a696 32
800121b8 32
8001d22a 32
80024f4e 32
80024f50 32
8001a6f4 32
80021402 32
8001d220 32
80024f5a 32
80019fbc 32
8001a040 32
80022c04 32
8001e9aa 32
8001d228 32
80023ca0 32
80025f84 32
80024f24 32
8001775e 32
8001d224 32
800290f2 32
80023ca2 32
8001d18a 32
8001db12 32
8001a804 32
80025f54 32
800196cc 32
800166cc 32
8001ca12 32
8001ca50 32
8001b8d2 32
800195fe 32
8001219c 32
800152f2 32
800121c6 32
8001a7d0 32
8001b8dc 32
8001b058 32
80012198 32
8002149e 32
80028840 32
800197a4 32
80017730 32
80021496 32
8001a7f8 32
800121a0 32
8001b8de 32
80024f54 32
800121c2 32
800121d6 32
80023ce6 32
800290f8 32
80018fa4 32
8001662c 32
80012190 32
800121d2 32
80023c7e 32
80012194 32
80028842 32
800164b2 32
800288e0 32
8002b204 32
800290c8 32
80021c22 32
8001a8cc 32
8001ca44 32
80017f14 32
800121da 32
80017f16 32
800121de 32
800121a8 32
8001a796 32
800166c2 32
800185f8 32
8001dae6 32
800197a2 32
8001ba44 32
80023ce2 32
800175fe 32
8001a694 32
800196d0 32
800288d0 32
80021c1c 32
800121be 32
800214a0 32
80022c02 32
8001daee 32
8001546a 32
80017734 32
80017768 32
80024f20 32
800290ca 32
8001a912 32
800288de 32
8001ca48 32
8001a8d8 32
800121e2 32
800290f4 32
8001a762 32
8001a938 32
800288da 32
800288d6 32
80024fc4 32
8001dae2 32
8001a7d2 32
800121a4 32
800288d2 32
80015326 32
800121e6 32
80021492 32
8001a90c 32
80021490 32
8001ea48 32
8002b0f4 32
8002b0f8 32
8002b22e 32
8002b0fc 32
800165c2 32
80025f1e 32
8002b0fe 32
80019830 32
80021cee 32
8001b0ee 32
8001779a 32
80017522 32
800153ce 32
8001b0e8 32
8001ba10 32
80017526 32
80029ff2 32
8001eab0 32
80022d1a 32
8002b230 32
8001a8a8 32
8001eaac 32
8001ea7c 32
8001ea72 32
800152f8 32
800177a6 32
8001ea70 32
8001ea4c 32
80021cfa 32
80021cf8 32
80021cf4 32
8002b0f2 32
80021cf2 32
80018f1a 32
80021cb8 32
80021cb4 32
80021cb2 32
8002b15c 32
8002b15e 32
8001c7cc 32
8001b0de 32
8002aa0e 32
80025f1a 32
80016dde 32
80018872 32
80021b0e 32
8001b9aa 32
8002b162 32
8001ea08 32
8001cae6 32
80021aec 32
80021cbc 32
8002b13a 32
80022d16 32
80021cbe 32
8002b138 32
8002a026 32
800165be 32
8001b0e0 32
8002b134 32
800128aa 32
8002b132 32
8002b12e 32
800153d2 32
8001872a 32
8001b0e4 32
80021ae0 32
8001e9a0 32
8002923a 32
80022b70 32
80023de2 32
8002923c 32
80023de6 32
80022b72 32
80029fc8 32
80023dde 32
80023de8 32
80017e7c 32
8001a834 32
8001eb20 32
80016662 32
80022b76 32
8001eb1a 32
80021ae4 32
80029236 32
8002b238 32
8002b096 32
8001e9e0 32
800298de 32
800298e0 32
8002b092 32
800298e4 32
80022b6c 32
800298e8 32
800165ee 32
8001986c 32
8001773c 32
800298ea 32
8002a132 32
8002b0d0 32
80021d22 32
8002b0ca 32
800165ca 32
80021d1e 32
8002b0ce 32
80021d1c 32
80016734 32
8001ba1a 32
80021d26 32
80022b78 32
80022d1c 32
8001e9a4 32
8001e9e6 32
8001779e 32
8002b234 32
8001a8a4 32
8002b166 32
8002b0c6 32
80021aea 32
8001658e 32
80016e78 32
8001eab8 32
80021d28 32
8002b0c4 32
80016582 32
8002b0c0 32
80021ae6 32
8001eada 32
80016656 32
8001eae6 32
8001eb16 32
80016e68 32
8001883c 32
8002b1c6 32
8001758e 32
80021c54 32
80023e1c 32
80022bde 32
8002b1ca 32
80021c52 32
800177ce 32
80015436 32
80021c4e 32
800177c8 32
80023e1e 32
8001765c 32
80025d4c 32
8002b1ce 32
80021c4a 32
80017700 32
8002a09a 32
8001758a 32
80023e18 32
8002b1c4 32
8001c7fc 32
8001762c 32
80015432 32
80026056 32
80026058 32
8002605c 32
80017620 32
8002b20a 32
80026060 32
80025f18 32
8001c970 32
8001c934 32
80017596 32
80026032 32
8002602e 32
8001752a 32
800174f2 32
8002602c 32
8001ea0e 32
8001c940 32
800175ba 32
8001c910 32
800177d4 32
8001c90c 32
800176cc 32
8001c8d8 32
800176d0 32
8001c8cc 32
8001c974 32
80017694 32
8001ea14 32
80021c48 32
800175c2 32
8002b1d0 32
80017690 32
80022d10 32
80026034 32
80022be0 32
8001768c 32
8001c8a4 32
80016de2 32
80023e24 32
80023e22 32
8001c868 32
80021b14 32
80022b9c 32
8002aa1a 32
80022ba0 32
80021c8e 32
80022ba2 32
800174e8 32
8001c7d0 32
80022ba6 32
8001cab4 32
800174ec 32
80018868 32
8001a7cc 32
80021c8a 32
80021b16 32
8001c840 32
8001641a 32
80022c0e 32
8001caba 32
8001754e 32
80021c90 32
80021b10 32
80022b9a 32
8001a8ce 32
8002aa16 32
80026028 32
800153f6 32
80025d52 32
800186fa 32
8002b168 32
8001cadc 32
8001a6fe 32
8002aa12 32
8001c9a0 32
8002b19e 32
80025d50 32
80016426 32
8001ea44 32
8002b1a0 32
80022bd0 32
8001c9a8 32
80022bd4 32
8001641e 32
8002b20c 32
8002b1a2 32
80022bd6 32
80022bda 32
80022d14 32
8001965c 32
80026062 32
8002b090 32
80020d60 32
8001b9b0 32
8002b19c 32
8002b198 32
8001c9e0 32
8001c7d8 32
800176f4 32
8001c864 32
80021c84 32
8001ca4a 32
80021b1a 32
8002a022 32
80021c88 32
8001ca72 32
8001ca7e 32
80021dc2 32
8002915e 32
80021dce 32
80021dcc 32
80029162 32
80021dc8 32
80029166 32
80029168 32
80021dc6 32
80017e80 32
80023d50 32
80017e78 32
8001ebf4 32
8001ebf0 32
8002140c 32
80023d72 32
8001d940 32
8002a16e 32
8001751c 32
80025700 32
8001d8d8 32
8001d8dc 32
800256fc 32
80016dda 32
8001862e 32
800224a8 32
80019658 32
800256f8 32
800256f6 32
8001ca14 32
8001d900 32
8001d90c 32
8001d93c 32
8002915c 32
8001665c 32
8001ebba 32
80021d90 32
8001b940 32
8002b276 32
8001858a 32
80021d8c 32
80023d7e 32
80021d88 32
800128a0 32
800291cc 32
80021d86 32
80018656 32
8001289e 32
8001ebae 32
8001644a 32
800291d0 32
80025fca 32
80023d7c 32
8002b200 32
80021d92 32
80023d78 32
800291c8 32
800291c6 32
800291a4 32
800174b8 32
800291a2 32
8002919e 32
8001d948 32
8002919c 32
8001648e 32
80029198 32
80023d74 32
80019662 32
80001c9e 32
8001db7a 32
80001c8e 32
8001c9e4 32
8001ca08 32
80019666 32
8001ec24 32
8001db86 32
8002b2a2 32
80023e88 32
80022d48 32
8002b29e 32
8001ec22 32
80022d44 32
8001b902 32
80001c86 32
8001a838 32
80025fc2 32
8002b2a4 32
80019694 32
80023d16 32
80023d14 32
8001c9a4 32
80023d10 32
80018f16 32
80023d0c 32
80023d0a 32
8001c97c 32
80001ce0 32
80001ce4 32
80021c24 32
800165f6 32
8002913a 32
80029132 32
8001d874 32
80019628 32
8001b90c 32
80021c26 32
80023d4c 32
80029134 32
80029138 32
80001c7c 32
8001d89a 32
80025fc8 32
80019600 32
80023d4e 32
8001c0ec 32
80025706 32
80025704 32
8002b274 32
8002912e 32
80023d4a 32
80025fc4 32
80023d46 32
8002b298 32
8001a840 32
8001c0f8 32
80022d3e 32
80001c7e 32
80001c82 32
8001644e 32
8001ec18 32
80022d40 32
8001a83a 32
8002b29a 32
80029970 32
800174ee 32
80017760 32
8002997e 32
8002997c 32
80025ef4 32
80029978 32
80029974 32
80023dba 32
8002b066 32
8002996e 32
8001b9d4 32
8002920c 32
8002920e 32
8001eb4e 32
8001a79a 32
8002a0be 32
80020c5e 32
80025ff6 32
8002b062 32
80023db8 32
8002b060 32
80029208 32
80023db4 32
8001b9da 32
80029206 32
80023e48 32
80020c82 32
8001b96a 32
800186be 32
80029202 32
8001a04e 32
80023e4c 32
80029230 32
8001a792 32
8001eb44 32
80016e6e 32
80020c52 32
80021d64 32
80021d62 32
80021d5e 32
80021d5c 32
80020d2c 32
80019904 32
8002b23a 32
80021d58 32
80029232 32
80023ddc 32
80029fee 32
8002b08c 32
8002b05c 32
80023e82 32
8001eb46 32
8001e9da 32
8001eb4a 32
80016e72 32
80025ef6 32
800165f2 32
8001b974 32
80025ff8 32
800195fa 32
8002b08a 32
8002b068 32
8001539a 32
80023e46 32
80016e76 32
8001d9b0 32
8001a868 32
800177a0 32
8002a0ca 32
80025672 32
80025670 32
80025fec 32
8001eb8a 32
80025fee 32
8001e97c 32
8001eb86 32
80023e50 32
8002a162 32
8002b26a 32
8001a86c 32
80016634 32
80025f22 32
8001eb84 32
8001a864 32
800177a4 32
8001a862 32
80023e86 32
80023e52 32
8002b26e 32
8001d970 32
8002a166 32
80025f24 32
8001eb8c 32
8001968a 32
8002b270 32
80016658 32
800291d2 32
8001b948 32
8001db56 32
8001db10 32
80023dae 32
80019624 32
80025eee 32
80020c8a 32
8002a032 32
8001975c 32
8001db1c 32
800196fe 32
80025ff2 32
8001db80 32
8001b9de 32
80016e6a 32
80020c86 32
80025ef0 32
80023db2 32
8001ba40 32
8001869a 32
800174e6 32
80025eea 32
80025666 32
800152c8 32
8001daac 32
80025668 32
8001538e 32
80018696 32
8001d9dc 32
8001eb80 32
8001ca4e 32
8002566c 32
8001d9d8 32
800152c4 32
80024668 32
8001a04a 32
80015364 32
8001b0ec 32
80020cc2 32
80021bec 32
8002a236 32
80015360 32
8002a242 32
80020bb8 32
8001e93e 32
80020cc6 32
8001b04e 32
80024666 32
80025e22 32
80024662 32
8002465e 32
8001e93c 32
800176fa 32
8001b7c4 32
80020c8c 32
80017626 32
800185ba 32
8001fc28 32
800154a6 32
8001fc2a 32
800185be 32
80020cea 32
80028fbc 32
80017622 32
800154a2 32
800176fe 32
80025e1e 32
800185ca 32
8001762a 32
80021bea 32
80027ee6 32
800185f6 32
8002a23a 32
8001fc4c 32
80022cb0 32
80027eb0 32
80027eb6 32
8001e912 32
80025e24 32
80019766 32
80020c5c 32
8001b7d0 32
80028fc0 32
80027eb2 32
80028fc2 32
8001e90e 32
80015dca 32
80026de4 32
80026de8 32
80026dea 32
80019762 32
80026dee 32
80026df0 32
8002a096 32
80015dda 32
8001a936 32
8001e936 32
8001e938 32
80022cae 32
800153d4 32
80015402 32
80017594 32
8002465a 32
80024658 32
80027ebc 32
80020c80 32
80020cec 32
8001fc4e 32
8001b7c6 32
80027eb8 32
8001b7ca 32
800187d2 32
8001b7ce 32
800186c8 32
8001e914 32
80025d74 32
80025d7a 32
80020d56 32
8002a2ce 32
8001fb7e 32
8001b7a0 32
800195f4 32
8001fb82 32
8001a940 32
80025e18 32
8001fb84 32
80020d32 32
8001fb7a 32
8001a050 32
80020bae 32
8001669c 32
80020d2a 32
8001858c 32
80025d76 32
80020d30 32
8002a2aa 32
800166ca 32
80018590 32
80025d80 32
8001fb4a 32
8001fb4e 32
80018584 32
8001fb50 32
80027f18 32
800166c6 32
8001fb54 32
80020d5e 32
8001fbb4 32
80018658 32
8001fb56 32
80020d5a 32
8001b796 32
8002a2da 32
8001550a 32
8001536c 32
8001fb78 32
80025d7c 32
8001fc1e 32
80027ef0 32
8001b96c 32
800185c4 32
80021be6 32
80022cb2 32
800185c8 32
8002a26a 32
80019fba 32
8002a266 32
800197c6 32
80027eec 32
8001b946 32
80017520 32
80020cf6 32
8001fc22 32
80020cf0 32
8001fc24 32
80027eea 32
80025e1c 32
80020d26 32
80027ef6 32
8001fbb8 32
80021be0 32
8001fbba 32
8001fbbe 32
8001fbc0 32
800197d2 32
800154d6 32
800153d0 32
800174bc 32
8001fbe2 32
8001fbe4 32
80027ef4 32
8001fbe8 32
8001fbec 32
8001fbee 32
800186ca 32
80021be2 32
800154ca 32
80028ff2 32
8002a982 32
80020bf4 32
800186c4 32
80020bf2 32
8002a97e 32
80020bee 32
80020bec 32
8002352a 32
8001b82e 32
8002352c 32
80026ef0 32
80023530 32
8001655a 32
80028ff6 32
800187d4 32
80018704 32
8002249c 32
8001990e 32
8001b834 32
80019906 32
800187da 32
8001869c 32
80026eb6 32
80026eba 32
80020c16 32
80026ebc 32
80026ec0 32
80026ec2 32
80023eb6 32
80021b4e 32
80028ff8 32
800177d2 32
80023eb2 32
80026ee4 32
800186c0 32
80026ee6 32
8001a046 32
80023eb0 32
80026eea 32
80026eee 32
80018734 32
80027832 32
800195f8 32
80022ca8 32
80026f4e 32
80023536 32
8002b378 32
80026f52 32
80026f56 32
80028ffc 32
80026f58 32
80026f4c 32
8001e22a 32
80020be8 32
80018fb2 32
80015d3c 32
8001fa78 32
80016482 32
80028ffe 32
80020c56 32
80018fae 32
8002783c 32
80023534 32
8001983a 32
80026f20 32
800187d8 32
80027842 32
8001979e 32
80026f24 32
80027840 32
80026f26 32
80018698 32
80026f28 32
80019700 32
80027838 32
8001979c 32
80026f2a 32
8001a9ac 32
80027834 32
8001968c 32
80018728 32
800245d2 32
80026e48 32
80026e4c 32
8001b800 32
8001755a 32
80026e4e 32
8001e90c 32
80017660 32
80020c58 32
800245d4 32
8002253c 32
80027e8e 32
80026e52 32
8001e908 32
800245ce 32
800245ca 32
80026e56 32
800245c8 32
80026e58 32
80027e8c 32
80027e88 32
8001a9a0 32
8001b768 32
8001768a 32
80026e12 32
80026e14 32
8001876e 32
80026e18 32
8001ba16 32
80026e1a 32
80026e1e 32
8002253a 32
80018628 32
800186fe 32
8001b976 32
8001a9a2 32
800198e0 32
8001862c 32
800185ec 32
80018634 32
8001776a 32
80026e7c 32
80023eba 32
80020c18 32
8001b806 32
80015324 32
8002252e 32
8001b80a 32
80021b52 32
800185c0 32
8002252c 32
80026e7a 32
80026e80 32
80026e84 32
8001b80c 32
80026e86 32
8001b05a 32
8001a9aa 32
8001b942 32
8001b93c 32
80022cac 32
80023ebc 32
80027e86 32
80015330 32
8001c0ee 32
80016708 32
80027e82 32
80017668 32
80022536 32
8001b7a2 32
8001b804 32
800166c0 32
80018660 32
800176c6 32
80021b54 32
8001c0f2 32
80020c22 32
80016dd8 32
80022532 32
80019878 32
80020c1c 32
8001eae0 32
80027fea 32
8001ebea 32
8001ebb8 32
8001ebb4 32
8001ebb0 32
8001eb50 32
8001c836 32
8001eb22 32
8001eb1c 32
8001eae4 32
80027fec 32
8001eadc 32
8001eab6 32
8001eab2 32
8002a2a6 32
8001c83a 32
8001c83e 32
80018768 32
8001ea7a 32
8001ea76 32
80023ef0 32
8002802c 32
8002802a 32
80018700 32
80028026 32
8001b830 32
8001c7fa 32
8001c802 32
8001c806 32
80023eec 32
8001ea4e 32
8001faa8 32
80027ff6 32
8001ec1e 32
8001ec1a 32
80027ff4 32
8001ebf6 32
80015390 32
8001ebee 32
80027ff0 32
8001c93e 32
80015398 32
8001b906 32
8001b75e 32
80027fc6 32
800198e2 32
8001c90e 32
8001c912 32
800198da 32
8001c936 32
8001c93a 32
8001c8d6 32
800198d6 32
8001b764 32
80027fc4 32
8001c976 32
80016698 32
80022cd4 32
8001c97a 32
80027fc2 32
80017764 32
8001e99e 32
8001ea4a 32
8001ea12 32
80027fc8 32
80015394 32
8001ea0a 32
8001e9e4 32
8001e9de 32
8001c862 32
8001e9a8 32
8001c7d6 32
8001c86e 32
8001c89e 32
8001c8a2 32
80023ef2 32
8001c8aa 32
80018706 32
80016556 32
8001c8ce 32
8001c8d2 32
8002812e 32
80028104 32
80028106 32
80028128 32
8002812a 32
8001fa84 32
800174c2 32
80015dd0 32
80001cf2 32
80001cea 32
80001ce6 32
80028100 32
80028132 32
8001fa48 32
8001fa46 32
80028134 32
800175be 32
8001fa42 32
80001ca0 32
80001c9c 32
80001c98 32
800174be 32
8001fa7c 32
8001b73a 32
80018844 32
80028096 32
8001fa7e 32
8001b734 32
8001536a 32
8002809a 32
8002809c 32
80028164 32
800280be 32
800280c0 32
800280c4 32
800280c8 32
8001fa82 32
8001b72e 32
800280ca 32
800280fa 32
800280fe 32
80028056 32
8002805e 32
80025daa 32
8001fa3c 32
80019768 32
80025dae 32
8001faa6 32
8002805a 32
80025db0 32
80025db4 32
80028060 32
80028054 32
800196c6 32
8001553e 32
80028032 32
80028030 32
80025db8 32
80025dba 32
80018632 32
8001c7d2 32
80001c8a 32
80028168 32
80001c94 32
8002816a 32
80001c90 32
8002816e 32
80020bb6 32
80028170 32
80015366 32
8001876a 32
8001c99e 32
80028094 32
80028192 32
8001fa3e 32
80028194 32
80028198 32
80028090 32
8002819c 32
80015dcc 32
8002819e 32
800164f8 32
80028f84 32
8001559e 32
80028f88 32
8001faea 32
80027f54 32
80028f8a 32
800164ec 32
80015576 32
8001faec 32
800164f0 32
80027f58 32
8001f9b2 32
8001651c 32
80016520 32
8001f9b0 32
80016524 32
80028f8e 32
8001f9ac 32
8001a97c 32
80028f92 32
800164b0 32
8001f9dc 32
80016484 32
80016488 32
8001f9da 32
8001648c 32
8001f9d6 32
8001a942 32
8001962e 32
8001fae8 32
8001655c 32
80027f60 32
800164bc 32
80018732 32
800155aa 32
80023f24 32
80023f26 32
80027f5e 32
8001f9d4 32
80027f5a 32
80028fb8 32
8001fb10 32
8001fb14 32
8001662e 32
80021bb2 32
80028fb6 32
8001fb18 32
8002a988 32
8002a97c 32
80027f22 32
8001fb1a 32
800196f4 32
80021bb6 32
80021bb8 32
80021bbc 32
80027f1e 32
80016692 32
80016696 32
80021bbe 32
80027f1a 32
8001669e 32
8002a26e 32
80016560 32
8001f9aa 32
80016584 32
8001f9a6 32
8002aa1c 32
80016588 32
8001658c 32
80028f94 32
800165c4 32
80019832 32
8002aa0c 32
800165c8 32
80018560 32
80022cda 32
800165ec 32
800165f8 32
8001fb0e 32
80017e76 32
80027f24 32
80019876 32
80020cbc 32
80025de6 32
80019910 32
80021b7c 32
80025de8 32
80027f8e 32
8001c9da 32
80027f8c 32
8001c9de 32
80021b80 32
8001fa18 32
80027f88 32
8001c9e6 32
8001fa14 32
80019872 32
80027f84 32
8001b050 32
80020c20 32
8001ca74 32
80027f82 32
8001989a 32
80015dd4 32
8001c9aa 32
80025ddc 32
80025dde 32
80027fbe 32
80023ef6 32
80023ef8 32
800198a6 32
80015dd8 32
8001ca78 32
8001faac 32
80021b76 32
80025de2 32
8001fab0 32
8001a972 32
8001fa1a 32
80021b78 32
800153ca 32
8001fab2 32
8001f9e0 32
80018faa 32
80028f56 32
80028f5a 32
80019668 32
80023f1c 32
8001cade 32
800185f2 32
8001fae2 32
8001cae2 32
8001b738 32
80016420 32
800177ca 32
80016424 32
80016448 32
80016450 32
8001fae6 32
80023f20 32
8001872e 32
80016454 32
80028f2a 32
80021b82 32
8001a978 32
8001fa10 32
80020cc0 32
80028f20 32
80028f24 32
8001fa0e 32
8001cab8 32
80028f26 32
8001a7fe 32
80022cd6 32
80028f2c 32
80028f4e 32
80028f50 32
80028f54 32
80019fb0 32
80020bb2 32
80023f1a 32
8001fa0a 32
800155a4 32
800196fa 32
80024ca8 32
80024cac 32
80024cae 32
80024cb2 32
80023c38 32
80024cb4 32
800155a0 32
8001b9a6 32
8002a1d2 32
8001b970 32
80023c3a 32
8002905c 32
8001b896 32
800155a8 32
80023c3e 32
8002a126 32
80017736 32
8002b302 32
80023c40 32
8001d96a 32
80017666 32
80023c10 32
8002b308 32
8001557c 32
80023c14 32
80025eb0 32
80019870 32
80023c16 32
8001b86a 32
8002b304 32
80024cd6 32
80015512 32
8002a1d6 32
8001b79c 32
8001886c 32
80025eb4 32
80029fc4 32
8001b9d6 32
8001d976 32
800196f6 32
80025eba 32
80024d16 32
80024d1a 32
80015d46 32
80022db4 32
80019690 32
80024d1c 32
8001b762 32
800270ca 32
800270cc 32
800270d0 32
80024d12 32
8001d9a6 32
80019736 32
800270d2 32
8001ca7c 32
80022db2 32
8001b75c 32
8001d9aa 32
8001d9ae 32
80015d3a 32
8001a72c 32
80024cd8 32
80024cdc 32
80024cde 32
80024ce2 32
8001c834 32
8001fcc2 32
8001a728 32
800187ce 32
80025eb8 32
80023c0e 32
80017f06 32
8001a732 32
80016706 32
8001ba4a 32
800270c6 32
80024d0c 32
80024d10 32
80018870 32
8001fcc0 32
8001e97a 32
80022df0 32
8001b054 32
80027090 32
8001a6be 32
80022dee 32
80027094 32
8001a6c0 32
800198a4 32
80015462 32
80022dea 32
8001b898 32
8002b34a 32
800198a0 32
8001d902 32
8002b348 32
8001d906 32
80020cf4 32
80022de8 32
8001d90a 32
8001b89c 32
8001fc8c 32
80015510 32
80029fc2 32
80029fbe 32
8001865c 32
8001fc8e 32
8001a69a 32
80025eae 32
8001d8ce 32
80019696 32
8001a6c6 32
80015534 32
8001c0f6 32
8001e2c6 32
8001d8d2 32
8001fc88 32
8001e2c2 32
8001d8de 32
8001e2be 32
80015540 32
80023c0a 32
80020a44 32
8001caae 32
8001a6f8 32
8002b33e 32
8001a6fa 32
800196ca 32
8001c18c 32
8001d942 32
80018842 32
8001a914 32
800197d0 32
8001d946 32
800196d2 32
80015570 32
8001b8a2 32
8001a704 32
8002b30e 32
800164f2 32
80015574 32
8002b30c 32
80022de4 32
8001e234 32
80020a50 32
80020a4e 32
80027096 32
80017e82 32
8001a6ca 32
8001cab2 32
80018838 32
8001e228 32
80019836 32
80020a4a 32
80015466 32
80020a48 32
8001855a 32
8002b344 32
80017662 32
80018792 32
8002b342 32
800164f6 32
80012178 32
8001216c 32
80024e52 32
80024e56 32
80019798 32
80024e58 32
80012170 32
800166fc 32
8002908a 32
80012174 32
8001a86e 32
80024e50 32
8001f2d0 32
80022d86 32
800203f4 32
8001da3e 32
8002908e 32
8001ba3e 32
80022d84 32
80029092 32
8001da42 32
80023c6e 32
8001fcb6 32
8001da0e 32
8001a76c 32
80024e10 32
80024e12 32
80024e16 32
80024e1a 32
80024e1c 32
800176d2 32
800187fe 32
8001da12 32
80012164 32
80027100 32
80016702 32
80012168 32
8001da1a 32
80022c44 32
80024e4c 32
80029088 32
80024eb6 32
80016632 32
8001ba48 32
8001a79c 32
80029094 32
8001b9e0 32
8001a802 32
8001f2cc 32
80018662 32
80023c72 32
80012184 32
800197c8 32
8001b9b2 32
80024eba 32
80024ebc 32
80024ec0 32
80023c74 32
80024ec2 32
8001b9ac 32
800185ee 32
8002a102 32
80024e84 32
80022d80 32
80024e7a 32
8001217c 32
80024e7c 32
8001da46 32
80018866 32
800176f6 32
80022d7e 32
80024e80 32
8001a89e 32
8001883e 32
80024e86 32
80018806 32
8001879c 32
80022d7a 32
800197cc 32
80012180 32
8001ba1c 32
8001ba14 32
8001b874 32
80029062 32
8001b90a 32
80022daa 32
8001b900 32
8001213c 32
8001c18a 32
8001b8d6 32
80022da8 32
80012140 32
8001c186 32
8002b2de 32
80012144 32
8001b838 32
8001a8d6 32
80024d7a 32
8001fcb8 32
80024d7e 32
80024d80 32
8001a8d2 32
80024d84 32
80024d4a 32
8001fcbc 32
8001a97e 32
8001c86c 32
80024d3e 32
80024d40 32
80024d44 32
80029060 32
80022c4a 32
80024d48 32
8002b2da 32
8001d9d2 32
80023c44 32
8002b2e0 32
8001d9de 32
80022dae 32
80022c48 32
8001975e 32
8001a90e 32
800187fc 32
80019802 32
8001557a 32
8001a766 32
800270f6 32
80019806 32
8001215c 32
8001b798 32
80029066 32
8001a768 32
800270fa 32
80012160 32
80024db4 32
8001a8a2 32
80024de4 32
80024de8 32
80016de4 32
80024dea 32
80024dec 32
80024dee 32
8002b2d4 32
800270fe 32
8001980e 32
8002b2d8 32
80024d86 32
80012148 32
8001214c 32
8001c182 32
8001b732 32
80012150 32
800270f4 32
80012154 32
8001655e 32
80012158 32
80029064 32
80024da8 32
8001672a 32
80024daa 32
80024dae 32
80024db2 32
80019808 32
80016700 32
8001da3c 32
8001cae8 32
80020370 32
8002a986 32
8001b870 32
80025e8c 32
800152f6 32
8001a042 32
8001e2c8 32
8001da48 32
80025e8a 32
8001da18 32
8001da14 32
80015d44 32
800175b8 32
8001e972 32
800277ae 32
8001855c 32
80015300 32
80018802 32
8001fc58 32
8001c800 32
80025e82 32
80025e86 32
800203f6 32
8002036a 32
8001e2b8 32
8001990a 32
8001da7c 32
80021b44 32
8001d9d4 32
80025e4c 32
80015302 32
8001e2ba 32
8001da78 32
80017590 32
80016526 32
8001e970 32
80025e88 32
8002036e 32
8001b792 32
80022c72 32
800277a2 32
800267a4 32
80018808 32
800267a2 32
8002679e 32
8001647e 32
8002679a 32
80026796 32
8001e232 32
80026f94 32
80026f92 32
80026794 32
8001b86e 32
8002702a 32
8002702c 32
80022e88 32
80022e86 32
80022e82 32
8001d96c 32
800277ac 32
8001651a 32
8002a05a 32
800277a8 32
80018770 32
8001d9ac 32
800175c4 32
8001d974 32
80027020 32
8001da84 32
80027022 32
8001e976 32
80022c78 32
80027026 32
800153f8 32
80022c76 32
8001553a 32
800277a4 32
8001f364 32
8001db52 32
80020b86 32
80025e52 32
8001752c 32
8001532e 32
80020b84 32
8002902a 32
80020b80 32
8001532a 32
8002b372 32
800152bc 32
8001f360 32
80012930 32
8001b8a0 32
8001daec 32
8001f35c 32
8001dae8 32
8001f358 32
8002b36c 32
80018798 32
80026fbc 32
800174c4 32
80026fc0 32
80025e50 32
80026fc2 32
8002b36e 32
80029026 32
80018794 32
800152fc 32
8001f356 32
80020bac 32
8001db84 32
80026fb8 32
8001292e 32
8001db7c 32
80018fa6 32
80020b8a 32
80020b88 32
8001f366 32
80022cde 32
80017558 32
8002902c 32
80026ff8 32
80012934 32
8002a206 32
8001e96c 32
80026ffc 32
80029022 32
80020402 32
80015536 32
8001fc52 32
800203fe 32
80020364 32
80026ffe 32
800203fa 32
80020366 32
80029020 32
8002a05e 32
8001fc56 32
80026fb6 32
8001973a 32
800176ca 32
80015d40 32
8001e942 32
800235ba 32
8001dab0 32
800235bc 32
8001daa8 32
800235c0 32
80017696 32
80026ff2 32
800235c4 32
80017550 32
800235c8 32
80017554 32
80026ff6 32
800235ca 32
80021b48 32
80020d54 32
800154a8 32
8001989c 32
8002b376 32
8002a130 32
8002a12c 32
8001980c 32
8001d870 32
80025e48 32
8002a128 32
80018f1e 32
8002a104 32
8002a100 32
800198dc 32
8002a0c8 32
8002a0c4 32
8002a0c0 32
8001962a 32
8002a09c 32
8002a094 32
80015400 32
80020ab6 32
80012938 32
8001529a 32
80020ab2 32
80020aae 32
80020aac 32
8002a19c 32
8002a190 32
80020aa8 32
8002a090 32
8002a16c 32
8001549c 32
8001672c 32
8002a168 32
800154a0 32
8001293c 32
8001528e 32
80022e1e 32
8001879e 32
8002a02c 32
8001fc92 32
80022e18 32
80025e46 32
8002a028 32
8001d898 32
8002708c 32
80029ff8 32
80029ff4 32
8002a030 32
80022e14 32
80029fec 32
80021b4a 32
8001d8a0 32
8001550c 32
8001c17c 32
80022e12 32
80029fca 32
80018692 32
8002a060 32
80020a7e 32
80020a7a 32
8001293e 32
8001d876 32
800154cc 32
800154d0 32
80022e1c 32
8002a056 32
80022ce0 32
8002a1cc 32
8002a054 32
800154d4 32
80020a78 32
80020a74 32
80023e8e 32
8002708a 32
8001c830 32
80020a72 32
80022c6c 32
8001b83a 32
8002a1fa 32
80022c6e 32
800153fc 32
800175fc 32
80020b22 32
80020b20 32
80020b1c 32
8001d8d4 32
800175f8 32
80015298 32
8002705c 32
80020cc8 32
80020b1a 32
80027060 32
80026f8e 32
80026710 32
80026f8c 32
80020ab8 32
80020b4e 32
80022e7e 32
80022e7c 32
8001983c 32
80022e5a 32
80022e58 32
80016736 32
80018764 32
80020b50 32
8001b872 32
80020b16 32
80022e54 32
80020b4a 32
800175f4 32
80022e52 32
80022e4e 32
800152c2 32
80020b46 32
8001e22e 32
80020b44 32
8002a1fc 32
8001f2d2 32
80015460 32
8002a270 32
8002a264 32
8002a240 32
8002a23c 32
8002a204 32
8001546c 32
8002a200 32
80027062 32
8001fc94 32
80020ae6 32
80020ae4 32
80020ae0 32
8002a1d8 32
80020adc 32
80020ada 32
8002a1d0 32
80026f88 32
80016730 32
8002670e 32
80015294 32
8002670a 32
80027066 32
80026706 32
8001d8a4 32
8002a2d8 32
8001d89e 32
8002a2d4 32
8002a2d0 32
8002a2ac 32
8002a2a4 32
8002a2a0 32
80027068 32
8001d86e 32
80026704 32
8001d86a 32
80046f76 44
80043d00 44
80046f52 44
8004584e 44
80046f66 44
80046f72 44
80046f6a 44
800435dc 44
80046f5a 44
80046f80 44
8004583e 44
80046f56 44
800411d0 44
80046f6e 44
80040cf0 44
8004584a 44
800411cc 44
80046f5c 44
80046f4e 44
8004360c 44
800435f0 44
80046f7e 44
80046f7a 44
80046f62 44
80043efa 44
80046f5e 44
80046f84 44
80043670 44
8004365c 44
800455ee 44
80043f4c 44
80043f50 44
800455bc 44
80043668 44
800455a8 44
80045584 44
80045576 44
8004366c 44
80045568 44
80045554 44
80045550 44
8004560a 44
8004554c 44
80043f64 44
80045764 44
8004367c 44
80043f6a 44
8004334e 44
80045530 44
80043680 44
80043f6e 44
80045768 44
8004551c 44
80043684 44
80043f74 44
80043f26 44
80043f06 44
8004570c 44
80043624 44
80045702 44
80043628 44
80043f16 44
800456fe 44
8004362c 44
80043f1a 44
800456f8 44
800456dc 44
800456d4 44
800456a0 44
80043f7c 44
8004569c 44
80045680 44
8004363c 44
80043640 44
80043f2e 44
80045650 44
80045942 44
80045972 44
80045976 44
80043f3c 44
80043f40 44
80045762 44
80043654 44
80043708 44
80043fc6 44
80045790 44
800436dc 44
800436e8 44
80043fd6 44
800436f0 44
80043fe0 44
80045796 44
800436f8 44
80043704 44
80043ff2 44
80041274 44
8004579a 44
800436d8 44
8004370c 44
80043ffc 44
800459c2 44
8004579e 44
80040e26 44
80043718 44
80044006 44
800459fa 44
800457a2 44
8004371c 44
8004400a 44
80043720 44
8004400e 44
800436b0 44
80045518 44
80043f80 44
80045514 44
80043694 44
80043698 44
8004576a 44
800436a0 44
80043f8e 44
80045778 44
8004577c 44
8004577e 44
800436ac 44
80045782 44
80043618 44
80043f9e 44
80040cf4 44
80045786 44
800436b4 44
80043fa2 44
8004578c 44
80043356 44
800436c0 44
800436c4 44
800436c8 44
800436d4 44
80043fc2 44
800459b2 44
800458c6 44
80043e02 44
80043312 44
80043e04 44
80043e08 44
8004351c 44
80043524 44
80043530 44
80043534 44
800458e6 44
80043538 44
800458e2 44
8004573e 44
80045740 44
80043514 44
800458c2 44
80043588 44
80043e76 44
800458b2 44
8004358c 44
80043e7a 44
80045872 44
80043590 44
80043e7e 44
80045866 44
80045856 44
8004574e 44
80045852 44
800458b6 44
80045a3a 44
800434dc 44
80043dca 44
80045792 44
800457a6 44
800457aa 44
800434e0 44
80043dce 44
800457ae 44
800457b8 44
80043dd0 44
800458a6 44
80043dd4 44
80045846 44
80043dd8 44
800434ec 44
800434f0 44
8004573a 44
800434f4 44
80043de2 44
80043500 44
80043dee 44
80043504 44
80043df2 44
80043508 44
80043df8 44
80043dfc 44
80043ee6 44
800457c2 44
800435e0 44
800435e4 44
80043ed2 44
800435e8 44
8004578a 44
80045776 44
800435f4 44
80043ee2 44
800411a4 44
80045772 44
8004575a 44
800435f8 44
800457d2 44
8004576e 44
800435fc 44
80043604 44
80045752 44
8004574c 44
80043608 44
80045744 44
8004575e 44
80043610 44
80043efe 44
8004119c 44
80043614 44
80043f02 44
800435b8 44
8004359c 44
80045842 44
80045806 44
80043e8c 44
80045802 44
800457f6 44
800435a0 44
800457f2 44
800435a4 44
800457e6 44
80043e94 44
800435b0 44
80043e9e 44
80044010 44
80043ea6 44
800435c0 44
80043eae 44
80043eb0 44
80043eb4 44
80043eb8 44
80045754 44
800435cc 44
80045756 44
800435d0 44
800457e2 44
800435d4 44
80043ec2 44
80041168 44
80045800 44
80047022 44
80041590 44
80040d16 44
80041160 44
80045c9a 44
80041164 44
8004352c 44
80043e1a 44
8004701e 44
80045c9e 44
80045804 44
8004701a 44
80043518 44
80045caa 44
80045cae 44
80043540 44
80043e2e 44
8004580a 44
80041170 44
80047016 44
8004580e 44
80047012 44
8004700e 44
80043554 44
8004700a 44
80045812 44
80047062 44
800457f8 44
8004707e 44
80041588 44
80045b78 44
8004707a 44
800434e8 44
8004158c 44
80047076 44
80045c7a 44
80047072 44
8004115c 44
800434fc 44
80043dea 44
80047006 44
800457fc 44
80047056 44
80047052 44
8004704e 44
80045c7e 44
8004703e 44
8004703a 44
80047036 44
80047032 44
80043510 44
8004702e 44
8004702a 44
80047026 44
800435b4 44
80045828 44
80046fb6 44
80046fb4 44
80045830 44
80046fb0 44
80040d92 44
80046fac 44
800435ac 44
80046fa8 44
80046fa4 44
80045834 44
800411b8 44
80046fa0 44
80046fb8 44
80043ea2 44
80046f9c 44
800415f0 44
80046f98 44
80046f94 44
80040d54 44
80046f90 44
80045836 44
80046f8c 44
80040d42 44
800435c8 44
8004583a 44
80046f88 44
80046fec 44
80045cfe 44
80047002 44
80046ffe 44
80041178 44
80046ffa 44
80045816 44
80043570 44
80043e5e 44
80046ff8 44
8004581a 44
80046ff4 44
80041180 44
80046ff0 44
80047086 44
80043584 44
80046fe8 44
8004581e 44
80045822 44
80046fda 44
80046fca 44
80046fc2 44
80046fbe 44
80045824 44
80046fba 44
80043598 44
80043e86 44
80045da8 44
80043362 44
80040de6 44
80044054 44
8004333c 44
800457b4 44
80043770 44
8004405e 44
800457ba 44
80043778 44
80044068 44
80043786 44
8004378a 44
800457be 44
8004407e 44
80043764 44
80043796 44
800457c6 44
8004379e 44
800437a2 44
80043376 44
800437aa 44
80044098 44
8004409a 44
80043380 44
8004337e 44
800437b2 44
800440a0 44
800440a4 44
8004373c 44
80045a7a 44
80044014 44
80045a8a 44
80044018 44
8004336a 44
8004401c 44
80040e02 44
800457a4 44
80043730 44
8004401e 44
80043734 44
80044022 44
8004330a 44
800437c2 44
8004402a 44
80043740 44
80043748 44
8004374c 44
8004403a 44
80043754 44
80044042 44
80043328 44
80044048 44
80040dfa 44
8004404c 44
800457b2 44
80043760 44
80041138 44
800457de 44
80043460 44
800433ae 44
8004110a 44
8004110e 44
80041114 44
800457e4 44
80040d9c 44
80043490 44
80043d7e 44
800457ea 44
80041130 44
80041134 44
800410d0 44
800457ee 44
800434ae 44
80041142 44
8004157c 44
8004114a 44
80041580 44
80041584 44
800470b0 44
80041154 44
800470ae 44
80047096 44
800434d4 44
80043dc2 44
8004410c 44
800433b0 44
800440d4 44
800457ca 44
800440e0 44
800433c4 44
800440e4 44
80045500 44
800433ce 44
800440f0 44
800433d8 44
800440f8 44
800440fc 44
800457cc 44
800411c8 44
80044110 44
800433fe 44
80044120 44
80044128 44
8004412c 44
80043412 44
80045748 44
80045aaa 44
800457ce 44
80043426 44
800457d6 44
800457da 44
800416c8 44
8003ece4 44
80041218 44
80040de4 44
80049d44 44
80045bd8 44
8003ece0 44
80041214 44
8003ecdc 44
800416cc 44
8003ecd8 44
800416d4 44
80049d48 44
80049d4a 44
800416c0 44
80049d52 44
8003ecd0 44
80045bd4 44
80045bd0 44
80049d54 44
800416b8 44
8003ecc8 44
800416e0 44
8004123c 44
800416f4 44
80041238 44
800416f0 44
80041234 44
8003ea78 44
8003ecfc 44
800416e8 44
8004122c 44
8003ecf4 44
800416b4 44
8003ecf0 44
80041224 44
80049d34 44
80049d3a 44
8003ecec 44
800416dc 44
80049d3e 44
8003ece8 44
80049d40 44
8003ec8c 44
80045bc6 44
8003eca4 44
800414ac 44
800414b0 44
800411bc 44
8003ec9c 44
80049d70 44
8003ec94 44
800414b8 44
80045bba 44
8003eca8 44
8003ec88 44
80040da0 44
8003ec84 44
80049d76 44
8003ec80 44
80049d78 44
8003ec7c 44
80045bb4 44
8003ec78 44
8003ec74 44
80049d62 44
8003ecc4 44
80049d58 44
80040dc0 44
8003ea74 44
8003ecc0 44
80040dbc 44
80049d5c 44
80040db8 44
8003ecb8 44
80049d5e 44
8003ed04 44
8003ecb0 44
80045bca 44
800414a0 44
800414a4 44
80049d66 44
800411e0 44
80046b14 44
80049d68 44
800411dc 44
80045c16 44
80049d1a 44
80045c1e 44
80041740 44
80041284 44
80049d20 44
80040e4e 44
80041738 44
80049d30 44
80045c1a 44
80041278 44
80045c22 44
80045c12 44
80045c10 44
80046eda 44
80045c0c 44
80046ee6 44
80045c08 44
80045c00 44
80045bfc 44
80046fce 44
8004172c 44
80049d06 44
80049cee 44
80040e76 44
80045c46 44
80049cf2 44
800412a0 44
80049cfa 44
80045c42 44
80040e6a 44
8003eaa0 44
80045c3c 44
80041270 44
8004129c 44
80049d0a 44
80041298 44
80045c38 44
80045c30 44
80049d16 44
80045c2c 44
80045c28 44
80045c26 44
80041704 44
8004125c 44
8004706e 44
8003ed1c 44
80040e22 44
80046ba2 44
80041254 44
8004170c 44
8003ed18 44
80041250 44
80045be0 44
80045be6 44
8003ed14 44
80041248 44
8003ed10 44
80045bdc 44
80040e0e 44
800416fc 44
8003ed0c 44
8003ed08 44
800416f8 44
8003ed34 44
80045bfa 44
80041728 44
80046fd6 44
80041724 44
80041268 44
80046fde 44
80041720 44
8003ed38 44
80045bf6 44
80046fee 44
80049d7e 44
80047042 44
8003ed30 44
8004705e 44
80047066 44
80045bf2 44
8004706a 44
80045bee 44
8003ed28 44
80045bea 44
80046a5e 44
8003ec08 44
80040d20 44
80046a4e 44
80046a52 44
80045b80 44
80046a56 44
80046a5a 44
80045b7c 44
8003ec00 44
800415fc 44
80046a4a 44
8003ebf8 44
80046a62 44
800415f8 44
80040d08 44
8003ebf0 44
80046a66 44
80040d00 44
8003ebec 44
80046a6a 44
80049dbe 44
80045b8c 44
8003ec20 44
80045b9a 44
80046a2a 44
80045b96 44
8003ea68 44
80046a32 44
8003ec18 44
80046a36 44
80045b92 44
80045b8e 44
80049dc0 44
80046a3a 44
80040d28 44
8003ec10 44
80046a3e 44
8003ec0c 44
80045b84 44
80040d24 44
80046a42 44
80046a46 44
80046a9e 44
80045b70 44
8003ebc8 44
80046a8e 44
800415c8 44
8003ebc4 44
80046a92 44
80045b6c 44
80040cd4 44
80046a96 44
80046a9a 44
80046a8a 44
80046aa2 44
80046aa6 44
80046aaa 44
8003ebb8 44
80046aae 44
80046ab2 44
80046ab6 44
8003ebb4 44
80046aba 44
800415d4 44
80046a6e 44
8003ebe4 44
80040cf6 44
80046a72 44
80049dc4 44
80045b74 44
8003ebdc 44
80046a76 44
80040cee 44
800415d8 44
80046a22 44
8003ebd4 44
80046a7a 44
80040ce4 44
80046a7e 44
8003ebd0 44
80046a82 44
80041112 44
80046a86 44
8003ebcc 44
8003ec4c 44
80049da0 44
8004698c 44
80041650 44
8003ec54 44
80046992 44
80046998 44
80041194 44
80049da8 44
8003ec50 44
8004699a 44
80049d9c 44
800469a6 44
800469aa 44
800469ae 44
800469b6 44
8004164c 44
800469ba 44
8004699e 44
80049dac 44
8004118c 44
800469be 44
80041670 44
8004167c 44
80049d82 44
80045bb0 44
8003ec68 44
80041678 44
80049d88 44
80041674 44
80049d8a 44
8003ec64 44
80049d8e 44
80040d58 44
80049d90 44
800411b4 44
8003ec60 44
80049d94 44
80045bac 44
80049d96 44
8003ec5c 44
80049d9a 44
8003ec58 44
80045b9e 44
80041634 44
800469ee 44
8003ec34 44
800469f2 44
800469f6 44
8003ec30 44
800469fa 44
800469fe 44
80046a02 44
8003ec2c 44
80040d48 44
8003ec28 44
80046a06 44
80046a0a 44
80046a0e 44
80046a12 44
8003ec24 44
80046a16 44
80046a1a 44
80046a1e 44
80041188 44
8003ec44 44
800469c2 44
800469ca 44
800469ce 44
80049dae 44
800469d2 44
80049db2 44
800469d6 44
80049db4 44
800469da 44
800412ac 44
8003ec3c 44
800469de 44
80049dba 44
8003ec38 44
800469e2 44
800469e6 44
8004117c 44
800469ea 44
80045ba4 44
80045da0 44
80045db2 44
8003f00c 44
80045dae 44
80049c16 44
80041418 44
800415c4 44
80045daa 44
8003effc 44
80045da4 44
8003eff8 44
8003f010 44
8003eff4 44
80049c1a 44
8003eff0 44
80041414 44
80041410 44
8003efec 44
8004140c 44
80049c1e 44
80041404 44
8003efe8 44
80045dc4 44
80045dde 44
8003f02c 44
8003f028 44
80045dd4 44
80045dd0 44
800415ac 44
80045dcc 44
8003f024 44
80045dc8 44
800415b4 44
80045d9c 44
8003f020 44
80045dc0 44
80049c12 44
80041424 44
8003f01c 44
80045dba 44
80041420 44
80045db6 44
800415c0 44
800413b8 44
800413d0 44
80045d82 44
800413cc 44
80049c32 44
80045d7a 44
800415ec 44
800413c4 44
80045d78 44
80045d74 44
800413bc 44
800413d4 44
80045d70 44
8003ef8c 44
800413b0 44
8003ef88 44
80045d6c 44
8003ef84 44
800413ac 44
80041600 44
80045d64 44
80041604 44
80045d94 44
8003efe4 44
80041400 44
80049c22 44
8003efe0 44
800415e0 44
800413fc 44
800413f8 44
8003efdc 44
8003efd8 44
80045d98 44
80045de0 44
80045d90 44
8003efcc 44
800415e4 44
80040fb0 44
80045d8a 44
80045d86 44
800413dc 44
80040fa6 44
80049c2a 44
80041074 44
80041122 44
80041558 44
8003f0bc 44
80041086 44
8003f0b8 44
80041082 44
80041126 44
8003f0b4 44
8003f0b0 44
8003f0ac 44
8003f0c0 44
8003f0a8 44
8003f0a4 44
8003f098 44
80045df4 44
8003f088 44
80045df2 44
8004106c 44
8003f084 44
8003f080 44
80041062 44
800410a8 44
80041104 44
80041108 44
800410dc 44
800414f4 44
800410bc 44
8004111a 44
800410b8 44
8004111e 44
800414e4 44
800410b0 44
8003f07c 44
800414d8 44
8003f0da 44
800414cc 44
8003f0d4 44
8003f0d0 44
800414c4 44
8003f0cc 44
800414c0 44
8003f0c2 44
80049c08 44
80041468 44
80049c00 44
80041464 44
8003f04c 44
80045de8 44
8004113e 44
80049c04 44
8003f048 44
80049c06 44
8003f044 44
80049bfc 44
8003f040 44
80041454 44
8003f03c 44
8003f038 44
80049c0a 44
80049c0c 44
8003f034 44
80045de4 44
8003f030 44
8003f068 44
8004105a 44
8003f078 44
80041056 44
80049be0 44
8003f074 44
8003f070 44
8004104e 44
8003f06c 44
80049bf0 44
80041480 44
8003ef78 44
8004104a 44
80041046 44
8003f064 44
80049bf6 44
80045dee 44
80041474 44
8004103e 44
8003f058 44
80045dea 44
80046cc2 44
80046d7a 44
80041308 44
80045ca6 44
80046d48 44
80046d1c 44
80045ca2 44
80046d18 44
80046d10 44
8003eaa4 44
80045c98 44
80046d82 44
80045c94 44
80045c90 44
80045c8c 44
800412f4 44
80049c8a 44
80046c4c 44
8003ee14 44
80046c48 44
80049c8e 44
800412ec 44
80045cc0 44
8003ee7c 44
80045cca 44
80041328 44
8003ee74 44
80041324 44
8003ee6c 44
80045cc6 44
8003ee68 44
80041320 44
80041318 44
80040eb8 44
80045cbc 44
80041314 44
80046eca 44
80045cb8 44
80046e52 44
80045cb4 44
8003eaa8 44
80046dc0 44
80045cb0 44
80049cd2 44
80045c6e 44
80045c6a 44
80045c68 44
80045c60 44
80040e96 44
80049cc2 44
80049cc6 44
80040e8e 44
80049cce 44
800412c0 44
80045c72 44
80045c5c 44
80049cd6 44
80045c58 44
80049ce6 44
80045c52 44
80049cea 44
800412b4 44
800412b0 44
80040e7a 44
80040ea8 44
80045c88 44
80046c40 44
80049ca2 44
800412e8 44
80040eb0 44
800412e0 44
80045c84 44
80040eac 44
80049caa 44
80046c24 44
8003ee80 44
80049cae 44
80045c80 44
80049cb2 44
80040ea2 44
800412d4 44
80049cb6 44
8003edf0 44
80045c76 44
80049cba 44
8004165c 44
80045d26 44
8003ef38 44
80041398 44
80045d22 44
80041658 44
80045d1c 44
80045d18 44
80041390 44
80045d10 44
80049c36 44
8003ef3c 44
80049c42 44
80049c4a 44
80041384 44
80045d0c 44
80041664 44
80049c4e 44
8003ef08 44
80045d08 44
80049c52 44
8003ef00 44
80045d40 44
80045d5a 44
80045d56 44
8004160c 44
8003ebac 44
8003ef60 44
80045d4c 44
80045d48 44
80045d44 44
80041618 44
8003eba8 44
80045d06 44
80045d3c 44
80041620 44
80045d38 44
80041624 44
8004162c 44
80045d34 44
80045d32 44
80041630 44
80049bdc 44
8003eea8 44
80049c7e 44
80041698 44
80041350 44
80045cdc 44
80049c82 44
8004134c 44
8003eeb0 44
80049c86 44
8003eeac 44
8004169c 44
80045ce0 44
80045cd6 44
8003eea4 44
80041344 44
8003eea0 44
80041340 44
80045cd2 44
80041338 44
80041334 44
8004132c 44
80049c62 44
8003eefc 44
80049c56 44
8003eef8 44
80045d02 44
80049c5e 44
80045cfa 44
8003eee4 44
8004136c 44
80045cf6 44
80041688 44
80046abe 44
8004168c 44
80045cf2 44
80049c66 44
80041364 44
80045cf0 44
80049c6a 44
80045cec 44
80049c76 44
80045ce8 44
800459de 44
80045a02 44
800459fe 44
80046dd0 44
800459f6 44
800459f2 44
800459ee 44
80046dd4 44
800459e6 44
80046dd6 44
800459e2 44
80046dcc 44
800459da 44
80046dd8 44
800459d6 44
80046dda 44
800459d2 44
800459ce 44
800459ca 44
80046dde 44
800459c6 44
800459be 44
80045a12 44
80045a26 44
80046d9a 44
80045a22 44
8003ebc0 44
8003ebe8 44
80046d9e 44
80045a1e 44
80046da8 44
80045a16 44
80046daa 44
80046de2 44
80046dac 44
80046db0 44
8003ed20 44
80045a0e 44
80046db8 44
8003ed3c 44
80046dbc 44
80046dc8 44
80045a06 44
8004596a 44
80041470 44
80046dfa 44
8004597a 44
80046dfe 44
80046e02 44
8004171a 44
80046e06 44
80046e08 44
80041712 44
8004596e 44
80046df6 44
8004411c 44
80046e10 44
80046e14 44
80040dfe 44
80046e18 44
800412d0 44
80046e1c 44
80046e20 44
8004595e 44
80046e24 44
8004598e 44
800459ba 44
800459ae 44
80046de6 44
80046dea 44
800459aa 44
8004599e 44
80043cd4 44
8004599a 44
80040e46 44
80043ccc 44
80046d96 44
8004144c 44
80043cca 44
8004598a 44
80046dee 44
80043cc0 44
80043cb8 44
80041460 44
80046df2 44
8004597e 44
80046d4e 44
80041408 44
80045aa6 44
80046d38 44
80046d3a 44
80043cc4 44
80046d3e 44
80046d42 44
80046d46 44
80046d4a 44
80045aa2 44
80046d36 44
80043cb4 44
80046d52 44
80045a9e 44
80046d56 44
80045a96 44
80043cb0 44
80046d5a 44
80045a92 44
80045a8e 44
80046d5c 44
800413c8 44
80041736 44
80046d04 44
80045aae 44
80046d06 44
800413b4 44
80046d0a 44
80043ce6 44
800413c0 44
80041742 44
80046d0e 44
80046d5e 44
800413d8 44
80046d20 44
80046d24 44
800413e4 44
80046d28 44
80046d2c 44
80046d30 44
800413f0 44
80046d34 44
80046d8a 44
80041430 44
80041444 44
80045a3e 44
8004139c 44
80041394 44
80045a36 44
80046d80 44
8004138c 44
80046d86 44
80041388 44
8004141c 44
80041380 44
8004137c 44
80043cde 44
80043cdc 44
80045a32 44
80045a2e 44
80046d8e 44
80046d92 44
8003eb90 44
80045a52 44
80045a86 44
80045a82 44
80045a7e 44
80045a76 44
80045a72 44
80045a6e 44
80045a66 44
80045a62 44
80045a5e 44
80045a56 44
80046e28 44
80046d6c 44
80046d6e 44
80045a4e 44
80045a46 44
80046d72 44
800413a8 44
80045a42 44
80046d76 44
800413a4 44
80041660 44
80041614 44
8004161c 44
800436a8 44
80041628 44
800458a2 44
8004368c 44
80046ee4 44
80043f66 44
80043678 44
80041654 44
800458aa 44
8004589e 44
8004589a 44
80045896 44
80045892 44
80046ef0 44
80046ef4 44
8004588e 44
80041220 44
80041694 44
80046ef8 44
800458ba 44
80046eac 44
800458be 44
800416a4 44
80046eb0 44
800436ec 44
800416a0 44
80046eb4 44
800436e4 44
80046eb6 44
80046eba 44
80043f52 44
80046ebe 44
80043fbe 44
800436d0 44
800415a4 44
80043faa 44
800436bc 44
800415e8 44
800458ae 44
80041608 44
80046f2c 44
80046f1c 44
80041638 44
8004586a 44
80041200 44
80043f22 44
80043634 44
80046f20 44
80045862 44
80046f24 44
80046f28 44
8004120c 44
80046f30 44
80046f34 44
80046f38 44
80046f3a 44
80043620 44
80046f3e 44
80046f42 44
8004585e 44
8004585a 44
80046f0c 44
80043664 44
80046efc 44
8004588a 44
80046f00 44
80045886 44
80046f04 44
80045882 44
80046f08 44
8004587e 44
8004587a 44
80046ea8 44
80041644 44
80046f10 44
80043650 44
8004173a 44
80046f14 44
80045876 44
80043648 44
80046f18 44
8004586e 44
800414e0 44
80040dd2 44
8004591e 44
800414a8 44
800414b4 44
800414bc 44
80046e5a 44
8003ec70 44
800414c8 44
80046e5c 44
800414d4 44
8004592a 44
80046e5e 44
8003eca0 44
80046e62 44
8004591a 44
80046e66 44
80046e6a 44
80043792 44
80045912 44
80046e6e 44
80043780 44
80046e38 44
8004595a 44
80046e2c 44
800412c8 44
80046e30 44
8004594e 44
80046e32 44
800440ec 44
8004594a 44
80046e34 44
800412c4 44
80046e72 44
8004593e 44
80046e3c 44
8004593a 44
800440d8 44
800412bc 44
80046e40 44
80046e44 44
80040dda 44
8004592e 44
80046e9c 44
800416ac 44
80046e8c 44
80044002 44
80043714 44
80046e90 44
800458ee 44
80046e94 44
800458ea 44
800458de 44
80046e98 44
80046e88 44
800458da 44
800458d6 44
80046ea0 44
80043fee 44
80043700 44
800458d2 44
80046ea4 44
800458ce 44
800458ca 44
80046e7c 44
8004590e 44
8004405a 44
8004376c 44
80046e76 44
8004590a 44
80046e7a 44
80044046 44
80043758 44
80045906 44
80045902 44
80046cf0 44
80046e80 44
80043744 44
800416b0 44
80046e84 44
80040da4 44
800458fe 44
80046e86 44
80043728 44
800458fa 44
8003eb00 44
80046b5a 44
80049e24 44
8003eb0c 44
80046b5e 44
80049e28 44
8003eb08 44
80046b62 44
80049e2e 44
80046b66 44
80046b6a 44
80049e1e 44
80049e32 44
80046b6e 44
8004154c 44
80049e38 44
80046b72 44
80049e3c 44
80045b44 44
80046b76 44
80049e46 44
80046b7a 44
80049e04 44
8004155c 44
80049df0 44
80046b36 44
80046b3a 44
80049df4 44
80049dfa 44
80046b3e 44
80049dfe 44
8003eb18 44
80046b42 44
80049e4c 44
80046b46 44
80046b4a 44
8003eb14 44
80041554 44
80046b4e 44
8003eb10 44
80046b52 44
80049e1a 44
80046b56 44
800414f8 44
80041146 44
80046bb2 44
80041514 44
80046bb6 44
80049dda 44
80049dde 44
80041500 44
80049de2 44
800414fc 44
80046bba 44
80046bae 44
80045b34 44
80046bbe 44
80046bc2 44
80046bc6 44
80046bca 44
80046bce 44
80045b30 44
80046bd2 44
80041598 44
80046bd6 44
800410c0 44
80045b40 44
80046b7e 44
80049e58 44
80046b82 44
80041544 44
80046b86 44
80046b8a 44
80041538 44
80046b8e 44
800410b4 44
80046b32 44
80046b92 44
80046b96 44
800410cc 44
80046b9a 44
80041528 44
80046b9e 44
80045b3c 44
80041520 44
8004113c 44
800410e2 44
80040cc0 44
80049d6e 44
80046aee 44
80049d74 44
80049d7a 44
80045b5c 44
80045b54 44
8003eb88 44
8003eb84 44
80040cb0 44
80049d6a 44
8003eb80 44
80046af2 44
80040ca8 44
80049dc6 44
8003eb7c 44
8003eb78 44
80040ca4 44
8003eb74 44
80049dcc 44
8003eb70 44
80045b64 44
80046ac2 44
80046ac6 44
80046aca 44
80046ace 44
8003ebb0 44
80046ad2 44
80046ad6 44
80045b68 44
80040cc8 44
80046ada 44
800410d6 44
80046ade 44
80049d50 44
80046ae2 44
80045b60 44
80049d56 44
80046ae6 44
80049d5a 44
80049d60 44
80046aea 44
80041560 44
80041574 44
80041570 44
80045b4c 44
80046b1e 44
8004156c 44
80041568 44
80046b22 44
80049dc8 44
80049dce 44
80041564 44
80046b1a 44
80046b26 44
80046b2a 44
80049dd2 44
80049dd6 44
80049de0 44
80046b2e 44
80049de6 44
80045b48 44
80049dea 44
80049da4 44
8003eb68 44
80049d80 44
80040c9c 44
80046af6 44
80049d86 44
80049d8c 44
80046afa 44
800410ac 44
80049d92 44
80046afe 44
8004159c 44
80046b02 44
800410c4 44
80046b06 44
80049daa 44
80049db6 44
80045b50 44
80041578 44
80049dbc 44
80046b16 44
80049e60 44
8004126c 44
80046c7c 44
80049e48 44
80049e4e 44
80049e56 44
80046c84 44
80049e5c 44
800412a8 44
80046c88 44
80045ad2 44
80046c78 44
80046c8c 44
80045ace 44
80045aca 44
80046c90 44
80049e64 44
800412d8 44
80046c94 44
80041716 44
80046c98 44
80049e72 44
80046c72 44
80049e16 44
80045ae6 44
80046c66 44
80041240 44
80049e22 44
80046c6a 44
80046c6e 44
80049e2a 44
8004124c 44
80045ada 44
80045ac6 44
80041258 44
80049e30 44
80046c76 44
80040fb6 44
80049e34 44
80049e3e 44
80041264 44
80040fac 44
80045ad6 44
80046ce0 44
80049e86 44
80046cc6 44
80049e8a 44
80041310 44
80049e8e 44
8004131c 44
80046cda 44
80041330 44
80046cde 44
8004133c 44
80041304 44
80041348 44
80046ce4 44
80041354 44
80041732 44
80046ce8 44
8004135c 44
80041370 44
80046cec 44
80045ab2 44
80045ac2 44
80046c9c 44
80046ca0 44
800412e4 44
80046ca4 44
80046ca8 44
80049e76 44
80046cac 44
800412f0 44
80049e7c 44
80046cae 44
80049e14 44
80046cb2 44
80049e80 44
800412f8 44
80045abe 44
80049e82 44
80046cb6 44
80045ab6 44
80046cba 44
8004172e 44
80046c1a 44
80045b12 44
80046c06 44
80045b0e 44
8004100e 44
80046c0a 44
80046c0e 44
80045b0a 44
80045b06 44
80046c12 44
80046c16 44
80046c02 44
80041152 44
80046c1e 44
80041002 44
80041184 44
80046c28 44
80049de8 44
8003ea48 44
80041190 44
80046c2c 44
80040ffe 44
80045b20 44
80046bda 44
80046bde 44
80045b2c 44
80046be2 44
80045b24 44
80046be6 44
800415a0 44
80046bea 44
800414dc 44
80046bee 44
80041198 44
80046bf2 44
800415a8 44
80046bf6 44
80045b1e 44
80046bfa 44
80045b1a 44
80046bfe 44
80045b16 44
800414d0 44
80045af2 44
8003ea2c 44
80046c52 44
80049e06 44
80041494 44
80049e0a 44
80046c56 44
8003ea28 44
80041210 44
80046c5a 44
80041490 44
80045af6 44
8004121c 44
8004148c 44
80049e0c 44
80046c5e 44
80041488 44
80049e10 44
80045aea 44
80046c62 44
80041228 44
80049df8 44
8003ea44 44
80046c30 44
80045afe 44
80049dec 44
80046c34 44
800411b0 44
8003ea3c 44
80046c38 44
80046c3c 44
800411d4 44
80046f4a 44
8003ea38 44
80045afa 44
80046c44 44
800411e4 44
8004149c 44
80049e00 44
8003ea30 44
80046c4e 44
80041498 44
80049c88 44
80040e92 44
80043fe6 44
80049b88 44
80049c74 44
80049c78 44
80049c7c 44
80049b8a 44
80049b8e 44
80049c70 44
80040e86 44
80049c90 44
80049c94 44
80043fcc 44
80049b90 44
80049c98 44
80041510 44
80049b94 44
80043fea 44
80049b84 44
80049c6c 44
80040e8a 44
80043ff4 44
80049b82 44
80049b7e 44
80049b7c 44
80044000 44
80049c5c 44
80049b78 44
80049b74 44
80049b70 44
8004153c 44
80049c58 44
80049baa 44
80040e66 44
80049bbe 44
800469c6 44
80049bbc 44
80049bba 44
800469b2 44
800469a2 44
80049bb6 44
80049cbc 44
80046994 44
80049bb4 44
8004698e 44
80049bb2 44
80049bb0 44
80049bac 44
80049b6e 44
80049ba8 44
80049ba6 44
80049cac 44
80041518 44
80049ba2 44
80049b9e 44
80043fb4 44
80043fb8 44
80049ca8 44
80040e5e 44
80049ca4 44
80049b9a 44
80049ca0 44
80049b98 44
80049c9c 44
80049c1c 44
8004353c 44
8003ed6c 44
80049c2c 44
80049c28 44
80043568 44
80043e56 44
80043528 44
80049c24 44
80049b52 44
80043520 44
80049c20 44
8004350c 44
8004356c 44
80043e5a 44
800434f8 44
80049b56 44
80049b50 44
8003ed70 44
80049c18 44
800434a0 44
8004347c 44
80043468 44
80043578 44
80049b4c 44
80049b4a 44
80049b48 44
8003ea34 44
80049b44 44
80049b42 44
80049b40 44
80049c14 44
8004361c 44
80041548 44
80041540 44
80049b6c 44
80049b6a 44
80049c54 44
80049b66 44
80049b64 44
80043558 44
80049c50 44
800437b8 44
8003ed64 44
8004355c 44
80049c48 44
80049c44 44
80043f1e 44
80049cc0 44
80049b62 44
80043600 44
800435ec 44
80049b5e 44
80049c40 44
80043560 44
8003ed68 44
800435a8 44
80049c3c 44
80049c38 44
80043580 44
80049b5a 44
80043564 44
80049c30 44
80043550 44
80043768 44
8003ee00 44
8003ee44 44
80040e12 44
8003ee18 44
800437ae 44
8003edc4 44
80044050 44
80044076 44
8004409e 44
800437a6 44
80043f72 44
800440a8 44
8003ef98 44
80044070 44
80040df2 44
800437c0 44
80040e36 44
80043f78 44
8004375c 44
800414e8 44
80043750 44
80040e3a 44
8003ed2c 44
80040e3e 44
8003ed24 44
8003ed00 44
800414f0 44
8003ecf8 44
8003ecd4 44
8003eccc 44
8003ecbc 44
8003ef64 44
8003efd0 44
8003ef68 44
8003efc8 44
8003efc4 44
80046c20 44
8003efc0 44
8003ef80 44
8003edc0 44
80040d6e 44
8003ef7c 44
8003ef74 44
8003ef70 44
80043f38 44
80043f44 44
8003ef6c 44
80043f8a 44
8003eee0 44
8003eedc 44
80044100 44
800440f4 44
8003edfc 44
8003eeb4 44
80046baa 44
8003ee9c 44
80046ba6 44
8003ee78 44
8003ee70 44
80040dce 44
80043f54 44
80043f58 44
80043f5c 44
80049cdc 44
8003eb8c 44
80049cf4 44
80041290 44
8003eb6c 44
80049cf0 44
8003eb64 44
80040e4a 44
80040e56 44
8003eb50 44
8003eb4c 44
8003eb48 44
80049ce8 44
80049ce4 44
8003eb24 44
80049ce0 44
8003ebbc 44
8003eb04 44
8003eafc 44
80040e5a 44
80049bd8 44
80049bd6 44
80049bce 44
8004379a 44
80049bcc 44
80046a2e 44
80049cd8 44
80046a26 44
80049bc8 44
80049ccc 44
80049bc6 44
80049cc8 44
8003ebfc 44
80043724 44
8003ecb4 44
8003ecac 44
8003ec98 44
8003ec90 44
8003ec6c 44
80043e36 44
80043f9c 44
80043548 44
8003ec48 44
8003ec40 44
8003ec1c 44
8003ec14 44
80040e2e 44
8003ec04 44
80049b3c 44
800436fc 44
8003ebf4 44
80040e32 44
80043fa6 44
80046b10 44
8003ebe0 44
8003ebd8 44
80046b0c 44
80046b08 44
80040e42 44
800436e0 44
80043fac 44
80049cf8 44
80043fba 44
80043fb0 44
8003ee88 44
80040dde 44
80040dca 44
80041116 44
80040ce8 44
80040d98 44
8004113a 44
80041244 44
80043d64 44
80040db4 44
80040d36 44
80040dea 44
80040dee 44
8003ee84 44
8004127c 44
80040da8 44
80040de2 44
80043d56 44
8003ee8c 44
80043d50 44
80041260 44
8003ee90 44
8003ee94 44
8003ee98 44
80041300 44
80043d4c 44
80043782 44
800416bc 44
800416d0 44
80041458 44
8004145c 44
80043d40 44
80040ff6 44
80040ffa 44
8003ee0c 44
80041006 44
80041026 44
8003ee10 44
8004102a 44
8004102e 44
80041032 44
800411a8 44
80041036 44
8004114e 44
800410da 44
8004101a 44
80041066 44
80041012 44
800416e4 44
8004106a 44
8004106e 44
80041076 44
80040ebc 44
8003ee1c 44
8003ee20 44
800410de 44
80040e1e 44
80040e1a 44
80040cd0 44
8003ee24 44
80040e06 44
80040cd8 44
80040df6 44
80040ce0 44
80045504 44
80045dbe 44
80045d8e 44
80045d7e 44
80045d68 44
80045d62 44
800434c8 44
80045d5e 44
80045d52 44
80045d4e 44
80045d2e 44
80045d2a 44
80045d1e 44
80045502 44
80045d14 44
80045ce4 44
80045dd6 44
80045508 44
800435bc 44
8004550c 44
80045510 44
80045520 44
80043644 44
80043658 44
80045cda 44
80045cce 44
80045524 44
80045cc4 44
80045526 44
8004552a 44
8004552c 44
80043688 44
80044080 44
80041478 44
8004147c 44
8004173c 44
80041070 44
8004107c 44
80041088 44
8004109c 44
800410a4 44
800410c8 44
800410e6 44
800410ea 44
800410f2 44
800410fa 44
80041102 44
80041106 44
80040ff2 44
80044090 44
80044094 44
8004409c 44
800440a6 44
800440ac 44
800440b0 44
80043300 44
80043308 44
80043330 44
80043344 44
80040cea 44
80040ce2 44
800433b8 44
800433cc 44
80045dda 44
8003ed84 44
80049b12 44
80049b0e 44
80040fea 44
80049b0c 44
80043440 44
80049b0a 44
80043d2e 44
80049b06 44
8003ed80 44
80043438 44
80049b04 44
8004403e 44
80043424 44
80043dc6 44
80049b02 44
80043ddc 44
80043d08 44
80043406 44
800433e0 44
80049b00 44
8003ed98 44
80043dbc 44
800433a4 44
80049afc 44
80049afa 44
80040c94 44
8004339c 44
80049af6 44
80043388 44
80040c98 44
80049af4 44
8003ea54 44
8003ed74 44
80049b3a 44
8003ea40 44
80049b38 44
80049b34 44
80049b32 44
80049b30 44
80049b2c 44
8003ea4c 44
80049b2a 44
80049b26 44
80049b22 44
8003ea50 44
80049b20 44
80049b1e 44
80044056 44
8003ea58 44
80044026 44
80049b1c 44
80043de0 44
80049b1a 44
8003ea5c 44
80049b18 44
8003ea60 44
80044030 44
80043454 44
80049b16 44
80040fe6 44
8003ed78 44
80049b14 44
8003ea64 44
80041374 44
80049ae0 44
80049ade 44
8003edc8 44
80049adc 44
80043d94 44
8003edcc 44
800411a0 44
80043d8c 44
80043d88 44
800433f2 44
8003edd0 44
8003edd4 44
80043d74 44
8003edd8 44
80043cc8 44
80049ae2 44
8003edf8 44
80041294 44
80041280 44
800411f0 44
800411e8 44
80043d68 44
800411c4 44
8003ee04 44
800411d8 44
80043544 44
80043e32 44
8003ee08 44
8004354c 44
80043e3a 44
80040fee 44
80041640 44
8004331c 44
8003ed9c 44
80040cac 44
80044062 44
80043dac 44
80040cb4 44
8004170e 44
80040cbc 44
8003eda0 44
80040cdc 44
80040cec 44
80049af2 44
80041174 44
80049aee 44
8003eda8 44
8003efd4 44
80049aec 44
80041594 44
800415b8 44
8004406c 44
8003edac 44
80040d94 44
80049aea 44
8003edb0 44
80044072 44
80040dac 44
80049ae8 44
80049ae6 44
80040db0 44
80043d98 44
80049ae4 44
8003eb5c 44
8003efb8 44
80043ec6 44
8003eac0 44
80041042 44
8003eed4 44
8003eabc 44
8003eb54 44
8003eb58 44
800410a0 44
8003eb60 44
8003eab8 44
80040d1e 44
8003ede0 44
8004103a 44
80043ebc 44
8003eab4 44
800416a8 44
80040d2a 44
8003eb44 44
8003eb40 44
8003eac4 44
8003eb28 44
8003eb20 44
8003eac8 44
8003ef4c 44
8003eaf4 44
800413e8 44
8004107a 44
8003ede4 44
80040d5e 44
80041428 44
80040d7a 44
80043690 44
8003eae8 44
8003eab0 44
8003eaac 44
8004100a 44
800413a0 44
80041128 44
800434e4 44
8003efb4 44
80041016 44
80043e98 44
800435c4 44
800436cc 44
80043e9c 44
800436b8 44
800436a4 44
800411ac 44
80043660 44
8004101e 44
8004364c 44
8003ef48 44
80043eaa 44
80043638 44
80043630 44
80041022 44
800435d8 44
80040d32 44
8004372c 44
80040d0a 44
80043710 44
80043594 44
80040d0e 44
800415dc 44
800415b0 44
80043e00 44
800415bc 44
80049e8c 44
80049e88 44
80049e84 44
80049e7e 44
80049e7a 44
80049e70 44
80049e62 44
800415d0 44
80049e5e 44
8003ee2c 44
80044108 44
80044104 44
80040d7e 44
8003ef10 44
800415f4 44
8003ee58 44
80041378 44
800440d0 44
800440cc 44
80041610 44
80040d82 44
800440c8 44
800440c4 44
80044096 44
8004408c 44
80044088 44
80044084 44
80041434 44
80043e24 44
8004146c 44
800434bc 44
800434aa 44
8004342a 44
80043416 44
800411f4 44
80040dc6 44
800411f8 44
80040cb8 44
80041484 44
8003ef90 44
80043e2c 44
80043348 44
80043334 44
8004142c 44
8003eed0 44
8004344a 44
8003ee28 44
80043e16 44
80040e16 44
8003ef0c 44
80040e2a 44
80043ed4 44
80040d86 44
8003ee54 44
80043ed8 44
80040e9e 44
80043e12 44
80041368 44
8003ef94 44
80043e0e 44
8003ed8c 44
8003eec0 44
8003edec 44
80040d5a 44
8003eec4 44
8003eb1c 44
8003eec8 44
8003eda4 44
80040d62 44
8004128c 44
80040e62 44
8004151c 44
8004150c 44
80040d4c 44
80040e6e 44
80041524 44
800414ec 44
800410f6 44
8003ed54 44
8003eed8 44
8003eacc 44
8003eb38 44
8004112c 44
8003ed58 44
80040d3a 44
8003ead0 44
8003efbc 44
8003eb3c 44
80040c90 44
8003ef50 44
800410c2 44
8003ed5c 44
80043e6c 44
8003ed44 44
80041504 44
80040e52 44
8003ed48 44
8003ed4c 44
8003eebc 44
80040d6a 44
8003ed40 44
8003ee60 44
8003eeb8 44
80040d50 44
80043574 44
80043e62 44
8003ef18 44
8003ee64 44
800413ec 44
8003ef1c 44
80043e70 44
800413f4 44
8004357c 44
8003ef20 44
8004152c 44
80041534 44
80040e82 44
80040d46 44
800410fe 44
80041530 44
80040d3e 44
80040e7e 44
8003ed7c 44
800411fc 44
800437b6 44
8003efac 44
80043e4c 44
80043e50 44
80043e52 44
80041288 44
8003eba4 44
800412b8 44
80040d2e 44
800412cc 44
8003eba0 44
80043e64 44
800412dc 44
8004130c 44
800413e0 44
8004108c 44
8003ef44 44
8003eddc 44
800410d4 44
80041358 44
8003eb9c 44
80041360 44
8003eb98 44
8003eb94 44
8003efa4 44
80043e82 44
8003eaf8 44
8003efa8 44
800412a4 44
8003eaf0 44
80043e88 44
8003eaec 44
8003ef9c 44
8003ede8 44
8003ed90 44
8003ed60 44
8004105e 44
8003ef24 44
8003ef28 44
800412fc 44
8003ed94 44
80043ce2 44
8003ef2c 44
80043cd8 44
80041080 44
8003ef30 44
80040fa8 44
80041084 44
8004407a 44
8003eecc 44
8003ed88 44
80041450 44
8003eb34 44
80040dd6 44
80040ea4 44
8003ed50 44
8003ef34 44
8003efa0 44
8003efb0 44
80041098 44
8003ef40 44
80043e3e 44
80041094 44
80043e40 44
80043e68 44
80043d0a 44
8003eae6 44
80043d3a 44
80040e72 44
8003ef04 44
80043d44 44
80046dc4 44
80043d62 44
80046db4 44
80043da6 44
80043db0 44
80043df4 44
8004171c 44
80046da4 44
8003ee4c 44
8003eae2 44
80046da0 44
80043e90 44
80041708 44
80043ec0 44
80046d7e 44
80041700 44
80046d6a 44
80043f48 44
80043472 44
80046d66 44
80043fe4 44
80046d62 44
80043ff8 44
8003ee50 44
800416ec 44
8003eef4 44
80046ee2 44
80046ede 44
8003ea96 44
80046ed6 44
8003ea9a 44
80046ed2 44
8003ea9e 44
80046ece 44
80046ec6 44
8003eaa2 44
80046ec2 44
8003eeec 44
80046eb2 44
8003eaae 44
8003eef0 44
800416d8 44
80046e56 44
80046e4e 44
8003eace 44
8003edf4 44
80046e4a 44
8003ead2 44
80046e46 44
8003ead6 44
8003ee48 44
8003eada 44
80040eb4 44
80046e0e 44
80040e9a 44
8003eade 44
80046e0a 44
8003f08c 44
80043ef8 44
800415cc 44
80040cfe 44
8003edb4 44
8003f0ca 44
8003f0c6 44
8003f0ba 44
80040d12 44
80049d14 44
8003f0a0 44
8003edb8 44
8003f09c 44
8003f094 44
80049d0c 44
8003f090 44
80040cde 44
80040d1a 44
8003f060 44
80049d04 44
80049cfc 44
8003f05c 44
8003f054 44
8003edbc 44
8003f050 44
8003f018 44
8003f014 44
8003f008 44
80043f10 44
8003f004 44
8003f000 44
80043f14 44
80046cce 44
80046d14 44
800416c4 44
80040dc4 44
80046d00 44
80046cfc 44
8003ef54 44
80046cf8 44
80046cf4 44
80041680 44
80040d88 44
8004166c 44
80046cd6 44
80040d76 44
80040d72 44
80046cd2 44
8003ea92 44
8003ef58 44
80046cca 44
80046cbe 44
80040d66 44
80040cd2 44
80040cd6 44
80040cda 44
80040d04 44
8003ef5c 44
80046c80 44
80040ce6 44
80040cf2 44
80043ef4 44
8003f0d8 44
80040cfa 44
80040d8a 44
80043f94 44
80040fda 44
80043f90 44
80041690 44
80043f86 44
80040fde 44
80043f82 44
80040fe2 44
80043f60 44
80043f34 44
80043f30 44
80043f2a 44
8003ee34 44
80043f0c 44
80041208 44
80040fd6 44
80043f08 44
80043ef0 44
80043eec 44
8004143c 44
80043ee0 44
80043de6 44
80043edc 44
8003ee38 44
80049d4c 44
80043ece 44
8004341a 44
8004342e 44
80049d46 44
80043eca 44
80049d42 44
80040fbe 44
80044064 44
8004163c 44
80044038 44
8003ee30 44
80044034 44
80041648 44
8004402c 44
80040fa2 44
8003ef14 44
80043ee8 44
80040fb2 44
8003ee5c 44
80041668 44
80040fba 44
80041230 44
80049d3c 44
800411c0 44
80040d8e 44
80040fc2 44
80040fc6 44
80043fdc 44
80043fd8 44
80040fca 44
80043fd4 44
80040fce 44
80043fd0 44
80041684 44
80043fc8 44
80041438 44
80040fd2 44
80043f98 44
80046f8a 44
8004107e 44
80041078 44
8003ea62 44
80046fc6 44
80041072 44
8003ea66 44
80043d28 44
8004345e 44
80043d1a 44
8003ea6a 44
80043d16 44
8003ee3c 44
80043d0e 44
80041052 44
8003ea6e 44
80046fd2 44
8003eb30 44
8003ea72 44
80043cbc 44
8003ee40 44
8003ea7a 44
80046f46 44
8003ea7e 44
80046f1e 44
8003ea82 44
8003eee8 44
8003ea86 44
8003ea8a 44
80046eee 44
80046eea 44
8003ea8e 44
80043e44 44
80043e74 44
80049d38 44
80043e48 44
800470aa 44
800470a6 44
800470a2 44
8004709e 44
8004709a 44
80041448 44
80047092 44
8004708e 44
8004708a 44
80049d2e 44
80047082 44
8004705a 44
80045730 44
8004704a 44
8003eb2c 44
80047046 44
80043e28 44
80043e20 44
80043e1c 44
80043e0a 44
80049d22 44
80043db8 44
80043d90 44
80041440 44
80049d1c 44
80046fe6 44
80043d70 44
80046fe2 44
800455e8 44
8004556e 44
800433c0 44
800433e8 44
8004556a 44
80043378 44
80043434 44
800432fe 44
8004346c 44
80045564 44
80045708 44
800456f4 44
80045560 44
8004568e 44
80045a1a 44
80043d82 44
80043304 44
80043372 44
80043d5a 44
80043306 44
800459a2 44
80043d20 44
80045610 44
80043cf0 44
80045738 44
80045676 44
80041204 44
800455ec 44
80043432 44
80043370 44
800410ee 44
8004564a 44
8004571c 44
80045582 44
800456e4 44
80043cf2 44
80045692 44
8004566e 44
80045580 44
80041090 44
800434a2 44
80045646 44
80045672 44
800433be 44
800455e2 44
800456a4 44
80041158 44
80043464 44
800455e6 44
8004557e 44
8004557a 44
80043d52 44
800459b6 44
80043404 44
8004337c 44
8004337a 44
800459a6 44
8004116c 44
80045572 44
80045966 44
800434d8 44
8004330e 44
80045600 44
80045668 44
80045982 44
800455d8 44
8004568a 44
800455dc 44
8004347a 44
80043316 44
800456fc 44
8004335e 44
8004560c 44
800433ec 44
80045638 44
80045a4a 44
80045636 44
800455f8 44
8004377c 44
80043d6c 44
80043318 44
8004335a 44
80043d9e 44
80045558 44
80045962 44
800440e8 44
80045b38 44
80045956 44
8004563e 44
80045642 44
800437c6 44
800456e8 44
800455f2 44
800433c8 44
80043402 44
80045996 44
8004336e 44
8004346e 44
800455f6 44
80044124 44
80045a2a 44
800455b8 44
80043daa 44
80043384 44
80043d5e 44
80045992 44
80043674 44
8004555c 44
80045720 44
8004567a 44
80043476 44
80043422 44
8004563a 44
80045986 44
80045c04 44
80043366 44
8004349c 44
80045734 44
800455ac 44
8004582c 44
800433a8 44
8004558e 44
8004343c 44
80040ca0 44
80043398 44
800455c8 44
80049c0e 44
80045656 44
80041550 44
8004340e 44
80045662 44
800440bc 44
800455a6 44
800456aa 44
80045bb8 44
80044114 44
80043444 44
800456ae 44
80043d32 44
800455cc 44
800455ce 44
80043448 44
80043d36 44
80043dbe 44
80045b58 44
80045704 44
8004339e 44
80045bbe 44
800440b4 44
800455a2 44
80045bc2 44
80049c02 44
8004343a 44
80049bfe 44
8004565a 44
8004559e 44
800455c6 44
800456a8 44
8004559c 44
80049bfa 44
800433a0 44
80043394 44
80049bf2 44
80049be4 44
80049bde 44
80045598 44
80043498 44
800440b8 44
80045596 44
80043d24 44
80040ccc 44
8004565e 44
80043cfc 44
80040cc4 44
80045592 44
80045ade 44
800433ac 44
800456c8 44
80043d86 44
800456cc 44
800456d0 44
80043cf8 44
800456d6 44
800433b4 44
80045be4 44
80043db4 44
80045aba 44
8004338c 44
800459ea 44
800434c0 44
800456c6 44
800455de 44
8004340a 44
800456da 44
8004564e 44
800456e0 44
80043458 44
800433de 44
80043cd0 44
8004345a 44
80045586 44
800433bc 44
80043d48 44
800433e4 44
800455d2 44
800455ae 44
80043390 44
80045bce 44
80045718 44
80041508 44
80045a0a 44
80045652 44
8004344e 44
800455b2 44
80045622 44
800456b0 44
800455b6 44
8004338e 44
80043450 44
80045b88 44
8004378e 44
800440c0 44
800455d6 44
80043d3e 44
8004558a 44
80045666 44
80045698 44
80045696 44
800456b4 44
8004566a 44
80043d9a 44
80043d2c 44
800456c2 44
80044118 44
80045632 44
80043338 44
80045aee 44
800434a6 44
80043738 44
80045544 44
800433dc 44
80043774 44
80045ba8 44
80045946 44
80045606 44
80043324 44
8004348c 44
80045686 44
800456f0 44
800434b6 44
800455fc 44
80045a5a 44
80045a6a 44
80045716 44
800456c0 44
80045926 44
800434b2 44
80043340 44
80043484 44
80045952 44
80045916 44
800433fa 44
8004561a 44
80045602 44
800456ea 44
800440dc 44
80045ba2 44
80043cf4 44
80045a9a 44
800433d4 44
80043cee 44
80045c64 44
8004572c 44
8004572a 44
80043320 44
80043d12 44
80045710 44
800433f6 44
80043d7a 44
80045ae2 44
80043488 44
8004562e 44
800434d0 44
8004567e 44
80045932 44
80045724 44
80043d76 44
800437bc 44
8004562a 44
80043d1c 44
80045712 44
800456b8 44
80043352 44
80040e0a 44
80043494 44
8004334a 44
800434ba 44
8004348a 44
800434cc 44
80045922 44
8004553c 44
800458f2 44
80045612 44
80043d04 44
80045626 44
80045b02 44
80045c54 44
80045c3e 44
80045c4a 44
8004332c 44
80043414 44
800433d0 44
80043cea 44
80045c4e 44
80045620 44
80045726 44
80043400 44
80045534 44
80045936 44
80045538 44
800433ee 44
800411ec 44
80045682 44
80045548 44
800434c4 44
80045b28 44
8004561c 44
800436f4 44
80045540 44
800458f6 44
800455be 44
800456ee 44
800456bc 44
80043da2 44
80045616 44
8004341e 44
800455c2 44
80043480 44
80045c34 44
8004369c 44
8001256a 45
800125a6 45
8001251a 45
8001252a 45
800125c4 45
80012638 45
80012516 45
80012532 45
80012530 45
80012570 45
8001261e 45
80012620 45
80012622 45
80012624 45
80012626 45
80012628 45
8001262a 45
8001252e 45
8001262c 45
80012514 45
8001262e 45
80012630 45
80012650 45
80012634 45
80012528 45
800126a8 45
80012588 45
8001263c 45
80012518 45
80012640 45
8001258c 45
8001256e 45
8001258e 45
800125ca 45
80012644 45
80012648 45
8001264c 45
800125c8 45
80012680 45
80012606 45
800126dc 45
80012674 45
800126d8 45
8001252c 45
800125ac 45
80012684 45
8001254c 45
80012526 45
800126d4 45
80012678 45
80012534 45
80012660 45
80012552 45
80012688 45
8001267c 45
800126e4 45
800125aa 45
8001266c 45
80012600 45
800126f0 45
80012668 45
800126e8 45
800126e6 45
80012664 45
800126ec 45
800126e0 45
80012670 45
800126ee 45
800125e6 45
8001251e 45
80012604 45
800125e2 45
800126c4 45
800126b4 45
80012550 45
8001251c 45
800126a4 45
800126a0 45
800126b8 45
8001269c 45
8001265c 45
800126bc 45
800126c0 45
800126ea 45
80012698 45
80012694 45
800126c8 45
800126cc 45
80012690 45
8001268c 45
80012524 45
80012654 45
80012658 45
800126d0 45
80012520 45
800126b0 45
800126ac 45
800125e8 45
80001b46 50
8004a27c 50
8004a302 50
8004a2fe 50
8004a286 50
80001b4a 50
8004a274 50
8004a278 50
8004a2f6 50
8004a2fa 50
8004a27e 50
8004a282 50
8004abb6 56
8004aa66 56
8004abc2 56
8004ab48 56
8004ad60 56
8004aa6c 56
8004abbe 56
8004ab50 56
8004aa68 56
8004aaf0 56
8004aaf6 56
8004ab44 56
8004aaf4 56
8004abb4 56
8004aaf2 56
8004ab5c 56
8004ab8a 56
8004ab6c 56
8004ab9c 56
8004ab98 56
8004ab96 56
8004ab90 56
8004aa70 56
8004ab58 56
8004ab8c 56
8004ab60 56
8004ab68 56
8004ab82 56
8004ab94 56
8004ab86 56
8004ab7e 56
8004abb0 56
8004aba8 56
8004abba 56
8004aafa 56
8004ad5c 56
8004abac 56
8004ab72 56
8004ab6e 56
8004ab76 56
8004aa62 56
8004aba4 56
8004aba0 56
8004ab64 56
8004aaf8 56
8004aaee 56
8004ab54 56
8004ab4c 56
8004ab7a 56
800497fc 63
800496a2 63
8004984c 63
800496f4 63
80049846 63
800497f0 63
800497a0 63
80049784 63
80049850 63
800496a6 63
800497c0 63
80049748 63
80049760 63
80049768 63
80049804 63
8004978c 63
80049744 63
800497f8 63
800497f4 63
80049820 63
8004979c 63
80049702 63
80049852 63
80049690 63
80049764 63
8004976c 63
800496ae 63
80049780 63
80049818 63
80049794 63
800496b6 63
8004974c 63
800497b4 63
80049798 63
8004984a 63
8004981c 63
8004975c 63
800496ba 63
80049754 63
8004977c 63
80049800 63
80049758 63
80049770 63
800496fe 63
80049790 63
80049856 63
80049750 63
80049788 63
800496c4 63
8004985a 63
800496aa 63
80049698 63
8004980c 63
8004964c 63
80049648 63
80049644 63
800497ec 63
80049640 63
80049736 63
8004968e 63
80049634 63
80049624 63
8004961c 63
80049694 63
8004973a 63
80049618 63
800496da 63
80049650 63
8004966c 63
80049668 63
8004974a 63
800496b2 63
800497ac 63
800497b0 63
8004969e 63
800497b8 63
80049814 63
80049620 63
800496bc 63
800496de 63
800497bc 63
800496c8 63
80049686 63
80049678 63
80049712 63
80049716 63
8004967c 63
80049682 63
800497e0 63
8004971a 63
80049676 63
800497e4 63
8004971e 63
8004963c 63
80049680 63
80049674 63
8004972e 63
800497e8 63
80049842 63
80049664 63
80049630 63
80049732 63
80049810 63
8004969c 63
800497dc 63
80049660 63
800497d8 63
8004965c 63
80049658 63
800497d4 63
800497d0 63
80049654 63
800496d6 63
80049832 63
800496c0 63
800497a8 63
80049710 63
80049836 63
800495f8 63
8004970c 63
80049808 63
8004962c 63
8004983a 63
800495fc 63
80049638 63
800495fe 63
80049708 63
80049774 63
800496ce 63
8004982e 63
80049614 63
80049720 63
800497c4 63
800496d2 63
8004968a 63
8004983e 63
80049724 63
80049728 63
800497a4 63
800496e8 63
80049628 63
8004972c 63
800496ec 63
800496f0 63
8004973c 63
80049740 63
80049778 63
80049822 63
8004960c 63
80049610 63
80049826 63
8004982a 63
80049608 63
800496e6 63
800495f6 63
800497c8 63
80049670 63
800496ca 63
800496f6 63
80049606 63
80049704 63
800497cc 63
80049602 63
800496fa 63
800495f2 63
800496e2 63
8001244c 64
80026cb0 64
80028c6a 64
80012452 64
80026ca8 64
80012444 64
80013344 64
80012380 64
80013346 64
8001a554 64
80012454 64
80029c96 64
80013340 64
8001841a 64
80019572 64
80012450 64
80012438 64
80022a3a 64
80025b90 64
800160f8 64
80024b74 64
8001e6a4 64
80029f42 64
8001333e 64
80028d6a 64
80026cac 64
80029c9e 64
80012448 64
80019344 64
8001a610 64
80025c12 64
8001c6e0 64
80029f3e 64
800182f0 64
8001b6ac 64
80028de4 64
800182e8 64
80025c0e 64
800124a0 64
8001a496 64
800124a4 64
800124a6 64
80013348 64
8001845c 64
800124a8 64
80019388 64
80025c0a 64
80025c08 64
80028c00 64
8001249c 64
80028c02 64
80012498 64
800219f2 64
80024af2 64
80024af6 64
8001248c 64
8001248a 64
80012488 64
80018230 64
80024af8 64
80012484 64
8001944c 64
80013402 64
800193fa 64
80025c4c 64
800124c4 64
8001d776 64
80028bfa 64
800124c2 64
80016226 64
80028de8 64
80027b62 64
800218e6 64
8001a558 64
800124c0 64
8001f8ac 64
800194c0 64
80024afc 64
800124bc 64
80028bfe 64
8001d77a 64
80027b64 64
800124b8 64
8001b6b6 64
800124b4 64
80024aae 64
80024ab0 64
8001b6b2 64
80024ab4 64
80024ab8 64
800182e4 64
8001a3e0 64
8002aeb2 64
80022a32 64
80024b6a 64
80022a36 64
8001e758 64
8001d6be 64
80028d6e 64
80026ca6 64
80023a10 64
8001d6ba 64
8001d6c2 64
80012460 64
8001e75e 64
80012464 64
8001a59c 64
80028d70 64
80022a30 64
8001237c 64
80028d74 64
80023a12 64
8001e752 64
80023a16 64
80023a1a 64
8001d72c 64
80024b6c 64
80025b9e 64
8001d72e 64
800183ac 64
80025b9c 64
8001d732 64
8001d736 64
80025b9a 64
80025b96 64
80025b94 64
8001e7ca 64
8001943e 64
80028de2 64
8001a3da 64
80012480 64
8001e890 64
80024afe 64
8002ae62 64
8001d672 64
80024b00 64
80027b60 64
80028c6c 64
8001e886 64
80028c70 64
80028c74 64
8001e81a 64
80024b70 64
8001247c 64
800183a0 64
8001c624 64
8001d676 64
800183ae 64
8001d67a 64
8001c55e 64
80012470 64
8001246e 64
8001246c 64
80028d78 64
80028d76 64
80012468 64
800183a6 64
8001d77e 64
80026d64 64
8001a596 64
80016222 64
800123d4 64
800123d6 64
80026cf0 64
80026d62 64
80020722 64
80026cee 64
8001d5f8 64
8001a618 64
80028cae 64
80028cb2 64
80027c1c 64
800123a0 64
80026d68 64
80027c10 64
80028cb4 64
80028cb8 64
80018362 64
8002aeb4 64
80029e0e 64
8002187c 64
800162e6 64
80027c88 64
80012348 64
8001a36a 64
80012344 64
800123d0 64
800123d8 64
80012364 64
80026cf4 64
800161b4 64
8001a60e 64
8001a4e6 64
8001a552 64
80027c8a 64
80018366 64
8001d6c0 64
80028cbc 64
800123e6 64
8001239e 64
8001d6b4 64
8001d6b8 64
800194fa 64
800194fe 64
800123ea 64
80020724 64
80019404 64
800123ee 64
8002ada6 64
80019506 64
80025a90 64
8002ad30 64
80020726 64
80019448 64
8001835c 64
800192d6 64
80026d6c 64
80019578 64
80026cea 64
8001b640 64
8001a5a4 64
800192d2 64
8001e5e6 64
800172c0 64
8001a5a2 64
800123cc 64
80028cba 64
8001a59a 64
8001d670 64
800172c4 64
8001b642 64
80019444 64
800172c8 64
80019500 64
8004a5a4 64
8001f7fc 64
8001f7fa 64
80029f3c 64
800161a8 64
800123bc 64
80029dc4 64
800123b0 64
800123ac 64
8001f7f6 64
80027c16 64
800161ac 64
80029d58 64
80029d50 64
80025a1a 64
80021874 64
80021878 64
80029d4c 64
8002ae64 64
80029e0c 64
80029ece 64
80029eca 64
80029ed2 64
800160f4 64
80021872 64
80029e80 64
800123b4 64
80029e14 64
8001d544 64
8001f7f4 64
8001d548 64
800123b8 64
8002186e 64
80029e08 64
8001f7fe 64
80027c1a 64
8001d54c 64
800123ba 64
80025a28 64
80025a24 64
80026cf8 64
80025a26 64
80027c14 64
800123c8 64
80026cf6 64
80017380 64
80022af0 64
80022af4 64
80022aec 64
8002ae6c 64
8002afda 64
800162e2 64
8002187a 64
8004a6ce 64
8001234c 64
800161ae 64
8001234a 64
8001b638 64
80029e16 64
800184d4 64
800161b2 64
8001f7f0 64
80029d08 64
80029ca0 64
80029c9c 64
80029c98 64
800160f2 64
8002af68 64
8001e5e2 64
80029e12 64
80025a1e 64
8002af6c 64
80022aea 64
80025a20 64
800161b6 64
800194b6 64
80028d30 64
8001f86a 64
80012390 64
80017438 64
80027bcc 64
8002af70 64
8002afdc 64
8002afe4 64
80012428 64
80028d2c 64
800160fc 64
8001242c 64
8001f86e 64
8001a41e 64
80025b4c 64
80025b4e 64
80012384 64
8001d7f2 64
8001f7ac 64
800160fa 64
8002aeaa 64
80012394 64
80027bd2 64
8001f7ae 64
8001b5f2 64
80022a72 64
80029f46 64
80028d26 64
80025b52 64
8001f868 64
80028d28 64
8002af1e 64
8002af20 64
8002af24 64
8002af28 64
80027bce 64
800162de 64
80024bb2 64
8004a6ee 64
8002089a 64
8002ad3e 64
80024bb8 64
8001c6d6 64
80029c92 64
80012430 64
800183aa 64
80024bb4 64
80018466 64
8001835e 64
800219f4 64
800182aa 64
8001d77c 64
8001d774 64
8001333a 64
80024bae 64
80012434 64
8002071e 64
8001d7e8 64
8001d7ee 64
80025b56 64
80016164 64
8001d7ea 64
800184de 64
80012382 64
8001f872 64
800173c4 64
8002aea6 64
80019442 64
800184d6 64
8002ad36 64
8001b5f0 64
80024bbc 64
80024bba 64
8001944a 64
8002ad3a 64
8002ada8 64
80023a62 64
80023a60 64
8001933e 64
80023a5e 64
8002adf4 64
80019400 64
80012398 64
8001c5dc 64
80023a5a 64
8001b6ae 64
8002aeb0 64
80023a58 64
80023a54 64
8002adac 64
80022a80 64
8002adb0 64
800132fc 64
8001d770 64
80016326 64
800123f2 64
80016320 64
80025a92 64
8002ad34 64
80025a96 64
8001730c 64
80016324 64
8002ad3c 64
80013300 64
8002084a 64
8001239c 64
8001632a 64
8001737c 64
80025a9a 64
800123f4 64
8001632e 64
800123f6 64
80027c8e 64
8002ae68 64
8001b5f6 64
8002adf6 64
8001f7b6 64
8002088e 64
80027c1e 64
80022a7c 64
80024c30 64
8001e654 64
80024c2c 64
80022a7e 64
80022a78 64
8001b584 64
80024c28 64
800184da 64
8001f7b2 64
80024c26 64
8002aeac 64
80022a76 64
800193fc 64
800132f8 64
80027bd6 64
80027c92 64
8002adea 64
80025ad4 64
80025ad8 64
80025ada 64
80025ade 64
80012436 64
80019382 64
80025ae0 64
8002adee 64
80019386 64
80020906 64
800132f6 64
80025ae2 64
8002afe0 64
8004a6d2 64
8001d54a 64
80017440 64
800133b2 64
80028e2c 64
800133b4 64
80013478 64
80017306 64
80020854 64
800133b8 64
80020954 64
8001b53e 64
800173cc 64
800133bc 64
8001730e 64
800173c8 64
800173be 64
80026b38 64
800192d4 64
8002094e 64
8001b402 64
80029dca 64
8001a3e4 64
80017384 64
8001b478 64
80026b30 64
8002094a 64
8001232c 64
80022980 64
80012328 64
80028e2a 64
80019574 64
80026b34 64
80020950 64
80029dc6 64
8004a5a8 64
8001c4ac 64
800219a2 64
8001328e 64
8001724c 64
8001c6d2 64
80028e34 64
80020956 64
8004a6ea 64
8001f680 64
8001328c 64
800192ce 64
8001c51c 64
800207dc 64
800207d8 64
8001d53e 64
8001720c 64
8001328a 64
8001a55c 64
80017208 64
8001a4e8 64
80028e30 64
8001f684 64
800217ba 64
8001c4a0 64
80012358 64
8002297c 64
80022978 64
8001d542 64
80022976 64
80017202 64
80016220 64
8001622a 64
80017254 64
80028e32 64
80017250 64
8001c518 64
8002af6e 64
8001c6de 64
800183a4 64
8001b57e 64
8001b582 64
80013534 64
80013530 64
8001b578 64
8001352c 64
8001352a 64
800182a6 64
80016398 64
800228be 64
8001346e 64
8002395a 64
80013470 64
8001f686 64
80023956 64
8001b410 64
8001616e 64
8002498a 64
80017310 64
80019340 64
80017252 64
80026c2e 64
80027ccc 64
8001b482 64
8001e652 64
8001e658 64
8001e65c 64
80023b1c 64
8001b586 64
80018234 64
800217b4 64
8002395e 64
80029e86 64
80023b88 64
80023ad2 64
80027d96 64
8001b406 64
80016268 64
800192cc 64
800228c2 64
8001b47a 64
8002497c 64
8001822e 64
80029dce 64
800228c6 64
80027d8c 64
80023954 64
80027d88 64
80026b2e 64
8001e696 64
8001e69a 64
800219a4 64
8001e69c 64
8001e6a0 64
8001e6a2 64
8001232e 64
8001822a 64
80024988 64
80028e26 64
8001c74a 64
80027d94 64
800219a8 64
8001b40c 64
80024986 64
8002af66 64
800182a0 64
80013474 64
80024982 64
80027d92 64
8001b47e 64
80024980 64
80027d8e 64
800217b8 64
8001e814 64
8001e7d4 64
8001f734 64
8001c698 64
80026b80 64
8001c694 64
80029ec8 64
8001e80e 64
8001c61a 64
8001e812 64
8001957c 64
8001e818 64
8001e81c 64
8001f6f2 64
8001e888 64
8001e88c 64
8001c4ae 64
80023b8e 64
800219ea 64
80023b10 64
8001e756 64
8001e75c 64
8001e760 64
8001f67a 64
800134b2 64
8001f73e 64
8001a372 64
8001c620 64
8001c4a4 64
8001f73a 64
8001c754 64
8001f738 64
8001c750 64
8001e7cc 64
80029d5a 64
8001f67e 64
8001e7d0 64
80020790 64
8002192a 64
8001c6dc 64
80021934 64
80021930 64
8001a5a0 64
8001f6f6 64
8001f92a 64
8001c74c 64
80022908 64
80029d0a 64
80022904 64
8002192e 64
80020794 64
800182f2 64
80022902 64
8001f92e 64
8001f6fa 64
800228fe 64
80021938 64
80029ec4 64
800207d6 64
80023b14 64
8001a424 64
80029d12 64
80029d0e 64
80023b16 64
8001c690 64
80026b7e 64
80023b1a 64
8001f924 64
8001f926 64
80021936 64
8001c6d8 64
8002290c 64
80019508 64
8002290a 64
80020894 64
8001a4e0 64
80017198 64
80017190 64
8001718c 64
8001c5d8 64
8001a364 64
8001841e 64
80029d56 64
80018422 64
800217c0 64
8001a42c 64
800207d2 64
800173ca 64
800134c0 64
800134be 64
80027d4e 64
80013280 64
800134bc 64
8002af62 64
80017204 64
8001c516 64
8001c560 64
8004a6f0 64
8002084c 64
80020850 64
8001a4e4 64
8001b408 64
8001e70e 64
800217be 64
8001c568 64
80013286 64
8001c5d2 64
80018460 64
80012378 64
8001b40e 64
80013284 64
8001c61c 64
80026b72 64
80020958 64
8001c68e 64
80026b76 64
80026b78 64
80023b92 64
8001e718 64
800217c2 64
8001e714 64
8001a614 64
80020908 64
8001f6f0 64
8002090c 64
8001f740 64
80026b7c 64
8004a5aa 64
80020910 64
80027d44 64
80018462 64
80027d4a 64
800134b8 64
8001a4de 64
80027d46 64
8001b536 64
800134b6 64
800219ec 64
80023ad6 64
8001e710 64
80029e82 64
8001c622 64
8001a4da 64
8001a36e 64
8001c616 64
8001f742 64
8001a370 64
8002284c 64
80012374 64
800194bc 64
8002089c 64
800182a2 64
800239a4 64
8001b5fa 64
80027cda 64
8001b53a 64
80027cd0 64
80029d52 64
80022850 64
800239a2 64
80022852 64
800209c2 64
8001a428 64
800133f6 64
80012320 64
8001b4c0 64
800238e2 64
80026ab8 64
800238de 64
80024a40 64
80024a3c 64
80024a3a 64
80026abc 64
8001f8b8 64
800163a2 64
80022846 64
80024a36 64
8001b4c2 64
8002284a 64
8001626e 64
800239a6 64
80026abe 64
8001f8ba 64
8001724a 64
80023998 64
80028ea8 64
8002adf0 64
800219f0 64
8001d5be 64
80025cc4 64
80025cc6 64
80020798 64
800209cc 64
80021a68 64
8002071c 64
80025cca 64
80012360 64
80025cce 64
80021a64 64
8001d5ba 64
8002adf8 64
8002399c 64
8002399e 64
80026ac2 64
80026bec 64
8001a368 64
80019504 64
8001639e 64
800209c4 64
80026ac4 64
8004a6d6 64
8001639a 64
800209c8 64
8001938e 64
80022854 64
800207de 64
80026ac6 64
80023b1e 64
80027b5a 64
800124d0 64
8001b4ca 64
800124d4 64
80027cd2 64
8001616a 64
800218ec 64
800133fc 64
8001b4c6 64
800218e8 64
8001f8b0 64
80017196 64
800124d8 64
800124dc 64
80023b8a 64
80027cd6 64
800124de 64
800182ee 64
80028bf8 64
80025c50 64
80013404 64
80025c52 64
80025c56 64
80025c58 64
800194b8 64
800219e6 64
80025c5a 64
80012366 64
80016272 64
80017192 64
80027b5c 64
80028dec 64
8001a422 64
8002078e 64
80028bf4 64
80013400 64
800238e4 64
800238ea 64
800124f6 64
80026bf0 64
800238e8 64
8001f8b6 64
800124fa 64
800218f0 64
800124fc 64
80026bf4 64
800124fe 64
80024a44 64
80027cd8 64
8001c4aa 64
80024a42 64
8001c520 64
80020892 64
800133fa 64
8001a498 64
800124e0 64
800207e0 64
8001f8b2 64
8001719a 64
80027b56 64
800238ec 64
8001a3dc 64
80019390 64
8001b63a 64
800124ee 64
8001632c 64
80017246 64
800124f2 64
8001846a 64
8001c4a6 64
8001938c 64
80029ed0 64
80017302 64
8001233c 64
800229be 64
80029e8a 64
80021834 64
80021a60 64
800173c2 64
800160ee 64
80016270 64
80012340 64
8001b534 64
8001d5fe 64
80023ace 64
8001a49c 64
800192c8 64
8001b4c8 64
800229c4 64
8001d602 64
8001e5ea 64
8001b634 64
8001e5e8 64
800172be 64
80028ea0 64
8001235c 64
80023acc 64
8001e5e0 64
800249f2 64
8001d5fc 64
8001e5dc 64
80018468 64
8001b57c 64
800182ea 64
80017436 64
80021a5e 64
8001c5d4 64
80012368 64
80012330 64
80019348 64
800228bc 64
80018236 64
80026c32 64
80017308 64
8002182a 64
8001b63e 64
80018238 64
80028e9e 64
800229b8 64
800229c2 64
8001d5b4 64
80026c34 64
80026c38 64
800229bc 64
800219ac 64
8001a4a0 64
80018418 64
8001f688 64
8002182c 64
8001c55a 64
80021830 64
800162dc 64
8001b4bc 64
8001c566 64
80016166 64
80012324 64
8001743c 64
800229c6 64
80027e00 64
800249f8 64
80026c3c 64
80016264 64
80027e02 64
8001d606 64
80020718 64
8001737a 64
8001d5b6 64
80026bea 64
800249fc 64
8001626a 64
8001c564 64
80028ea4 64
80027e06 64
800249f4 64
8001a42a 64
80026c3a 64
80027e0a 64
8001d604 64
80020898 64
800021c0 75
8004a76e 78
8004a22e 78
8004a23a 78
8004a238 78
8004a766 78
8004a762 78
8004a22a 78
8004a2c2 78
8004a244 78
8004a2be 78
8004a772 78
8004a2ba 78
8004a242 78
8004a2b8 78
8004a2aa 78
8004a2b4 78
8004a76a 78
8004a2b6 78
8004a2e0 78
8004a2de 78
8004a752 78
8004a25e 78
8004a246 78
8004a2dc 78
8004a23c 78
8004a23e 78
8004a262 78
8004a260 78
8004a75a 78
8004a75e 78
8004a756 78
8004a776 78
8004a2c0 78
8004a2a6 78
80002194 81
80002190 81
800022d4 81
800021b2 81
800021ba 81
800021a4 81
8000234a 81
800021b6 81
8000234e 81
80002352 81
80002196 81
80002340 81
80002336 81
80002356 81
8000235a 81
800021ac 81
800021a6 81
800022e2 81
8000235e 81
800022de 81
800021a2 81
8000218c 81
800022d2 81
800022cc 81
800021a8 81
80002344 81
800022d0 81
8000234c 81
800022d6 81
8000219e 81
800022da 81
8000233c 81
80002338 81
8000219a 81
80002348 81
800021b0 81
800021bc 81
8003f35e 88
8003f2fc 88
8003f332 88
800407c6 88
8003f1dc 88
8003f1d2 88
800407ca 88
8003f96a 88
8003f372 88
8003f362 88
8003f7d2 88
800407aa 88
8003f366 88
8003f344 88
8003f936 88
8003f1ca 88
8003f82e 88
80040796 88
8003f422 88
800407d6 88
800407d2 88
8003f256 88
80040a90 88
800407ee 88
800407e6 88
8003f51e 88
80040aa2 88
800407f2 88
8003f340 88
8003f646 88
8003f832 88
8003f336 88
8003f358 88
8003f516 88
8003f26a 88
8003f512 88
8003f8da 88
8003f526 88
8003f396 88
8003f1c8 88
8003f376 88
8003f2f8 88
8003f390 88
8003f354 88
8003f822 88
800407a6 88
8003f39e 88
800407ea 88
80040a08 88
8003f380 88
8003f38e 88
8003f6ca 88
8003f39a 88
8003f79a 88
800409e6 88
8003f368 88
8003f906 88
8003f958 88
8003f93a 88
8003f1ce 88
8003f51a 88
8003f92c 88
8003f36c 88
8004079e 88
8003f41e 88
8003f252 88
8003f35a 88
8003f93e 88
80040580 88
8003f400 88
8003f25c 88
8003f522 88
8003f36e 88
8004068c 88
8003f61e 88
8003f2e4 88
800406b0 88
800406ac 88
800406a8 88
8003f42a 88
8003f7f0 88
800406a4 88
800406a0 88
8003f206 88
80040698 88
80040690 88
8003f636 88
8003f848 88
800406b4 88
8003f63a 88
8003f616 88
80040688 88
80040936 88
8003f844 88
8003f3be 88
80040684 88
8004060c 88
8004095c 88
80040942 88
8003f840 88
800405b0 88
8003f310 88
8003f6d6 88
80040638 88
8003f82a 88
8003f22e 88
800406d0 88
8003f3c6 88
8003f864 88
8003f286 88
8003f22c 88
800406cc 88
8004092a 88
8003f22a 88
800406c4 88
8003f2a4 88
8003f1fc 88
80040630 88
800406bc 88
8003f3c2 88
8003f216 88
8003f860 88
8003f84e 88
800406b8 88
8003f212 88
8003f802 88
8003f20e 88
8003f626 88
8003f622 88
8003f20a 88
8004062c 88
80013154 88
8003f5d6 88
8004061c 88
80040658 88
8003f1ec 88
80013146 88
80013152 88
80040620 88
80040650 88
80040624 88
80013150 88
80040628 88
80040648 88
8003f5de 88
80013144 88
8003f834 88
80040644 88
80040640 88
8003f5e2 88
8004063c 88
8003f1ee 88
8003f3ba 88
8003f2e8 88
80040634 88
8003f7c6 88
8001314a 88
8003f5ea 88
8001314e 88
8004066c 88
8003f83c 88
8003f882 88
8003f1f8 88
8004067c 88
80013156 88
8003f838 88
8003f394 88
80040674 88
800405c0 88
8003f5ca 88
8003f87a 88
80040670 88
80040604 88
8004064c 88
800405c8 88
8003f314 88
80040668 88
80040664 88
800405cc 88
800405d0 88
80040660 88
8003f426 88
8003f5d2 88
80040610 88
80040614 88
8004065c 88
80040618 88
8003f556 88
8003f62e 88
8003f32a 88
8003f7bc 88
8003f404 88
80040588 88
8003f552 88
8003f2f4 88
8003f8e6 88
8003f81e 88
8003f8fe 88
8003f328 88
8003f324 88
8003f3a2 88
8003f8d6 88
8003f38a 88
8003f6ce 88
8004057c 88
8003f3a6 88
8003f29c 88
8003f3aa 88
80040792 88
8003f1e2 88
8003f31a 88
80040994 88
8003f642 88
8003f3ae 88
8003f24a 88
8003f316 88
8003f6de 88
8003f37a 88
8003f41a 88
800409ca 88
8004083a 88
8003f902 88
8003f8e2 88
80040956 88
8003f37e 88
80040584 88
8003f53e 88
800408c6 88
80040916 88
8003f1de 88
800407b2 88
8003f382 88
8003f330 88
8003f542 88
80040886 88
8003f7b4 88
8003f546 88
8003f24e 88
8004087e 88
8003f54a 88
8003f386 88
8003f7b8 88
8003f814 88
8003f54e 88
80040678 88
80040694 88
8003f2f2 88
8003f3c0 88
8003f88a 88
8003f1e8 88
8003f2ee 88
800406e8 88
8004056a 88
8003f2ec 88
800406e4 88
8003f8ba 88
800408ce 88
8003f23e 88
800406e0 88
800406ec 88
8003f2b6 88
800406dc 88
8003f99e 88
8003f2b2 88
80040654 88
8003f87e 88
8003f870 88
800406d8 88
8003f826 88
8003f86c 88
8003f232 88
800406d4 88
8003f868 88
8003f7f6 88
8003f562 88
8003f3b2 88
8003f1e6 88
8003f90e 88
8003f3b6 88
8003f408 88
8003f8aa 88
8003f996 88
8003f8a6 88
8003f3e2 88
8003f8a0 88
8003f818 88
8003f306 88
80040832 88
8003f88e 88
8003f632 88
80040b3e 88
8003f6d2 88
8003f3a8 88
8003f3ca 88
8003f576 88
800406f4 88
8003f244 88
8003f302 88
800406f0 88
8003f300 88
8004069c 88
8003f2c0 88
8003f262 88
800409f4 88
8003f506 88
80040854 88
800405f8 88
800405fc 88
8003f6f2 88
800409ec 88
8003f266 88
8003f50a 88
80040af8 88
8003f50e 88
80040afc 88
8003f25e 88
80040b00 88
8003f26e 88
8003f59a 88
8003f0f4 88
8003f166 88
8003f274 88
800407f8 88
8001310e 88
8001310c 88
80013108 88
800409ce 88
80013104 88
80013102 88
80040680 88
80040576 88
80040a18 88
8004084a 88
80040a14 88
8003f28c 88
80040a10 88
80040a88 88
80040a8c 88
800405d4 88
80040a0c 88
8003f290 88
800405d8 88
8003f0f0 88
8003f280 88
8003f502 88
80040a04 88
800405dc 88
800405e0 88
8003f6e6 88
800405e4 88
800406c0 88
8004084e 88
8003f25a 88
800406c8 88
800405ec 88
8003f59e 88
800405f4 88
8003f108 88
800409a4 88
80040c1a 88
800409a0 88
8003f7a6 88
80040c16 88
80040c12 88
80040c0e 88
80040c0a 88
80040c06 88
80040c02 88
80040bf6 88
80040bf2 88
80040bea 88
80040c1e 88
80040be6 88
80040be2 88
8004099c 88
80040bde 88
80040bd6 88
80040bca 88
80040bc2 88
80040bbe 88
80040bba 88
8003f15e 88
80040bb6 88
80040990 88
80040bb2 88
80040c52 88
8003f0f8 88
80040804 88
8003f284 88
80040808 88
80040c6a 88
8003f0fc 88
800409b6 88
80040c66 88
80040c62 88
80040c5e 88
80040c5a 88
80040c56 88
800409ac 88
80040a1c 88
80040c4e 88
80040c4a 88
80040c46 88
80040c42 88
8003f100 88
80040c3e 88
8003f162 88
8003f55e 88
80040c2e 88
80040c2a 88
800409a8 88
80040c26 88
8003f6c2 88
80040a7c 88
80040a0e 88
8003f48a 88
8003f352 88
8003f6c6 88
8003f486 88
80040a78 88
8003f482 88
8003f9be 88
8003f5aa 88
8003f5a6 88
8003f320 88
8004083e 88
8003f48e 88
8003f6be 88
80040842 88
8003f6ba 88
8003f6b6 88
8003f172 88
8003f5a2 88
800409e2 88
8003f9c8 88
8003f686 88
8003f45e 88
8003f62a 88
8003f45a 88
8003f0de 88
8003f9ba 88
8003f33a 88
8003f90a 88
800135a4 88
8003f2c6 88
80040a9a 88
800135a2 88
8003f4fa 88
8001359e 88
8003f2c4 88
8001359c 88
8003f33e 88
80013598 88
800405e8 88
8003f6b2 88
8003f4fe 88
800405f0 88
8003f346 88
800407e2 88
80040a84 88
8003f5b2 88
8003f5ae 88
8003f174 88
8003f34a 88
80040a80 88
8003f6da 88
8003f682 88
8003f34e 88
8003f0ec 88
80040a60 88
800409c2 88
8003f43e 88
80040a5c 88
8004082e 88
800409be 88
80013218 88
8003f43a 88
8003f16e 88
8003f222 88
8003f692 88
800409ba 88
8003f696 88
8003f9ce 88
8003f436 88
8004097a 88
8003f16a 88
80040a38 88
8003f432 88
800409b4 88
80040558 88
800409da 88
800409de 88
8003f226 88
800409ea 88
80040846 88
80040a20 88
8003f6ae 88
8003f806 88
8004085e 88
8003f68a 88
8003f8de 88
800409d6 88
80040862 88
8003f452 88
8003f68e 88
800409d2 88
8003f21a 88
80040866 88
8003f44e 88
8003f0e0 88
80040bae 88
8004086a 88
8003f6aa 88
8003f44a 88
80040872 88
80040a68 88
8003f446 88
8003f21e 88
8003f8d2 88
80040a64 88
800409c6 88
80040826 88
8003f442 88
8003f572 88
800408de 88
800408c4 88
800408b8 88
8003f144 88
800408c0 88
8003f8bc 88
80040564 88
8004089e 88
8004089a 88
80040896 88
800408b0 88
8003f146 88
8003f56e 88
800408d0 88
8003f6a2 88
80040820 88
8003f57a 88
80040814 88
80040810 88
8004080c 88
80040800 88
800407fc 88
800407f4 88
8004078e 88
8004078a 88
80040786 88
800408da 88
8004094e 88
80012f72 88
80040a22 88
80012f74 88
800409b2 88
80040986 88
80040972 88
8004096e 88
8004096a 88
80040966 88
8003f140 88
80040962 88
8003f6a6 88
8004095e 88
8003f57e 88
8004094a 88
80040924 88
80040910 88
8004090c 88
80040908 88
80040904 88
80040900 88
800408fc 88
800408e8 88
800408e4 88
800408e2 88
800408d8 88
800408d4 88
80040712 88
80040742 88
8004073e 88
8004073a 88
80040736 88
80040732 88
8004072e 88
8004072a 88
80040726 88
80040722 88
8004071e 88
8004071a 88
80040892 88
80040716 88
80040746 88
8004070e 88
8004070a 88
80040706 88
80040702 88
800406fe 88
800406fa 88
800406f6 88
8004088e 88
8004088a 88
800405b4 88
80040882 88
8003f14e 88
800405b8 88
8004077a 88
80040876 88
8003f582 88
8003f586 88
8003f14a 88
8003f58a 88
8003f58e 88
8003f592 88
8003f152 88
800408ca 88
8003f596 88
8004087a 88
80040782 88
8004077e 88
80012f6e 88
80040776 88
8004076e 88
80040766 88
80040762 88
8004075e 88
800408a8 88
8004075a 88
800408a2 88
80040756 88
80040752 88
8004074e 88
8004074a 88
8003f536 88
80040b1e 88
80040b1a 88
80040984 88
80040566 88
80040998 88
80040572 88
8003f52a 88
8004086e 88
8003f52e 88
80040980 88
8003f69a 88
8004097c 88
8003f532 88
8003f110 88
8003f53a 88
8003f11c 88
8003f31c 88
8004095a 88
8004076a 88
80040b16 88
8001321a 88
80040772 88
80040afa 88
8003f69e 88
80040aca 88
8003f128 88
80040ac6 88
8004093a 88
80040baa 88
800407a2 88
80040ba6 88
80040ba2 88
80040b9e 88
80040b9a 88
80040b96 88
8004092e 88
80040b92 88
80040b66 88
8003f10c 88
80040b5a 88
8003f15a 88
8001321c 88
80040b56 88
80040b52 88
8004098c 88
80040b4e 88
80040b4a 88
80040b46 88
80040b32 88
80040988 88
80040b2e 88
80040b2a 88
80040b26 88
80040b22 88
80040976 88
80040a3e 88
80040a62 88
800407da 88
80040a56 88
8004059c 88
80040a52 88
8003f134 88
80040a4e 88
8003f138 88
80040a4a 88
800409f8 88
8003f13c 88
80040a46 88
80040a42 88
8003f56a 88
80040a3a 88
8003f918 88
80040a36 88
80040922 88
80040a32 88
80040a2e 88
8004091e 88
80040a2a 88
8004091a 88
80040a26 88
80040914 88
80012f68 88
80012f6c 88
80040aaa 88
80040952 88
80040ac2 88
80040abe 88
8003f7aa 88
80040aba 88
8003f156 88
8004079a 88
80040ab6 88
80040948 88
80040ab2 88
8003f12c 88
80040aae 88
80040946 88
8003f7fe 88
800407ae 88
80040598 88
80040aa6 88
80040a92 88
80040a8e 88
8004093e 88
800407b6 88
80040938 88
800409b0 88
800407ba 88
8003f566 88
8003f130 88
8003f42e 88
8003f412 88
8003f9d2 88
8003f7e0 88
8003f0e4 88
8003f0dc 88
8003f416 88
8003f1a2 88
8003f602 88
8003f9b4 88
8003f9a8 88
8003f5fe 88
8003f5fa 88
8003f7dc 88
8003f0e8 88
8003f456 88
80040bc8 88
800408ec 88
80040bda 88
8003f5f6 88
800408f0 88
8003f462 88
80040bfe 88
800408f4 88
8003f278 88
800408f8 88
8003f466 88
8003f7b0 88
8003f63e 88
80040c8c 88
8003f15c 88
8003f7e8 88
80040926 88
8003f3f6 88
8003f124 88
800408a4 88
8003f120 88
800137c6 88
8003f944 88
8003f3fa 88
800137c4 88
800407c2 88
8003f856 88
8003f118 88
8003f606 88
800408ac 88
8003f3fe 88
8003f7e4 88
8003f114 88
8003f84a 88
800408b4 88
8003f106 88
8003f40c 88
8003f102 88
8003f410 88
800408bc 88
8003f65a 88
8003f652 88
8003f914 88
8003f6ea 88
8003f476 88
80040bfa 88
8003f9d4 88
8003f47a 88
8003f2b8 88
8003f898 88
8003f47e 88
8003f8fc 88
80013778 88
80013776 88
8003f7ca 88
8003f6ee 88
8003f8f8 88
8003f2bc 88
8003f790 88
8003f492 88
80040bee 88
8003f8f4 88
8003f78c 88
8003f8f0 88
8003f65e 88
8003f8ec 88
8003f788 88
8003f496 88
80040c32 88
8003f5f2 88
8003f8b6 88
8003f8b2 88
80040c3a 88
8003f928 88
8003f8ae 88
80040c36 88
8003f5ee 88
8003f46a 88
8003f19e 88
8003f7a2 88
8003f924 88
80040c22 88
8003f160 88
8003f79e 88
8003f920 88
8003f27c 88
80040590 88
8003f85e 88
8003f894 88
80040560 88
8003f46e 88
8003f85a 88
8003f91c 88
8003f852 88
8003f7ce 88
8003f472 88
8003f7f2 88
8003f2ac 88
8003f272 88
8003f246 88
80040b36 88
8003f242 88
8003f9b6 88
8003f23a 88
8003f9ac 88
8003f64a 88
8003f9a4 88
8003f3ce 88
8003f236 88
8003f214 88
8003f1b2 88
8003f9a0 88
8003f202 88
8003f3d2 88
8003f3d4 88
8003f988 88
8003f1fe 88
8003f984 88
8003f3d8 88
8003f64e 88
8003f308 88
8003f980 88
80040c6e 88
8003f3dc 88
80040ae0 88
8003f1c4 88
8003f7d6 88
800405ac 88
8003f28a 88
8003f7fa 88
80040932 88
8003f912 88
80040ad0 88
8003f294 88
80040818 88
80040ad8 88
8003f7da 88
8003f298 88
8003f1f6 88
8004081c 88
80040836 88
8003f29e 88
8003f1be 88
8003f1b8 88
8003f9c4 88
8003f2a2 88
8003f6e2 88
80040822 88
8003f1b4 88
8003f2a8 88
8003f2b0 88
8003f9c0 88
80013812 88
8003f932 88
80013826 88
80013824 88
8003f1a4 88
80013822 88
8003f1aa 88
80013820 88
8003f198 88
8001381e 88
8001381c 88
8001381a 88
80013818 88
80013814 88
80013828 88
8003f3e6 88
8003f18a 88
8003f3ea 88
8003f954 88
8003f60e 88
800407be 88
8003f17e 88
8003f950 88
8003f3ee 88
8003f60a 88
8003f94c 88
8003f3f2 88
8003f17a 88
8003f1d4 88
8003f97c 88
80040c72 88
8003f978 88
80040c76 88
80040c7a 88
8003f1f2 88
8003f974 88
80040c7e 88
80040c82 88
8003f30c 88
8003f7ec 88
8003f3de 88
8003f1d8 88
8003f67e 88
80040c86 88
800407de 88
8003f7ae 88
80040c8a 88
8003f970 88
8003f1c2 88
8003f1ae 88
8003f3e0 88
8003f1ba 88
8003f1a8 88
800407ce 88
8001382a 88
8003f738 88
8003f5b6 88
8003f95a 88
8003f700 88
80040b04 88
8003f798 88
8003f704 88
8003f794 88
8003f744 88
8003f4d6 88
80040b38 88
8003f740 88
8003f708 88
8003f728 88
8003f720 88
80040b08 88
8003f4da 88
8003f734 88
8003f72c 88
8003f188 88
8003f948 88
8003f714 88
80013216 88
80040b60 88
80040af4 88
8003f942 88
80040af0 88
8003f730 88
8003f184 88
8003f96e 88
8003f5ce 88
8003f4ca 88
80040b3a 88
80013640 88
8001363e 88
80013214 88
80040570 88
8003f5c6 88
8003f4ce 88
80040b14 88
8003f192 88
8003f5c2 88
8003f5be 88
8003f710 88
8003f7c4 88
8003f7c0 88
8003f5ba 88
8003f4d2 88
800405a4 88
8003f966 88
80040b10 88
8003f2ca 88
80040b0c 88
80040a58 88
8003f6fc 88
8003f962 88
8003f18e 88
8003f4ea 88
80040b74 88
80040acc 88
8003f6f6 88
8004082a 88
80040858 88
8003f2d4 88
8003f178 88
80040ac0 88
80040b80 88
800405bc 88
8003f4e6 88
8003f92e 88
8003f750 88
8003f2d0 88
8003f2d8 88
8003f676 88
800405c4 88
8003f9b0 88
8003f4ee 88
80040a96 88
80040850 88
8003f2cc 88
8003f32e 88
8003f4f2 88
80040b94 88
8003f67a 88
80040a9e 88
8003f4f6 88
8003f73c 88
80040aec 88
800405a0 88
80040ae8 88
80040b64 88
8003f672 88
8003f724 88
8003f71c 88
8003f4de 88
8003f70c 88
8003f718 88
8003f656 88
8003f182 88
80040b6c 88
8003f886 88
80040ae4 88
8003f2e0 88
800405a8 88
80040adc 88
8003f2de 88
800135f2 88
800135f0 88
80040b70 88
8003f4e2 88
8003f6fa 88
8003f2da 88
80040ad4 88
8004085c 88
8003f4a2 88
80040bcc 88
8003f9ca 88
8003f8d0 88
8003f49e 88
800409f0 88
8004055e 88
8003f95e 88
8003f55a 88
800136dc 88
800136da 88
8003f754 88
80040bc4 88
8003f758 88
800409fc 88
8003f8cc 88
8003f74c 88
8003f4a6 88
80040a00 88
8003f8c8 88
8003f4aa 88
8003f4ae 88
8003f748 88
80040562 88
8003f4b2 88
80040b90 88
8003f49a 88
8003f784 88
8003f8e8 88
8003f19a 88
8003f780 88
8003f662 88
8003f666 88
8003f77c 88
8001372a 88
8003f778 88
8003f774 88
80013728 88
8003f770 88
8003f98a 88
8003f61a 88
8003f76c 88
8003f612 88
8003f768 88
8003f764 88
8003f760 88
8003f75c 88
8003f5e6 88
80040bd4 88
80040bd0 88
8004055a 88
800409e4 88
80040b5c 88
8003f890 88
8003f878 88
80040a6c 88
8003f874 88
80040912 88
8003f4c2 88
8003f66e 88
80040b68 88
80040a70 88
8003f4ba 88
8003f81c 88
8004056c 88
8003f99a 88
80040a74 88
8003f4be 88
8003f810 88
80040600 88
8004058c 88
8003f80c 88
8003f808 88
80040578 88
8003f992 88
8003f4c6 88
80040b8c 88
80040b88 88
80040594 88
8004055c 88
80040568 88
8003f8c4 88
8003f66a 88
80040b84 88
80040b42 88
8003f98e 88
8003f8c0 88
80040b78 88
8001368e 88
8003f5da 88
80040608 88
80040b7c 88
8001368c 88
8003f8a4 88
8003f4b6 88
8003f194 88
8003f89c 88
800020de 90
80002046 90
80002070 90
8000204e 90
80002058 90
80001ebe 90
8000206c 90
800020d2 90
80002072 90
800020b2 90
800020a2 90
800020d6 90
80002068 90
800020da 90
800020a6 90
800020aa 90
800020ce 90
800020ca 90
800020ae 90
80002074 90
800020c8 90
80001f10 90
80001f56 90
800020c0 90
80001ede 90
800020d8 90
80001f28 90
80001e8e 90
80002050 90
80001f2c 90
800020c4 90
800020cc 90
80002054 90
8000205a 90
80001eda 90
80001f2e 90
80001f32 90
80001f36 90
8000204c 90
80002048 90
80001e8a 90
80001fe2 90
80001fda 90
80002044 90
8000204a 90
80001f18 90
80001f58 90
80001fde 90
80001f30 90
80001e94 90
80001f06 90
80001e90 90
8000209c 90
80001f14 90
80001f0a 90
80001f0e 90
80001f0c 90
80002102 90
80001ef8 90
80001ef4 90
80002064 90
80001ee8 90
80001ee6 90
80001f1c 90
80001ee2 90
800020a0 90
800020b4 90
80002076 90
8000206e 90
80001fd4 90
80001f5a 90
80001fe0 90
80001ebc 90
80001e8c 90
80001f52 90
80001f4e 90
80001fca 90
80001e96 90
80001fd0 90
80001f2a 90
80001eba 90
80001f22 90
80001ed6 90
80001fc8 90
80001f1e 90
80001fd8 90
80001f1a 90
80001ef2 90
80001eee 90
80001fcc 90
80001ec6 90
80001ec2 90
80001eb6 90
80001fdc 90
80002106 90
80001f5e 90
80001fce 90
80001eea 90
80001ed2 90
80001ed0 90
80001eb4 90
80001fd2 90
80001f26 90
80001ecc 90
80001ee0 90
80001ed8 90
80001fd6 90
80001ec8 90
80001f62 90
80001ec4 90
80001fe4 90
80001ec0 90
8004a6ba 98
8004a6aa 98
8004a6b6 98
8004a678 98
8004a696 98
8004a6a6 98
8004a68a 98
8004a686 98
8004a69e 98
8004a6ae 98
8004a6b2 98
8004a67c 98
8004a680 98
8004a692 98
8004a69a 98
8004a6a2 98
8004a684 98
8004a68e 98
8004aa4c 100
8004aa38 100
8004aa54 100
8004aa5c 100
8004aa5e 100
8004aa5a 100
8004aa14 100
8004aa50 100
8004aa48 100
8004aa40 100
8004aa30 100
8004aa58 100
8004aa44 100
8004aa28 100
8004aa3c 100
8004aa18 100
8004aa24 100
8004aa2c 100
8004aa20 100
8004aa1c 100
8004aa60 100
8004aa10 100
8004aa4e 100
8004aa34 100
8000224c 108
80002250 108
80002272 110
80002252 110
8000226e 110
80002262 110
8000225e 110
80002260 110
8000226a 110
80002256 110
8000225c 110
80002266 110
80002258 110
80015f88 128
8002799e 128
8002277a 128
8001c424 128
8001c428 128
8001c42c 128
80015e94 128
80015ed8 128
800225bc 128
8001906e 128
800225b8 128
800225c0 128
8001c430 128
8001c23e 128
8001c434 128
8002277e 128
80015f80 128
8001c410 128
80016028 128
800279ec 128
800279e8 128
80022798 128
800279e4 128
80027aa2 128
80022794 128
80022790 128
8001c246 128
8002278c 128
80027ac6 128
80015fde 128
80015fda 128
8001c242 128
80022788 128
800214fe 128
8002799a 128
80015fce 128
80019016 128
80022786 128
80015ee4 128
80021502 128
8001c414 128
80022782 128
800225c4 128
80015edc 128
800225dc 128
80022738 128
8001804e 128
800225cc 128
800225fa 128
8001c418 128
8001c20e 128
8001c208 128
800225d0 128
800225d4 128
80027aba 128
800225d8 128
8001c1f2 128
80016f38 128
8001c212 128
8001c1ea 128
80027abe 128
800225e0 128
800299e6 128
8002273a 128
800225e4 128
80019032 128
800225f8 128
800225e8 128
800225ec 128
800225f4 128
800225f0 128
8001905a 128
80027ab2 128
80027ac2 128
8001c420 128
800279a0 128
8001c41c 128
80015e90 128
80015e88 128
80015e84 128
8002273c 128
80015e80 128
80015e78 128
800279a2 128
8001c21e 128
800191b6 128
80027ab6 128
80029bde 128
80029bd6 128
80022732 128
80018052 128
800279a4 128
80017f8c 128
80019046 128
800225c8 128
80022736 128
8001c216 128
80027aae 128
8001606e 128
800227d4 128
8001c2e8 128
800227d8 128
80029b76 128
8001c2ee 128
8002150e 128
80029b7a 128
80029b6e 128
800227da 128
8001606a 128
80029b7e 128
80029b82 128
800227dc 128
800225a2 128
8001c33c 128
800190b2 128
8002150a 128
8001c2dc 128
80029b6a 128
8001c2d8 128
80029b66 128
80016072 128
80021508 128
80029b62 128
800227d0 128
80016076 128
800227cc 128
800227c8 128
80021506 128
800227c4 128
80018032 128
80027a88 128
80027a9e 128
8001801c 128
8001c40c 128
80027a9a 128
8001c3f8 128
80027a96 128
8001c3f4 128
80016ed6 128
80016ede 128
8001c3d6 128
8001c3d2 128
80016066 128
80027a94 128
80027a90 128
80027a8c 128
8001c2bc 128
80021512 128
80019112 128
8001c390 128
8001c38c 128
80027aa6 128
80019162 128
80027aaa 128
80022598 128
8001c36c 128
8002259c 128
8001c368 128
8001b246 128
800225a0 128
800227de 128
8001c35c 128
80027a0e 128
80027a22 128
800227ac 128
80027a1e 128
80027a1a 128
800227a8 128
80027a16 128
8001a1fe 128
8001a106 128
8001a1f2 128
800225a8 128
80027a12 128
80017fb8 128
8001a0fe 128
800225ac 128
800225b0 128
80027a26 128
80027a0a 128
800227a4 128
80027a06 128
800225b4 128
80027a02 128
800227a0 128
800279fe 128
800279fa 128
8001a0c2 128
800279f6 128
8002279c 128
800279f2 128
8001803a 128
80017fa4 128
800279f0 128
8001c292 128
80027a48 128
8001c2b8 128
80017fd4 128
80027a46 128
8001c2ac 128
80029b5a 128
8001c2a8 128
80029b56 128
80029b52 128
8001607a 128
80029b4e 128
8001a29a 128
8001a252 128
800225a4 128
8001c296 128
800225b6 128
80027a44 128
800227c0 128
80027a42 128
80027a3e 128
8001607e 128
800227bc 128
80027a3a 128
800227b8 128
80016082 128
80027a36 128
80027a32 128
800227b4 128
80027a2e 128
80027a2a 128
800227b0 128
80022678 128
8002266c 128
800278c8 128
8001e346 128
8001c22e 128
8001c226 128
800278cc 128
80022670 128
8001e342 128
80022674 128
8001c358 128
8002267c 128
80019188 128
8001c222 128
8001e33e 128
8001e33a 128
8001b394 128
8001b194 128
800278d0 128
8001c236 128
800278bc 128
8001c348 128
800278be 128
8001e3ca 128
8001919c 128
800278c0 128
8001c34c 128
80019198 128
8001e372 128
800278d4 128
800278c4 128
8001f5d6 128
8001e36a 128
8001e352 128
8001c232 128
8001e34e 128
80022668 128
8001e34a 128
800278e4 128
8001e32e 128
800278dc 128
80022690 128
800278e0 128
8001b382 128
80022694 128
8001c392 128
8001f5ca 128
8001b37e 128
8001b386 128
8001f5c6 128
80027aea 128
800278e8 128
80027ae8 128
80019174 128
8001c206 128
800278ec 128
80019170 128
80022684 128
80019184 128
8001e336 128
8001f5d2 128
80022680 128
8001b198 128
8001e332 128
8001c37c 128
8001b1a0 128
8001e3d8 128
8001f5ce 128
800278d8 128
8001c380 128
80027aec 128
8001b38a 128
80022688 128
80019180 128
8002268c 128
8001c298 128
8001f602 128
8001f606 128
80022658 128
80019224 128
8002265c 128
80019210 128
8001f60a 128
8001f60c 128
8001c29c 128
80022654 128
8001f5e2 128
80029bf6 128
80022660 128
8001c28e 128
8001f60e 128
80029bfa 128
8001e56e 128
8001e558 128
8001f5f2 128
8001f5ea 128
80019258 128
80019254 128
8001924c 128
80019244 128
8001f5ee 128
80019238 128
8001c2ec 128
8001e544 128
8001f5f6 128
8001f5fa 128
8001c2cc 128
8001f5e6 128
8001922c 128
80022650 128
8001c2c8 128
8001f5fe 128
800278ac 128
800278a0 128
8001b164 128
800278a4 128
8001f5da 128
8001c24c 128
8001c336 128
800278a8 128
800278aa 128
8001b16a 128
800191ac 128
8001e428 128
800278b0 128
800278b4 128
800278b8 128
8001e414 128
8001e410 128
8001e40c 128
8001e404 128
8001e4bc 128
8001f5de 128
8001f610 128
80022664 128
8001e530 128
8001e524 128
8001e4ce 128
8001e4c4 128
8001e4c0 128
800278f0 128
8001e4b4 128
8001e472 128
8001e46a 128
8001c32e 128
8001b14c 128
8001b15c 128
8001b160 128
8001c332 128
800190e4 128
80027972 128
80029c0e 128
8001c3e0 128
8001b298 128
8002271e 128
800190e8 128
80027976 128
8001b294 128
8001b290 128
8002796e 128
8002797a 128
80029c16 128
800190e0 128
80022722 128
800190d4 128
8002797e 128
80027ad6 128
80027982 128
80027962 128
800191fe 128
80027952 128
80027956 128
8002270e 128
80029bf2 128
8001b2aa 128
8001b2a6 128
8002795a 128
8002795e 128
80029bee 128
80022712 128
80027966 128
800190f0 128
8001b2a2 128
80022716 128
8001b29e 128
8002796a 128
8002271a 128
80027ace 128
80022642 128
80029c1e 128
8002263e 128
8002272e 128
8002263a 128
80029c22 128
8001805e 128
80019074 128
80018056 128
80022644 128
80022636 128
80029be6 128
8002798e 128
80019030 128
80027992 128
8001901c 128
80027996 128
8001602c 128
80027ad2 128
80018062 128
8001c404 128
80022726 128
800190d0 128
800190cc 128
800190c8 128
80027986 128
800190c0 128
8002794e 128
80017f7e 128
80029bea 128
80029c1a 128
8002272a 128
80017f92 128
8002264c 128
80022648 128
8002798a 128
800226d8 128
8001b34a 128
8001b346 128
80027ae2 128
8002269a 128
80027ade 128
8001c1fe 128
8001c1fa 128
8001c1f6 128
80027ada 128
80022698 128
80029c02 128
800226dc 128
8001b1f4 128
8001f5ba 128
8001b2f2 128
8001b2f0 128
80029c06 128
800226e0 128
80022696 128
8001f5c2 128
8001b36e 128
800278f4 128
8001b36a 128
80027ae6 128
8001c202 128
8001b366 128
800278f8 128
8001f5b8 128
8001916c 128
8001b362 128
800278fc 128
8001b352 128
80027900 128
8001b34e 128
8001f5be 128
80027902 128
80027940 128
800226fa 128
8001b2c6 128
8001b2c2 128
8001b2be 128
800226fe 128
80019206 128
80022702 128
8001b2ba 128
80019100 128
8001f5ac 128
800190fc 128
8002480e 128
80027944 128
800190f8 128
80022706 128
80027948 128
8002270a 128
8002794c 128
8001f5b0 128
8001f5b4 128
80029c0a 128
8001b1fa 128
800226e4 128
800226e6 128
8001b2e2 128
8001b2de 128
80019114 128
80027aca 128
8001b2da 128
800226ea 128
8001b2d6 128
800226ee 128
80019110 128
800226f2 128
800226f6 128
8001910c 128
8001b2ca 128
80019052 128
8002abc6 128
80019056 128
8002abca 128
8001905e 128
80019066 128
8002aa8a 128
8001906a 128
8001b206 128
8001a0da 128
80019072 128
80019240 128
8001b35a 128
800299ec 128
8002aaae 128
8001904e 128
8001a15c 128
8001b202 128
80020566 128
80016084 128
8002aab2 128
80016080 128
80016056 128
80016052 128
8001604e 128
8001604a 128
80016046 128
80019228 128
80016042 128
8001603e 128
8001603a 128
800191a8 128
8001a2f6 128
800205c8 128
8001a2f8 128
80019012 128
800205b4 128
8001901a 128
8002ab7e 128
800299f0 128
8001b21a 128
800205b2 128
80015e60 128
8001901e 128
80019250 128
80019202 128
8001b212 128
80016036 128
80019194 128
80019022 128
80019104 128
800190dc 128
80019026 128
800205aa 128
8002abbe 128
8001902e 128
8001b20e 128
80019036 128
8001903a 128
8001b156 128
80019042 128
8001904a 128
8002abc2 128
80015f02 128
80015f2e 128
8001b23a 128
80015f2a 128
80015f26 128
80015f22 128
80015f1e 128
8001a250 128
80015f1a 128
80015f16 128
8002aab6 128
80015f12 128
80020548 128
80015f0e 128
80015f0a 128
80015f06 128
80015f32 128
80015efe 128
8001921c 128
80015efa 128
80015ef6 128
80015ef2 128
80015eee 128
80015eea 128
80015ee6 128
80015e9a 128
80015e56 128
80015e42 128
800190be 128
8001a2d8 128
8001a2ec 128
8002aaba 128
80015fa6 128
80015e5c 128
80016032 128
8001602e 128
8001b1f0 128
80015fdc 128
80015fd2 128
80015fca 128
80015fc6 128
80015fc2 128
80015fbe 128
80015fba 128
80015fb6 128
80015fb2 128
80015fae 128
80015faa 128
800205cc 128
80015fa2 128
80015f9e 128
80015f9a 128
80015f96 128
80015f92 128
80015f8e 128
80015f8a 128
80019220 128
8001b24a 128
8001b242 128
80020560 128
80015f3a 128
8001a23c 128
80015f36 128
8001b154 128
8001a1a4 128
800258ee 128
800258f2 128
8001a1a8 128
80020496 128
800258f6 128
8001a1ac 128
800204aa 128
800258fa 128
800204ae 128
800204b2 128
8001a1ae 128
800258fe 128
8001a1b0 128
80025902 128
800258ea 128
80025906 128
80025908 128
8002590a 128
8001b158 128
8002590c 128
8002aa9a 128
80016f82 128
80016f7a 128
8002060a 128
80020608 128
80020606 128
8001b168 128
8002594c 128
80025950 128
80025954 128
800258c2 128
8001a164 128
8001a168 128
8001b22a 128
8001a16c 128
8001a174 128
800258a8 128
800258ac 128
800258b0 128
8001a17c 128
800258b4 128
800258b6 128
8001a180 128
800258ba 128
8001a184 128
800258be 128
80025958 128
8001a188 128
800258c6 128
800258ca 128
8001a190 128
800258ce 128
8002064a 128
800258d2 128
8001a194 128
800258d6 128
8001a198 128
800258da 128
800258de 128
800258e2 128
8001a19c 128
800258e6 128
800205f0 128
800259b0 128
8001a224 128
8001a22c 128
8001a234 128
8001a238 128
8001a240 128
8001a248 128
8001a24c 128
80020604 128
8001a254 128
80020600 128
8001b174 128
800205fc 128
800205f8 128
800205f4 128
800259ae 128
8001a296 128
800205d8 128
800205d4 128
8001a2a4 128
8001a2a8 128
8001a2ac 128
8001a2b4 128
8001a2bc 128
8001a2c0 128
8001a2d0 128
800191fa 128
8001a2d4 128
8001a2dc 128
8001a2e4 128
8001a2e8 128
8001a208 128
8002595a 128
8002595e 128
80025962 128
80025966 128
8001b16c 128
8002596a 128
8002596e 128
80025972 128
80025976 128
8002597a 128
8001b170 128
8001a204 128
8002597e 128
80025982 128
80025986 128
80020540 128
8002598a 128
8001a20c 128
8002598e 128
80025992 128
80025996 128
8001a210 128
8002599a 128
8002599e 128
800259a2 128
800259a6 128
8001a218 128
800259aa 128
800259ac 128
8001a220 128
800205a6 128
80028a8a 128
80028a86 128
8001a102 128
80028a82 128
80012a3a 128
80012a3e 128
8001d42e 128
80012c62 128
8001701a 128
8001a2a2 128
8001d42c 128
80012c60 128
8001a170 128
8001a2c8 128
800205ae 128
80028a8e 128
8001a2f0 128
8001a2fa 128
80012c5e 128
80016fda 128
8001a178 128
8001a18c 128
80028a42 128
80028a40 128
80012c5c 128
80028a3e 128
80012a42 128
80028a3c 128
80012c58 128
80028a38 128
8001a1a0 128
80012a34 128
80012a2a 128
80028ae6 128
80028ae4 128
80028ae2 128
80028ae0 128
80012a2e 128
80028adc 128
80028ad8 128
80028ad4 128
80012a32 128
80028ad0 128
80028acc 128
80028ac8 128
80028ac4 128
80028ac0 128
8001d3fe 128
80028abc 128
80028ab8 128
80028ab4 128
80012a36 128
8001a256 128
80028ab0 128
80028aac 128
80028aa8 128
80028aa4 128
80028aa0 128
80028a9c 128
80028a98 128
80028a94 128
80028a90 128
8001a0ee 128
80020510 128
800289ec 128
800289ea 128
8001702c 128
800289e6 128
80017030 128
800289e2 128
80012a52 128
80017034 128
800289de 128
80012c4c 128
80017038 128
80020520 128
80012c48 128
80012c44 128
80020514 128
80020564 128
8001a2c4 128
800289a0 128
8002899e 128
80012c40 128
8002050a 128
8002899a 128
80028996 128
80028992 128
8002898e 128
8002898a 128
80012c3c 128
80015e44 128
80020506 128
8001a228 128
80028986 128
8001d3e2 128
80012a46 128
80028a34 128
80028a30 128
80028a2c 128
8001d3fa 128
80028a28 128
80012c54 128
8001d3f6 128
80028a24 128
8001d3f2 128
80028a20 128
8001d3ee 128
80012a4a 128
80028a1c 128
80028a18 128
8002ab7a 128
80028a14 128
8001d3de 128
80012c50 128
80028a10 128
80028a0c 128
80028a08 128
80028a04 128
8001d3d0 128
80028a00 128
800289fc 128
800289f8 128
80012a4e 128
800289f4 128
800289f0 128
80020466 128
8001c2c0 128
8001c2c4 128
8001c2d0 128
800205b8 128
8001c2d4 128
8001c2e0 128
8001c2e4 128
8001c370 128
8001b19c 128
8002ac1e 128
80020476 128
8002046a 128
8001c3e8 128
8001c436 128
8002ac22 128
8002047a 128
8001b190 128
8001b18c 128
8001b188 128
80015e58 128
800170ca 128
8001b184 128
8001a0ae 128
80015e54 128
8001a0b2 128
8001701e 128
8001a0b6 128
8001a0ba 128
8001a0be 128
8001b180 128
8001a0c6 128
800205d0 128
8002aabe 128
80019218 128
8002053c 128
8002aac2 128
80020538 128
80020534 128
8002050e 128
800204b6 128
8002049e 128
8002049a 128
800205ec 128
800205e8 128
800205e4 128
800205e0 128
800205dc 128
80016fd6 128
800205c4 128
800205c0 128
800205bc 128
8001b1ae 128
800299e8 128
8001b1ac 128
80020492 128
8001b1a8 128
8001c2a0 128
8002048e 128
8001b1a4 128
80020480 128
8001c2a4 128
8001c2b0 128
8001c2b4 128
80028b44 128
80028b70 128
80028b6c 128
80028b68 128
8001d4aa 128
80028b64 128
8001d4a6 128
8001d4a2 128
80028b60 128
80028b5c 128
80028b58 128
80028b54 128
8001a1b2 128
80028b50 128
80028b4c 128
80028b48 128
80028b74 128
80028b40 128
80028b3c 128
80028b38 128
80028b34 128
80028b32 128
80028b2e 128
80028b2a 128
80028b26 128
80012a22 128
80012a26 128
80015e48 128
8001a1f6 128
80029b5e 128
8001a1fa 128
8001d482 128
8001d4c6 128
8001a0ca 128
8001a0ce 128
80012a16 128
8001a0f6 128
8001a10a 128
80012a1a 128
8001a10e 128
8001a14e 128
8001d4d2 128
8001a152 128
8001d4ce 128
80028b8a 128
8001a156 128
8001d4ca 128
80028b88 128
8001a160 128
8001a15a 128
80028b86 128
8001d4c2 128
80028b84 128
8001d4be 128
80012a1e 128
80028b80 128
8001d4ba 128
80028b7c 128
8001d4b6 128
80028b78 128
8001d4b2 128
80012a20 128
8001d4ae 128
8001710c 128
8001e4a8 128
8001e4a4 128
8001e4a0 128
8001e49c 128
8002acc6 128
8001c432 128
8001e498 128
8002acc2 128
8001e494 128
80017120 128
8001711c 128
8001e490 128
80017118 128
80017114 128
80017110 128
80019156 128
80017108 128
80017104 128
80017100 128
800170fc 128
800170f8 128
800170f4 128
800170f0 128
800170ec 128
8001e48c 128
800170e8 128
800170e4 128
800170e0 128
800170dc 128
800170d8 128
800170d4 128
8001e512 128
8001e540 128
8001b2ea 128
8001e53c 128
80017022 128
8001e538 128
8001e534 128
8001e52c 128
8001e528 128
80016f9c 128
80016fa8 128
8001e520 128
8001e51c 128
8001e51a 128
8001e516 128
80016fb8 128
8001e488 128
8001b2ce 128
8001e50e 128
80029bd2 128
8001b2ae 128
8001915a 128
80029a24 128
8001e4cc 128
8001e4ca 128
80029a34 128
8001e4c8 128
80029a38 128
8001e4b8 128
80029a3c 128
8001e4b0 128
8001e4ac 128
80016fd4 128
8001b17c 128
80016f12 128
8001b1ec 128
80029b20 128
80017048 128
8001b1f8 128
80029b28 128
80017044 128
80017040 128
8001703c 128
80017028 128
8001b29c 128
80016fd8 128
8001b2f4 128
80029b2c 128
80019116 128
80016fd0 128
80016fcc 128
80016fc8 128
80016fb4 128
80016fb0 128
80016fac 128
80016f98 128
80016f94 128
80016f90 128
80016f8c 128
80016f88 128
80016f84 128
8001b338 128
80016f36 128
80016f32 128
8001706c 128
8001e484 128
800170d0 128
8001e480 128
800170cc 128
8001e47c 128
8001e478 128
8001e476 128
80015e7c 128
8002ac6e 128
8002ac6a 128
8001707c 128
80017078 128
80017074 128
80016f1e 128
80017070 128
80017026 128
80017068 128
8001e46e 128
80016f1a 128
80017064 128
8001b250 128
8001b150 128
80017060 128
8001705c 128
80016f16 128
80017058 128
80017054 128
80017050 128
8001704c 128
8001b178 128
8001e568 128
80029a2c 128
8001804a 128
80029a30 128
80029a3e 128
80019168 128
8001b342 128
8001707e 128
80019164 128
8001b334 128
8001b376 128
8001e572 128
8001707a 128
8001e570 128
8001925c 128
8001e56c 128
80018076 128
8001e564 128
80029a7c 128
8001a2f4 128
8001a2e0 128
8001a2cc 128
8001b396 128
8001a2b8 128
80029a80 128
8001a2b0 128
80029a84 128
80029a88 128
8001a244 128
80029a8a 128
80029a8e 128
80029a92 128
80029a04 128
800191b0 128
800191b4 128
800191a4 128
80029b72 128
800181ae 128
800191a0 128
800181a6 128
80018192 128
800299dc 128
8001817e 128
800299e0 128
8001816a 128
800299e4 128
800299fa 128
80029a00 128
8001e560 128
80029a08 128
80018112 128
80029a0c 128
80029a10 128
8001810a 128
80029a14 128
800180f6 128
800180e2 128
8001b35e 128
8001b356 128
80029a18 128
800180ce 128
80029a1c 128
80029a20 128
80029a28 128
80029b3e 128
8001915e 128
8001a0d2 128
80029ad6 128
8001711e 128
80017122 128
80029c12 128
80029ada 128
80029adc 128
80029ade 128
80029ae0 128
8001e55c 128
80029b2e 128
80029b32 128
80029b36 128
80029b3a 128
80029ad2 128
80029b42 128
80029b46 128
80029b4a 128
80029b80 128
80029b84 128
8001e554 128
80029bc4 128
80029bc8 128
80029bcc 128
8001e550 128
80029bd0 128
80029c24 128
80029c28 128
8001e54c 128
8001e548 128
80029aae 128
80029a96 128
80029a9a 128
80016fa0 128
80029a9e 128
8001a230 128
80016fa4 128
8001a21c 128
80016fbc 128
80016fc0 128
80016fc4 128
8001a214 128
80029aa2 128
80029aa6 128
80029aaa 128
8001a200 128
80016f2e 128
80029ab2 128
80029ab6 128
80029aba 128
80029bda 128
80029abe 128
80029ac2 128
80029ac6 128
80029be2 128
80029aca 128
800180bc 128
800170be 128
800170c2 128
800170c6 128
80029ace 128
800206aa 128
80025778 128
8002577c 128
80025780 128
8001811c 128
80025782 128
8001a0b8 128
80025784 128
8002aa7a 128
80025788 128
8002578c 128
800206ae 128
800206ac 128
80025790 128
80025794 128
80025798 128
80016f7e 128
8002579c 128
8001a0cc 128
800206a8 128
800257a0 128
800206a4 128
800257a4 128
800257a8 128
800206a0 128
8001a0d6 128
800257ac 128
800257b0 128
8002069c 128
800257b4 128
8001a0de 128
800257b8 128
800190d8 128
8001e35e 128
80016062 128
8002aa82 128
8001e35a 128
8001e356 128
8002aada 128
8002aad6 128
80017f98 128
8002aad2 128
8002aace 128
8002aaca 128
8001e344 128
8002aac6 128
800190ba 128
800190c4 128
800257bc 128
80019108 128
8001917c 128
800191b8 128
8001e330 128
80019234 128
80019248 128
8001e32a 128
80025764 128
80025768 128
8002576c 128
8001e326 128
8002aa7e 128
8002576e 128
80025770 128
80025774 128
80025856 128
80025822 128
80025826 128
8002582a 128
8002582e 128
80025832 128
80025836 128
80020664 128
8002583a 128
8002583e 128
80025842 128
80025846 128
8002584a 128
80020660 128
8002584e 128
80025852 128
80020668 128
8002585a 128
8002065c 128
8002585e 128
80025862 128
80025864 128
80025866 128
80020658 128
80025868 128
80020656 128
80016f76 128
800190b6 128
8002aa9e 128
80020652 128
8001b22e 128
8002064e 128
80020680 128
80020698 128
8001a0e2 128
800257c0 128
8001a0e6 128
800257c4 128
800257c6 128
80020694 128
8001a0ea 128
80020690 128
8002068c 128
8001a0f2 128
80020688 128
80020684 128
8001a0fa 128
8002aaa2 128
8001e362 128
8001a110 128
8002067c 128
80020678 128
80025804 128
80025808 128
80020674 128
8002580c 128
80025810 128
80020670 128
8002066c 128
80025812 128
80025816 128
8002581a 128
8002581e 128
8001e400 128
8001c3e4 128
8001c3de 128
8001c3da 128
8001d2a6 128
80015e70 128
8001e420 128
80019178 128
8001918c 128
80019190 128
8001e41c 128
8001e418 128
8001e408 128
8001c38e 128
8001c388 128
8001c384 128
8001c3ec 128
8001c378 128
8001920c 128
8001e3fc 128
80019214 128
8001d2e4 128
8001c374 128
8001e3f8 128
8001c364 128
8001c360 128
8001923c 128
8001e3f4 128
80015e6c 128
8001c354 128
8001c350 128
8001c344 128
80016ee6 128
80016f2a 128
8001b33c 128
80016f26 128
8001b340 128
80016f22 128
80016f0e 128
80016f0a 128
80016f06 128
80016f02 128
80016efe 128
80016efa 128
80016ef6 128
80016ef2 128
80016eee 128
80016eea 128
8001c340 128
80016ee0 128
8001b24c 128
8001e42a 128
8001e426 128
8001b23e 128
8001b398 128
800190f4 128
80016ee2 128
800190ec 128
8001c408 128
8001e424 128
8001c400 128
80016eda 128
8001c3fc 128
8001c3f0 128
8002ab1a 128
8001d41e 128
80019062 128
8001c22a 128
8001d430 128
8002aa8e 128
8001e3ce 128
8001e3c6 128
8001925a 128
8001d470 128
8001d474 128
8001d47c 128
8002ab26 128
8001d4d0 128
8001d4d4 128
8002ab22 128
8001c23a 128
8001c21a 128
80019208 128
8001e388 128
8001e386 128
8001c20a 128
8001e382 128
8001c1f4 128
80019230 128
8001c1ee 128
8001e37e 128
8001e37a 128
8001e376 128
8002aa86 128
8001e36e 128
8001e366 128
8001d388 128
8001c33a 128
8001e3f0 128
8001e3ec 128
8001e3e8 128
8001e3e4 128
80015e68 128
8001e3e0 128
8001e3dc 128
8001e3d4 128
8001d33a 128
8001c2ea 128
8001e3d2 128
8002aa96 128
8001d36a 128
8001d37a 128
80018018 128
8001d38c 128
8001802e 128
80018036 128
8002aa92 128
8001c28a 128
8001d3da 128
800180ca 128
8001902a 128
8001d3ea 128
800180f2 128
8001903e 128
800180fe 128
8001c24a 128
8001925e 128
80026984 128
80026954 128
80026958 128
8001819e 128
8002695c 128
80026960 128
80026964 128
80026968 128
8002696c 128
80026970 128
80026974 128
80012b10 128
80026978 128
8002697c 128
8002159e 128
80026980 128
800247a0 128
80026988 128
800181a2 128
8002698c 128
800247a4 128
80026990 128
80012b0c 128
80026994 128
80026998 128
8002abf0 128
8001d2a0 128
8002699c 128
80012b08 128
800269a0 128
800247a8 128
800247ac 128
80021744 128
800268ec 128
800268f0 128
8002abcc 128
800268f4 128
8001818a 128
800268f8 128
80024854 128
800268fc 128
80026900 128
8001f48a 128
80026902 128
8001f486 128
80026904 128
80026906 128
8001818e 128
800269a4 128
80024858 128
80012b14 128
80021740 128
8002173c 128
80018196 128
8002485c 128
80021738 128
8002479c 128
8001819a 128
80020562 128
80026946 128
8002694a 128
8002694e 128
80026952 128
80026a20 128
8002ab38 128
800269f8 128
8002ab3c 128
800269fc 128
80026a00 128
80026a04 128
80026a08 128
80026a0c 128
8001d2a8 128
80026a10 128
80024864 128
800247b8 128
80026a14 128
80026a18 128
80026a1c 128
800269f6 128
80026a24 128
80026a28 128
80026a2c 128
8002ab40 128
80024868 128
80026a30 128
80012af8 128
80026a34 128
800247bc 128
80026a38 128
80026a3c 128
80026a40 128
80012af4 128
80015f3c 128
8002ab30 128
800269a6 128
800269a8 128
800181aa 128
8001f482 128
800269aa 128
80029bfe 128
80024860 128
8002ab28 128
80021734 128
8001d2a4 128
8002ab2c 128
8001f47e 128
80012b04 128
800181b2 128
80021730 128
8001f48e 128
8002172c 128
800181b6 128
80012b00 128
800181ba 128
8002ab34 128
800181be 128
800247b0 128
800181c0 128
800247b4 128
800269ea 128
80012afc 128
800215a2 128
800269ee 128
800269f2 128
80026822 128
80024840 128
80026802 128
80026806 128
8002680a 128
8002680c 128
8001816e 128
8002ac04 128
8002680e 128
8002abd0 128
80026812 128
80026816 128
8002681a 128
8002681e 128
80026820 128
80015f84 128
80018168 128
8001f4ba 128
80026826 128
8002682a 128
8002682e 128
80026832 128
80015f7c 128
80018172 128
80026836 128
8002683a 128
8002683e 128
80026842 128
80024844 128
80024780 128
80026846 128
8002684a 128
8002ac0c 128
8002aa84 128
8001b1fe 128
8002ac14 128
8002ac10 128
80024838 128
80024766 128
80021552 128
80021556 128
8002476a 128
8002aa98 128
80017f84 128
8001f4c4 128
8002155a 128
8002476e 128
80024772 128
8002684e 128
80024774 128
8002155e 128
80021560 128
8002ac08 128
80024778 128
80017f80 128
8001f4c2 128
8002483c 128
8002477c 128
8001815c 128
8001f4be 128
80018164 128
8002174a 128
8002aadc 128
8002abf4 128
8001f49a 128
8002055c 128
800268a2 128
800268a6 128
800268aa 128
800268ae 128
800268b0 128
800268b4 128
800268b8 128
8001f496 128
800268bc 128
8002abf8 128
80012b18 128
8002484c 128
80018186 128
80024798 128
800268c0 128
800268c4 128
800268c8 128
800268cc 128
800268d0 128
800268d4 128
800268d8 128
800268dc 128
800268e0 128
800268e4 128
800268e8 128
80024850 128
80012b16 128
8001f492 128
8002ac00 128
80026852 128
8001f4b6 128
80018176 128
80026856 128
8001f4b2 128
80024784 128
8002685a 128
8001f4ae 128
8001f4aa 128
8002685e 128
80024788 128
80026862 128
80026864 128
8001817a 128
8001f4a6 128
80026a44 128
80020558 128
800299f8 128
8001f4a2 128
8002478c 128
80024790 128
8002abfc 128
80021748 128
8002ac62 128
80024848 128
80018182 128
80021746 128
80024794 128
8001f49e 128
80012b1a 128
8001f3f8 128
8001b216 128
800215f0 128
8001f3f0 128
8001b21e 128
8001f468 128
800216a6 128
8001b232 128
8002abe4 128
8001f3f4 128
800216a4 128
8001b236 128
800215f4 128
8002abe0 128
800215f8 128
800216a2 128
8002ab7c 128
80015e4c 128
8002486e 128
8002abdc 128
800216a0 128
8002abd4 128
8001f3fc 128
80015e50 128
800215fc 128
8002169c 128
80021698 128
8001f400 128
80021694 128
8001d42a 128
8001f464 128
80021690 128
8001f3d8 128
8002486c 128
8001f3c4 128
8002aaaa 128
8001f3c8 128
8002ab74 128
8001d486 128
8001f3cc 128
8002ab78 128
8001f3ce 128
8001d47e 128
8001f3d0 128
800248ba 128
8001f3d4 128
800248b6 128
800248b2 128
8001d426 128
8001f3dc 128
800248ae 128
800215e4 128
800215e8 128
8001f3e0 128
8002abe8 128
8001f3e2 128
800215ec 128
8001f3e4 128
8001f3e8 128
8002ac66 128
800247ca 128
8001b20a 128
8001f3ec 128
8001f424 128
80015e8c 128
80021654 128
80012ae4 128
8001f414 128
80021650 128
8002164e 128
8001f418 128
8002164a 128
80021600 128
80015e98 128
80021646 128
8001f41c 128
8001f420 128
80021642 128
80012ac4 128
8001d402 128
8001f426 128
80021602 128
80012ae0 128
800191ba 128
80012adc 128
80012ac8 128
8002aaa6 128
80012acc 128
8001d3cc 128
8001d3d8 128
8001d3d4 128
80012ad0 128
80012ad8 128
80012ad4 128
80021670 128
8002168c 128
80021688 128
8001d422 128
80021684 128
8001f404 128
80015ee0 128
80021680 128
8001d41a 128
8002167c 128
8001d416 128
8001f408 128
80021678 128
8001d412 128
80012ae8 128
80021674 128
800248bc 128
8001d40e 128
80015e74 128
8001f40c 128
8002166c 128
8001d40a 128
80021668 128
80021664 128
8001d406 128
80021660 128
8001f410 128
8002165c 128
8002abd8 128
800215fe 128
80021658 128
8001d376 128
8001d336 128
8001d2b0 128
8002170c 128
8001f472 128
8001d33e 128
8001d342 128
8001d2b4 128
8002486a 128
80024910 128
800215aa 128
80021708 128
8001d36e 128
8001d2b8 128
8001d372 128
8002490e 128
800215a6 128
8002490c 128
8002ab50 128
8001d2bc 128
8001d3e6 128
800215ac 128
8001d2c0 128
80024908 128
80024904 128
8001d2c4 128
80024900 128
800248fc 128
80021704 128
8001d478 128
800248f8 128
800215b0 128
8002ab48 128
8001f47a 128
80026a48 128
80026a4a 128
80026a4c 128
8001d2ac 128
80026a4e 128
80012af0 128
8002ab44 128
8001f476 128
80021728 128
80012aec 128
80021724 128
80021720 128
800247c0 128
8002171c 128
8001d2c8 128
80021718 128
80015f38 128
80029c26 128
8001b2ee 128
8002ab4c 128
80021714 128
800247c4 128
8001d292 128
800299fc 128
8001d2e8 128
80021710 128
800247c6 128
80024912 128
8001b2e6 128
8002ab68 128
800248d4 128
8001d366 128
8001d49e 128
8001d37e 128
800216e6 128
800248d0 128
800247c8 128
8001d49a 128
800215c8 128
800248cc 128
8001d496 128
8001d386 128
800248c8 128
8001d38a 128
8001d492 128
800215c4 128
800248c4 128
8002ab6c 128
800215cc 128
800215d0 128
800215d4 128
8002abec 128
800215d8 128
800215dc 128
8002ab70 128
8001d48e 128
8001f46c 128
8001d48a 128
800215e0 128
800248c0 128
8002ab60 128
8001d2cc 128
80021700 128
8001d2d0 128
800248f4 128
8002ab54 128
800215b4 128
8001d2ea 128
800215b8 128
800216fc 128
8001f470 128
8002ab58 128
800216f8 128
800248f0 128
8002ab5c 128
8001d328 128
8002897e 128
800216f4 128
800248ec 128
800248e8 128
800216f2 128
800215bc 128
800248e4 128
800248e0 128
8001d362 128
8002ab64 128
800216ee 128
800248dc 128
800248d8 128
800215c0 128
800216ea 128
800246ea 128
800237b6 128
8001b24e 128
8002047e 128
80012bba 128
800204a2 128
8001d2d8 128
800237b2 128
8001f532 128
80020472 128
8002046c 128
8001f52e 128
80017fcc 128
8001f52a 128
80015e3c 128
80020462 128
80012bb8 128
80012a6a 128
800237ae 128
8001f526 128
800204a6 128
800237aa 128
800237a6 128
800237a2 128
8002379e 128
8001f522 128
8002379a 128
8001f566 128
8001f55a 128
8002acb8 128
80020486 128
8001f55e 128
80012c10 128
8002048a 128
80012bbc 128
8001802a 128
80015e38 128
800237cc 128
8001f562 128
8002481c 128
800237ca 128
80024820 128
80012c14 128
800237c6 128
800246e6 128
80012a6e 128
800237c2 128
80017fc8 128
80012c18 128
800237be 128
80017fb0 128
8001d2d4 128
800237ba 128
8002acbc 128
80020518 128
8001b2d2 128
8002acc4 128
800246f6 128
8002480a 128
80024812 128
8001f56a 128
800204be 128
800204c2 128
8001605a 128
80017fc0 128
8001f516 128
8002372c 128
800204c4 128
800204ba 128
8001d32c 128
8002372a 128
80023728 128
80023726 128
8001d330 128
80023722 128
80012bb4 128
80012c24 128
8001d334 128
8002371e 128
800246fa 128
80012a66 128
8001b2b2 128
80023796 128
80023792 128
80017fc4 128
8002378e 128
800246ee 128
8001f568 128
800246f2 128
8002378a 128
80023786 128
8001f51e 128
80023782 128
80012c1c 128
8001f536 128
8001b2b6 128
8002377e 128
8001d2dc 128
8002377a 128
8002acc0 128
80023778 128
80023774 128
8001d2e0 128
80012c20 128
80023770 128
8001f51a 128
8002376c 128
80021516 128
8002386e 128
8002386a 128
8001f542 128
80012a76 128
8002ac84 128
8001f53e 128
80023866 128
80023862 128
8002385e 128
8001f54e 128
8002385a 128
80023856 128
800246c6 128
80023870 128
800246ca 128
80023852 128
8002384e 128
80016020 128
8001f53a 128
80017fd0 128
8002384a 128
80012bfe 128
80023846 128
80023842 128
8001d288 128
8002383e 128
8001f54a 128
8002aca8 128
8002aca4 128
8002aca0 128
8002151a 128
8002ac9c 128
800180c4 128
8002ac98 128
800299f4 128
800180b8 128
80018118 128
80024816 128
80024818 128
8002ac94 128
8002383a 128
80023874 128
8002ac90 128
8002acac 128
8002ac8c 128
8002151c 128
80015e64 128
8002151e 128
80012a78 128
8002ac88 128
8001f546 128
80023872 128
80017fd6 128
8002046e 128
80023818 128
8002ab1e 128
8001d29c 128
800246da 128
80012c0a 128
80012a72 128
800246de 128
80023814 128
80012c0c 128
800246e2 128
8001f556 128
80023810 128
80012bbe 128
80012c06 128
80017f74 128
800237d0 128
800181bc 128
8002acb4 128
80020482 128
80017f78 128
800246e4 128
80018066 128
80016024 128
8001805a 128
800237ce 128
80017f7c 128
8002382a 128
8002ac80 128
800246ce 128
800246d0 128
80012c02 128
80023836 128
8002acb0 128
8002ac7c 128
800246d2 128
8001d28c 128
800246d6 128
80023832 128
8002382e 128
8002371a 128
8001d290 128
80018160 128
8002ac78 128
80023826 128
80023822 128
8001d294 128
8001d298 128
8001b222 128
8002381e 128
8001f552 128
8002381c 128
8001b226 128
800180da 128
80012b98 128
80021526 128
80012b94 128
800180c0 128
800180c6 128
8002482c 128
80012b90 128
800180d2 128
80012b8c 128
8001d382 128
8001f56c 128
800180d6 128
80020530 128
8002471e 128
80017f9c 128
800180de 128
80028972 128
80024722 128
80012b88 128
8002152a 128
800180e6 128
8002152e 128
80021532 128
80024726 128
80020544 128
80017f94 128
800180ea 128
80028966 128
80023716 128
80023650 128
8002364c 128
80018078 128
80023648 128
80023646 128
80023644 128
80023640 128
80012b9c 128
8002052c 128
8002363c 128
80015fd6 128
80024716 128
80028976 128
80021522 128
80023638 128
80012c34 128
80023634 128
80023632 128
8002896a 128
80023630 128
8002362c 128
80023628 128
8002896e 128
8002471a 128
80012c38 128
8001f4c6 128
800180fa 128
80024834 128
80020502 128
80020554 128
80012b62 128
80017f88 128
8002897a 128
80021542 128
80018102 128
80012b5e 128
80012aba 128
80018106 128
80012b5a 128
8002153e 128
8001810e 128
80012a56 128
80012abe 128
80012ac2 128
80018116 128
80021546 128
8002ac20 128
8001811a 128
8002ac1c 128
8002154e 128
8002154a 128
8002ac18 128
800180ee 128
8001a29e 128
80012b84 128
80012b80 128
80012b7c 128
80024728 128
80024830 128
80012b78 128
80029b24 128
80012b74 128
8002054c 128
8001b392 128
80016ef4 128
8001b38e 128
80012ba0 128
80028982 128
80017f90 128
8001b37a 128
80012b70 128
80021536 128
80012b6c 128
80020550 128
80012b68 128
8002153a 128
80012b66 128
8001f4c8 128
80012ab6 128
800236de 128
800236fe 128
800236fa 128
8002051c 128
800236f6 128
80018014 128
8001f508 128
800236f2 128
800236ee 128
800236ea 128
80028942 128
800236e6 128
800236e2 128
80024702 128
80028946 128
80018020 128
80028948 128
80024706 128
800236da 128
800236d6 128
80017fb4 128
80018022 128
80017fa0 128
80018026 128
800236d0 128
800236cc 128
80017fbc 128
80012a62 128
8001d346 128
8001d34a 128
80012bb0 128
80023712 128
8002370e 128
8001d34e 128
8001f514 128
8001f510 128
8001d352 128
80024824 128
8001605e 128
800236d4 128
8001f50c 128
8002370a 128
800246fe 128
80023706 128
8001d356 128
8001d35a 128
8001d35e 128
8002893e 128
8002ac74 128
80012bac 128
80023702 128
80012c28 128
80023668 128
80024828 128
80012a5a 128
80023674 128
80020528 128
80017fa8 128
80023670 128
80015fe0 128
8002366c 128
8002895e 128
8001806a 128
8002470e 128
80028962 128
8002894e 128
8001806e 128
80024712 128
80023664 128
80023660 128
8002365c 128
80023658 128
80018072 128
80012c2c 128
80012ba4 128
80023654 128
80012c30 128
80018074 128
80023678 128
8002894a 128
80012a5e 128
8002470a 128
80028952 128
80028956 128
800236c8 128
8002895a 128
80020524 128
8001803e 128
80018042 128
80018046 128
80012ba8 128
8001b372 128
8002367c 128
8002368a 128
80017fac 128
80023688 128
80023684 128
8002ac70 128
80015e40 128
80023680 128
8002895c 128
80002096 136
80002098 136
8004a77a 142
8004a9f4 156
8004a9e4 156
8004a9ec 156
8004a9fc 156
8004a9fe 156
8004aa08 156
8004a9f8 156
8004aa04 156
8004a9e0 156
8004a9f0 156
8004aa00 156
8004aa0c 156
8004a9de 156
8004a9e8 156
8004a9f2 156
8004a9da 156
8004a9ea 156
800025d6 162
80002604 162
80002608 162
800025e0 162
800025d2 162
800025da 162
80002600 162
800025f6 162
800025fc 162
800025f8 162
800025c8 162
80002612 162
800025cc 162
800025c2 162
800025dc 162
80002606 162
800025fa 162
800025c6 162
800025be 162
80002614 162
800025ce 162
800432fa 176
80002078 180
80001de2 180
8000208c 180
80001de8 180
80002086 180
80001dd4 180
80001d7e 180
80001dd8 180
80001dcc 180
80001dc8 180
80001d86 180
8000207e 180
80001dd0 180
8000207c 180
80001d84 180
80001dea 180
80001de0 180
80002090 180
80001d80 180
80002082 180
80001de6 180
80001ddc 180
80002092 180
8000208a 180
80042d60 220
80042ee2 220
800419b6 220
80042d64 220
80042fb0 220
80042eb0 220
80042f08 220
80043136 220
80042f04 220
80041fd4 220
80042f4e 220
80041fc4 220
80042ed2 220
80042f26 220
800430d6 220
80042eb8 220
80041cf8 220
80042f12 220
80041e06 220
80042e44 220
80042eac 220
80042bf0 220
80041df2 220
80042f3a 220
80043132 220
80043038 220
80042ef6 220
800418dc 220
800418d4 220
80042d5c 220
80042e54 220
8004311e 220
80041ff8 220
80041e2a 220
80042f7e 220
80042e4c 220
80042e10 220
80042e08 220
80042e00 220
80042dfc 220
80042ccc 220
80042f2a 220
80042dec 220
80042044 220
80043126 220
80042de8 220
80042de0 220
80042f78 220
80041ef0 220
80043232 220
80042ddc 220
80042ece 220
80042dd8 220
80042dcc 220
80042dc8 220
80042dc4 220
80042db8 220
80042db4 220
80042db0 220
80041eb4 220
80042d88 220
80042f7c 220
80041e36 220
80042fa0 220
80041c84 220
80042d70 220
80042f5c 220
80042e40 220
8004312e 220
80042d74 220
80042d78 220
80041988 220
80042e38 220
80041fac 220
80042000 220
80041c20 220
80042e98 220
80042f68 220
80041fa8 220
80041ffc 220
80041d38 220
80042e30 220
80042f70 220
80042e9c 220
80042eca 220
80042e28 220
80041e8c 220
80042e24 220
80041e98 220
80041f9c 220
80042e1c 220
80041eb8 220
80041ec4 220
80042e14 220
80041e6a 220
80042cec 220
80041e7e 220
80041cec 220
80041ce4 220
80041e7a 220
80042040 220
80041e76 220
80042d48 220
80041e6e 220
80041e12 220
80041e66 220
80042f4a 220
80041d18 220
80042bfc 220
80041e62 220
80041d5a 220
80041d04 220
80041e5a 220
80041e9e 220
80042bf6 220
80043028 220
80041ea6 220
80042bfa 220
80041ea2 220
8004302c 220
800430ae 220
80042c7c 220
80042e84 220
80042bf8 220
80042c02 220
80043034 220
80042d44 220
80041ce8 220
80042c1a 220
80041e82 220
80042be0 220
80041d10 220
800430b6 220
800430c6 220
800430b2 220
80043066 220
80042fe6 220
80042fd2 220
80041e3e 220
80042fbe 220
80042faa 220
80042d50 220
800430da 220
80041e32 220
80041e2e 220
80042cc8 220
80041d28 220
80042f88 220
80041eaa 220
80041e26 220
80043114 220
800432e0 220
80041e56 220
800430fc 220
80041d00 220
80041e52 220
80042cc4 220
800432e8 220
80042f52 220
80043152 220
80042ce8 220
80041cfc 220
800431d8 220
80043180 220
80043178 220
80042d8c 220
80042fea 220
8004312a 220
800430ee 220
80042022 220
80041cb8 220
80041f82 220
80041d08 220
80041f7e 220
8004200a 220
80042ec6 220
80041cc4 220
80041904 220
80041f66 220
80041fee 220
80042d4c 220
80041cc8 220
800430de 220
80041f5a 220
80042c84 220
80042d34 220
80042cf0 220
80041f56 220
80042c00 220
80041e88 220
80042c64 220
80041896 220
80041fb2 220
80042c60 220
80041ccc 220
80041f96 220
80041cc0 220
80041f52 220
80041fda 220
80041f92 220
80042c5c 220
80041f8e 220
80041f8a 220
80042c58 220
80041f86 220
800430ce 220
80041858 220
8004303e 220
80041fd0 220
80041fd8 220
80042c12 220
80041fcc 220
80042d40 220
80042e88 220
80043042 220
8004202c 220
80041efa 220
80042cd8 220
80042cdc 220
80041ed6 220
80042bea 220
80042c04 220
80041d0c 220
80042bf2 220
8004311a 220
80042c0c 220
80042c68 220
80041d14 220
8004309a 220
8004203e 220
8004305e 220
80042cd4 220
80041f32 220
80041f2e 220
80041eca 220
80042c74 220
80041f26 220
80042c78 220
80042ce0 220
80041f0a 220
80041f98 220
80041efe 220
80041fa4 220
80041744 220
80041d66 220
800417b8 220
80042c3c 220
800418e0 220
80041d62 220
80042fa6 220
8004306a 220
80042c38 220
80041d5e 220
80041d72 220
80043110 220
80042c6c 220
80042c70 220
800418e8 220
80042fb6 220
80042fca 220
80042c98 220
80041f44 220
80042c10 220
80042be8 220
80041d96 220
800430ac 220
80042ea4 220
800419bc 220
80042df8 220
80041d8a 220
80043052 220
80042c20 220
80042ca0 220
80041d82 220
80043056 220
80042c24 220
8004305a 220
80042c28 220
80042c50 220
80042c34 220
80041ee8 220
80042d2c 220
80042018 220
80042d1c 220
80042010 220
80041fc8 220
80041cf4 220
80042d28 220
80041f78 220
80043142 220
80041f48 220
80042d18 220
80041f3c 220
80041f24 220
80041f1c 220
80041ef4 220
80042d30 220
80042fc6 220
80042bec 220
80042d3c 220
80042f92 220
80042ca4 220
80042c88 220
80042cac 220
80042cb0 220
80042cb4 220
80042cc0 220
80042c8c 220
800418e4 220
800430a4 220
80042c4c 220
80042c90 220
80041cf0 220
800430c2 220
80042d00 220
80042d04 220
80042d08 220
80042d14 220
80041df6 220
80041dfe 220
800419ec 220
800419a8 220
80041f36 220
80041ee4 220
80042c48 220
800430be 220
80041dfa 220
800418f4 220
80041e02 220
80041f50 220
8004311c 220
80042014 220
80042f9a 220
80041de6 220
80042e5a 220
80041de2 220
800430ca 220
80042e90 220
80041f20 220
80041e1e 220
80043076 220
80041e1a 220
80042f1a 220
80042c44 220
80041e16 220
80042ec2 220
80041dde 220
80042e72 220
80042e5e 220
80042df4 220
800430ba 220
80041ee2 220
80041ca4 220
80041e0a 220
80041f4c 220
800418bc 220
8004307c 220
80041db2 220
80042fa2 220
80041daa 220
8004308c 220
8004314a 220
80043090 220
80041da2 220
80042da4 220
80041db6 220
80041d9e 220
80041900 220
80043098 220
8004309c 220
8004304e 220
80041d9a 220
80042be4 220
80042c1c 220
80042034 220
80041fa0 220
80041dda 220
80041dd2 220
80042d9c 220
80041dce 220
80042004 220
80041dca 220
80042fc2 220
80042c9c 220
80041dc6 220
80042e6e 220
80041dbe 220
800430c4 220
80041dba 220
80042da0 220
80042e76 220
80043070 220
800418f2 220
800432c8 220
80041be4 220
800432cc 220
80041d54 220
80042ea0 220
800432d4 220
800432dc 220
80041d48 220
800417b0 220
80042eb4 220
80041d34 220
800432f0 220
800417ac 220
80042dd0 220
800432f2 220
80041fe6 220
80042eda 220
80043216 220
80042de4 220
80042eee 220
80042ef8 220
800418d2 220
80042f0c 220
80042f16 220
80041bd0 220
80043276 220
800432a6 220
80042e48 220
8004327a 220
8004327e 220
80043286 220
8004328e 220
80043292 220
80042e66 220
80041946 220
8004329a 220
80041fde 220
8004193a 220
800432a2 220
800431aa 220
80042f1e 220
800432aa 220
80042e7a 220
80041be8 220
80041936 220
800432ae 220
80042e82 220
800432b6 220
80042e8c 220
80042d6c 220
80041fe2 220
800432be 220
800432c0 220
8004323e 220
800432f6 220
800430a0 220
800430a8 220
800430e4 220
800430f8 220
8004310c 220
8004319e 220
800431b2 220
800431c6 220
80042026 220
80041fea 220
80041ff4 220
8004322a 220
8004185e 220
80043248 220
80043252 220
8004326e 220
80041792 220
80041bc0 220
80043282 220
80043296 220
800432d0 220
80041cd4 220
800432e4 220
80041ff2 220
80041f6c 220
80042fc4 220
80042f32 220
8004328a 220
80042f3c 220
80042d58 220
80042f46 220
80041bcc 220
80042f5a 220
800432ba 220
80042f64 220
80042f6c 220
80041ec0 220
80042fb2 220
80042fba 220
80043272 220
80042fce 220
80042fe2 220
80041bc8 220
80042ff6 220
80042cd0 220
80042cbc 220
80043008 220
80042ca8 220
80043012 220
8004301c 220
80043030 220
80042c80 220
80043192 220
8004316c 220
800417d0 220
80043174 220
80041c90 220
80041c00 220
8004317c 220
8004317e 220
80041cd0 220
80043184 220
80042d54 220
80043188 220
80043190 220
80041fb6 220
80042d38 220
80042d68 220
8004319a 220
800431a2 220
800417cc 220
800431a6 220
80041992 220
80041bfc 220
800431ae 220
800431b6 220
80041fba 220
80042d86 220
80041bf8 220
80042cf4 220
800430d2 220
800417d8 220
80041bf4 220
800430e2 220
80041c08 220
800430e8 220
80041c04 220
80042cb8 220
800430ec 220
800430f4 220
80043100 220
80043108 220
80041c1c 220
800417c4 220
80041c24 220
80042cfc 220
80042d10 220
80041c38 220
80041fae 220
8004314e 220
80042c54 220
80042d24 220
80043156 220
80043160 220
80043164 220
80043168 220
80042e18 220
8004320e 220
80043210 220
80043212 220
8004321a 220
80042df0 220
80043222 220
80043226 220
8004322e 220
80042e04 220
80043236 220
8004323a 220
80043242 220
80043244 220
80043208 220
80041966 220
8004324a 220
8004324e 220
800417bc 220
80043256 220
80042e2c 220
8004325e 220
80043262 220
80042e34 220
80043266 220
8004326a 220
80041bec 220
8004197e 220
800431ba 220
80042d90 220
800431c2 220
80042d98 220
800431ca 220
800431ce 220
800431d2 220
800431d6 220
80041fc2 220
800431dc 220
80042dac 220
80043122 220
80041f62 220
800431e0 220
800431e2 220
800431e8 220
800431ec 220
800431f0 220
80042dc0 220
800431f4 220
800431fc 220
80043200 220
80043204 220
80042dd4 220
80041bf0 220
800419d4 220
80041906 220
800419f0 220
8004190a 220
80041912 220
80041916 220
8004194a 220
80041a40 220
80041a04 220
800419a0 220
8004198c 220
80041984 220
800419be 220
800419c2 220
800418fe 220
80041974 220
800419da 220
800419de 220
800419e8 220
8004196c 220
800419fa 220
80041958 220
80041a20 220
80041950 220
80041a44 220
80041a48 220
80041a4c 220
800418ba 220
80041882 220
80041b40 220
8004188a 220
80041b3c 220
80041b38 220
8004188e 220
80041b10 220
80041892 220
8004189a 220
800418a2 220
800418a6 220
800418ae 220
800418b6 220
80041dea 220
800418be 220
80041a9c 220
800418c2 220
80041a94 220
800418c6 220
800418ca 220
800418ce 220
800418d8 220
800418e6 220
800418ee 220
80041a66 220
800418f8 220
80041b50 220
80041b04 220
80041b08 220
80041b18 220
800418a4 220
80041b1c 220
80041b20 220
80041b24 220
80041b2c 220
80041b30 220
80041b34 220
80041b48 220
80041874 220
80041b4c 220
80041afc 220
80041b54 220
8004182c 220
80041b5c 220
80041808 220
80041b60 220
800417f8 220
80041b64 220
80041b68 220
80041b70 220
80041b74 220
80041b78 220
80041b7c 220
80041ac0 220
80041924 220
80041a58 220
80041a5c 220
80041a6a 220
80041a6e 220
80041a70 220
80041a88 220
80041a90 220
80041aa0 220
80041aac 220
80041ab0 220
80041ab4 220
80041ab8 220
8004174c 220
80041ac4 220
80041ac8 220
80041d92 220
80041d8e 220
80041ad4 220
80041d86 220
80041adc 220
80041ae0 220
80041ae8 220
80041af0 220
80041d7a 220
80041af4 220
80041930 220
80041b0c 220
80041c98 220
80041af8 220
80041a98 220
80041a84 220
80041a54 220
80041a36 220
800419ca 220
800419ac 220
800419a4 220
80041990 220
80041968 220
80041954 220
80041bdc 220
8004191c 220
800418ec 220
80041ba0 220
80041854 220
80041810 220
800417f2 220
800417d6 220
8004177e 220
80041760 220
80041c8c 220
80041846 220
80041f02 220
80041dd6 220
80041bbc 220
80041bb8 220
80042f44 220
80041f2a 220
80041bb4 220
80041bac 220
80042f60 220
80041ba8 220
80041eb2 220
80041e86 220
80041e72 220
80041e5e 220
80041e22 220
80041c78 220
80041dc2 220
80041dae 220
80041ba4 220
80041da6 220
80041d6a 220
8004200e 220
80041d58 220
80041cd8 220
80042f74 220
80041c9c 220
80041866 220
80041c0c 220
80041746 220
8004179a 220
80041796 220
8004178e 220
8004178a 220
80041786 220
8004203a 220
80041782 220
80041806 220
8004177a 220
80041776 220
80041772 220
80041750 220
8004176e 220
8004179e 220
80041822 220
80042030 220
80041842 220
80042020 220
8004185a 220
8004201c 220
80041862 220
80042008 220
8004186a 220
80041872 220
80041876 220
8004187a 220
800417e6 220
80041e0e 220
80041836 220
80041832 220
8004176c 220
80041b98 220
80041764 220
80041b94 220
80041816 220
80041b90 220
80041b8c 220
80041802 220
800417f6 220
80042e0c 220
80041d7e 220
800417e2 220
800417d2 220
800417be 220
80041758 220
800417ba 220
800417aa 220
800417a6 220
80041b84 220
80041bd8 220
800417a2 220
80041bd4 220
800417c8 220
80041c74 220
8004318c 220
80041d40 220
80043196 220
80043170 220
800418fa 220
80042ede 220
80041840 220
80043246 220
800418b2 220
80041a02 220
80041e4e 220
80042f9c 220
8004189e 220
8004320c 220
80041c70 220
80041d76 220
800419fe 220
80041948 220
8004188c 220
80041826 220
80041cbc 220
80041f3a 220
80041a16 220
8004193c 220
8004186e 220
800431b4 220
80041850 220
80041c80 220
8004183c 220
80041886 220
8004184c 220
800418aa 220
80041a12 220
80041848 220
8004314c 220
800417b4 220
800417c0 220
80041ed2 220
80041f40 220
80041962 220
80041c64 220
80041a74 220
80041d3c 220
80041f7c 220
80042f96 220
80041a7c 220
80041a62 220
80041a50 220
80041f5e 220
8004181c 220
80043118 220
80042fd6 220
80041d30 220
80043104 220
80041828 220
80042fee 220
80041830 220
80042f22 220
80042ff2 220
80041c6c 220
800432d8 220
80041838 220
800417ec 220
80042ef2 220
80041c68 220
80041ef8 220
8004315c 220
80041a5e 220
80042fae 220
80042f36 220
8004313e 220
80041942 220
80042fe8 220
8004195a 220
80041a24 220
8004195e 220
80041fbe 220
80042c94 220
80042c40 220
80042c2c 220
80042f2e 220
80042c08 220
800432ec 220
80041a30 220
80041d4c 220
80041d50 220
80042ce4 220
80041f10 220
80041f14 220
80041a2c 220
80041ca8 220
80041a3e 220
80042e3c 220
80042e50 220
8004187e 220
80042bf4 220
80042d20 220
800431f8 220
8004321e 220
80042dbc 220
800431e4 220
80042e20 220
80041cb0 220
80041d44 220
80042da8 220
80042d94 220
80041ca0 220
80042d0c 220
80041cac 220
8004325a 220
8004329e 220
80042cf8 220
800432b2 220
80041ebc 220
800432c4 220
80041a32 220
80041eec 220
80042042 220
80042ffe 220
80041754 220
8004175c 220
80041f18 220
80042eea 220
80042ee6 220
80041c94 220
80041cb4 220
80041f06 220
80041f0e 220
80041a1e 220
80041c88 220
80041910 220
80041a1a 220
80042ffa 220
80041eda 220
80041768 220
80042ea8 220
80041e9c 220
800431be 220
80042f0e 220
80041a28 220
80041ede 220
80041e94 220
80041e90 220
80042e94 220
8004202a 220
800430f0 220
80042ebc 220
80042f00 220
80041812 220
80042036 220
80041d6e 220
80041ec8 220
80041748 220
80041a3a 220
8004199a 220
80041b58 220
80041b6c 220
80041f68 220
80041b28 220
80042ec0 220
80042efc 220
800417f0 220
80042f40 220
800419ba 220
80041996 220
80042f56 220
80041b80 220
800417e8 220
80041b88 220
8004199e 220
80041a0c 220
80042f8c 220
80042f90 220
80041c18 220
80042e6a 220
80041aa4 220
80041acc 220
80041eae 220
8004180c 220
80041c3c 220
80041ad8 220
80041c34 220
80042e56 220
80042e62 220
80042fda 220
80041800 220
80041c30 220
80042e7e 220
80041d20 220
800417fc 220
80041c2c 220
80041b44 220
80041c28 220
80041e3a 220
80041bb0 220
800419ae 220
8004306e 220
80041bc4 220
80043078 220
80043080 220
80041dee 220
80043146 220
80041c10 220
80043062 220
800417dc 220
80043084 220
80041be0 220
80043088 220
80043094 220
800419f6 220
80042ed6 220
8004313a 220
80041c14 220
80042fde 220
80043002 220
8004300c 220
80042be2 220
80043014 220
80041f70 220
800419b2 220
80041b9c 220
80043018 220
80041c60 220
80043020 220
80042c0a 220
80041d1c 220
8004303c 220
80043040 220
800417e0 220
80043046 220
80042c30 220
80041934 220
8004190c 220
80041918 220
8004197a 220
80041920 220
80041928 220
80041c7c 220
80041c50 220
8004192c 220
80041820 220
80043010 220
80041aec 220
80041940 220
80041e4a 220
80041cdc 220
80041e42 220
8004194c 220
80041abc 220
80041976 220
80042bde 220
80041ad0 220
80041c5c 220
80042be6 220
80042bee 220
800419e2 220
80041c58 220
80043006 220
80041b00 220
80041ae4 220
80041f74 220
80042f82 220
80042c16 220
80041d2c 220
80041c54 220
80041e46 220
80042d82 220
80043024 220
80042d7a 220
80041a3c 220
80041c48 220
80042d7e 220
80041aa8 220
800419f4 220
80041a08 220
80043072 220
800419d8 220
80041c44 220
800419c6 220
80041a10 220
80041a8c 220
80041a78 220
80041a80 220
80041982 220
80041c40 220
800419d0 220
80042fd4 220
80041c4c 220
80042f86 220
80041ce0 220
8004304a 220
80041970 220
80043158 220
800419cc 220
80041b14 220
80041ece 220
800419e6 220
80041818 220
80041d24 220
800224b4 256
8001b0d6 256
8002aa00 256
80017e88 256
8001e23a 256
800224b6 256
80017efa 256
80017f02 256
80018f9a 256
800224b8 256
80022524 256
8002a990 256
80022528 256
8002a994 256
80021414 256
8001b068 256
8002141c 256
8002141a 256
80021418 256
80017e90 256
8001a036 256
8002a998 256
8001f2de 256
8001f34a 256
80020378 256
80015d4e 256
8002037e 256
80026790 256
8002678c 256
8002678a 256
80026788 256
8001f2e2 256
8001f2e0 256
80019fc8 256
80029964 256
80026720 256
8002671e 256
8002671c 256
80026718 256
80026716 256
80026712 256
8001f2da 256
8001f2d8 256
8001d1a6 256
80022520 256
8002996a 256
80023538 256
8002353c 256
8002353e 256
80023542 256
80023544 256
80023546 256
80015d56 256
8001f2d4 256
800235ae 256
800235b0 256
800235b2 256
800235b6 256
80029966 256
80015d52 256
8001f352 256
8001f34e 256
8001f34c 256
8001d210 256
8001d1a4 256
8002884e 256
80028852 256
80028854 256
80028858 256
8002885a 256
8002885c 256
8002148c 256
80021488 256
80021486 256
8001d19c 256
80021484 256
800288c4 256
800288c6 256
800288c8 256
800288cc 256
80017efe 256
80018f22 256
8001c100 256
8002aa08 256
800203ea 256
80029962 256
800298fa 256
800298f8 256
800298f6 256
80022522 256
800298f2 256
800298f0 256
800298ec 256
80016e5c 256
8002aa04 256
80020376 256
8002037c 256
80020380 256
80017efc 256
80016df4 256
800203ec 256
80016e64 256
8001c172 256
8001d198 256
80016e60 256
80024654 256
8001d19e 256
80024650 256
8001b0da 256
8002464e 256
8002464c 256
8001d1a2 256
8001c0fe 256
8001b0d2 256
80027828 256
80015dbe 256
80015dc2 256
8002782a 256
80015dc6 256
800128b6 256
8002782e 256
80018f28 256
800128ac 256
8001e244 256
80016e5e 256
80019fbe 256
8001e240 256
8001a03c 256
8001a038 256
8001e23c 256
800128b8 256
8001a034 256
80019fca 256
800128b0 256
800128b2 256
80027826 256
80016dec 256
80016df0 256
8001c106 256
80017e92 256
800245dc 256
80017e8e 256
80018fa0 256
80017e8a 256
80018f30 256
800245da 256
800245d6 256
8001b060 256
80018f98 256
80012922 256
80017e84 256
8001c0fa 256
8001292a 256
80012926 256
80012924 256
8001b062 256
800128ba 256
8002a996 256
8001d20e 256
8002a98e 256
8002a98a 256
8001d212 256
80019fc2 256
8001d216 256
8001e236 256
8001b05c 256
8001b066 256
8001b06a 256
800245e4 256
800245e2 256
8002aa02 256
800245e0 256
8002567a 256
80020372 256
80015d4c 256
800256ec 256
8001c170 256
800256ea 256
80025682 256
80016df2 256
80025680 256
8002567e 256
800224aa 256
80025678 256
80025674 256
80015dc0 256
8001c108 256
800203e8 256
800277b0 256
800277b4 256
800203f0 256
80015d54 256
80019fcc 256
80019fc4 256
800224b0 256
8001e242 256
800224ae 256
8001e2b0 256
8001e2b4 256
80021412 256
80015d48 256
80018f9c 256
8002140e 256
80018f26 256
8001c178 256
80018f2c 256
8001c174 256
800256f2 256
800256ee 256
800277ba 256
8001c104 256
8001e2ac 256
80016de6 256
80016dea 256
8001e2ae 256
8001b0d4 256
80018f2e 256
800277be 256
800277bc 256
800277b6 256
8004a5fa 350
8004a61a 350
8004a602 350
8004a612 350
8004a5fe 350
8004a60e 350
8004a616 350
8004a60a 350
8004a61e 350
8004a606 350
80001efa 358
80001efc 358
80001efe 358
80001f02 358
8004a1dc 360
8004a1d6 360
8004a1e6 360
8004a1f2 360
8004a1d4 360
8004a1fa 360
80001df0 360
8004a1e8 360
80001e04 360
8004a582 360
8004a1e0 360
8004a1e4 360
80001df4 360
80001dec 360
8004a57e 360
8004a1f4 360
8004a1f8 360
8004a1d2 360
8004a1f0 360
80001dee 360
8004a1ec 360
80001df6 360
80001dfe 360
80001e02 360
8004a1da 360
80001dfa 360
8004a1f6 360
8004a740 370
8004a73c 370
8004a748 370
8004a750 370
8004a74c 370
8004a744 370
8004a2e2 434
8004a2e6 434
8004a264 434
8004a268 434
8004a2e8 434
8004a6fe 448
8004a6fa 448
8004a702 448
8004a706 448
8004a6f6 448
8004a650 448
8004a716 448
8004a71a 448
8004a712 448
8004a70a 448
8004a624 448
8004a640 448
8004a66c 448
8004a72a 448
8004a62c 448
8004a634 448
8004a638 448
8004a63c 448
8004a644 448
8004a6f2 448
8004a726 448
8004a654 448
8004a732 448
8004a722 448
8004a71e 448
8004a658 448
8004a65c 448
8004a660 448
8004a664 448
8004a674 448
8004a73a 448
8004a72e 448
8004a620 448
8004a628 448
8004a630 448
8004a64c 448
8004a668 448
8004a670 448
8004a70e 448
8004a736 448
8004a648 448
80002786 511
80002776 511
8000277a 511
8000277e 511
80002768 511
80002780 511
8000276a 511
8000275c 511
800027c4 511
80002782 511
8000279c 511
80002788 511
8000278c 511
800027c0 511
8000276c 511
80002920 511
800027c2 511
800027be 511
80002792 511
80002760 511
8000278e 511
800027a4 511
80002798 511
80002784 511
800027b0 511
80002794 511
800027ac 511
80002764 511
800027a0 511
800027a8 511
80002766 511
8004a21c 512
8004a6e6 512
8004a6dc 512
8004a2a0 512
8004a59a 512
8004a592 512
8004a2a2 512
8004a59e 512
8004a294 512
8004a6e0 512
8004a5a0 512
8004a218 512
8004a6e4 512
8004a6d8 512
8004a226 512
8004a220 512
8004a298 512
8004a29c 512
8004a214 512
8004a224 512
8004a290 512
8004a596 512
800015a4 667
800015a2 667
800015a0 667
800015a8 667
8000159c 668
80001604 669
80001600 669
800015d2 669
800015fc 669
800015d0 669
800015ba 669
80001598 669
800015b2 669
80001606 669
800015c4 669
80001594 669
80001608 669
800015b6 669
800015c2 669
800015be 669
800015aa 669
800015c6 669
800015fa 669
800015ca 669
800015f6 669
800015ae 669
800015ce 669
800150ca 704
800150c2 704
800150c6 704
80014006 704
80014eda 704
80014efe 704
80014efa 704
80014ef6 704
80014ef2 704
80014eee 704
80014eea 704
80014e12 704
80014ee6 704
80014ee2 704
80014ede 704
80014f02 704
80014ed6 704
80014ed2 704
80014ece 704
80014eca 704
80014ec6 704
80014e16 704
80014ec2 704
80014ebe 704
80014eba 704
80014f26 704
80014e02 704
80014f3e 704
80014f3a 704
80014f36 704
80014e06 704
80014f32 704
80014e0a 704
80014f2e 704
80014f2a 704
80014eb6 704
80014f22 704
80014f1e 704
80014f1a 704
80014f16 704
80014e0e 704
80014f12 704
80014f0e 704
80014f0a 704
80014f06 704
80014e7a 704
80014e8a 704
80014e42 704
80014e86 704
80014e46 704
80014e4a 704
80014e4e 704
80014e82 704
80014e7e 704
80014e52 704
80014e3e 704
80014e56 704
80014e76 704
80014e5a 704
80014e72 704
80014e5e 704
80014e62 704
80014e6e 704
80014e66 704
80014e6a 704
80014e26 704
80014e1a 704
80014eb2 704
80014eae 704
80014eaa 704
80014e1e 704
80014ea6 704
80014ea2 704
80014e9e 704
80014e22 704
80014f42 704
80014e9a 704
80014e2a 704
80014e2e 704
80014e96 704
80014e92 704
80014e32 704
80014e8e 704
80014e36 704
80014e3a 704
80014db2 704
80014fc2 704
80014d96 704
80014d9a 704
80014fbe 704
80014d9e 704
80014da2 704
80014da6 704
80014daa 704
80014dae 704
80014fc6 704
80014db6 704
80014dba 704
80014fba 704
80014fb6 704
80014fb2 704
80014dbe 704
80014dc2 704
80014dc6 704
80014dca 704
80014d7e 704
8001508e 704
80014d6a 704
80014d6e 704
80014d72 704
80014ff6 704
80014ff2 704
80014d76 704
80014fda 704
80014d7a 704
80014dce 704
80014fd6 704
80014fd2 704
80014d82 704
80014fce 704
80014fca 704
80014d86 704
80014d8a 704
80014d8e 704
80014d92 704
80014f62 704
80014f7e 704
80014f7a 704
80014f76 704
80014f72 704
80014f6e 704
80014df2 704
80014f6a 704
80014df6 704
80014f66 704
80014f82 704
80014f5e 704
80014f5a 704
80014dfa 704
80014f56 704
80014f52 704
80014f4e 704
80014dfe 704
80014f4a 704
80014f46 704
80014f9e 704
80014dd2 704
80014dd6 704
80014dda 704
80014dde 704
80014fae 704
80014faa 704
80014fa6 704
80014de2 704
80014fa2 704
800150be 704
80014de6 704
80014f9a 704
80014dea 704
80014f96 704
80014f92 704
80014f8e 704
80014dee 704
80014f8a 704
80014f86 704
80014162 704
80013b06 704
80013f52 704
80013f56 704
8001415a 704
80013b02 704
80014038 704
80013f5a 704
80013afe 704
8001415e 704
80014338 704
80014334 704
80013f5e 704
80013210 704
80014330 704
80013b0a 704
8001432c 704
80013a9e 704
80013f62 704
80014328 704
80013f66 704
80014324 704
8001320c 704
80013a9a 704
80013a96 704
80014320 704
80013208 704
8001431c 704
80014318 704
8001414e 704
80014058 704
8001413e 704
80013f26 704
80013f2a 704
80013f2e 704
80013f32 704
80013f36 704
80014054 704
80014142 704
80014050 704
80014146 704
8001404c 704
8001414a 704
80014314 704
80013f3a 704
80013f3e 704
80013f42 704
80013f46 704
80013f4a 704
80013f4e 704
80014048 704
80014044 704
80014152 704
80014040 704
8001403c 704
80013b0e 704
80014156 704
8001402c 704
80013998 704
80014172 704
80014176 704
8001417a 704
800142dc 704
800131fa 704
80013f82 704
80013f86 704
80013f8a 704
80013f8e 704
80013f92 704
80013f96 704
8001417e 704
800142e0 704
8001399a 704
80014182 704
80014186 704
8001418a 704
8001418e 704
80014192 704
80014196 704
8001419a 704
80013f9a 704
80013f9e 704
80013fa2 704
80013fa6 704
80013faa 704
80013f72 704
80013204 704
80014310 704
8001430c 704
80013200 704
80014308 704
80014166 704
80014034 704
80014304 704
80013f6a 704
80014300 704
800131fc 704
80013f6e 704
800142fc 704
8001413a 704
800142f8 704
80013f76 704
800142f4 704
80013f7a 704
800142f0 704
80013f7e 704
800142ec 704
800142e8 704
80014030 704
800142e4 704
8001416a 704
80013996 704
8001416e 704
80013e48 704
80014c84 704
80013e20 704
80014114 704
80013e24 704
80013e28 704
80014118 704
80014078 704
80013e2c 704
80013e30 704
80013e34 704
80013e38 704
80013e3c 704
80013e40 704
80013e44 704
80013e1a 704
80013e4c 704
80013e50 704
8001411c 704
80014074 704
80013e54 704
80014120 704
80013e58 704
80014070 704
80013e5c 704
80013e60 704
8001406c 704
80014124 704
80013e64 704
80013df6 704
80013dce 704
80013dd2 704
80013dd6 704
80014c82 704
80013dda 704
80013dde 704
80013de2 704
80013de6 704
80013dea 704
80013dee 704
80014080 704
80013df2 704
8001407c 704
80013e68 704
80013dfa 704
80013dfe 704
80013e02 704
8001410c 704
80014110 704
80013e06 704
80013e0a 704
80013e0e 704
80014bce 704
80014bca 704
80013e12 704
80013e16 704
80014c8c 704
80013f04 704
80013ed4 704
80013ed8 704
80013edc 704
80013ee0 704
80013ee4 704
80013ee8 704
80013eec 704
80013ef0 704
80013ef4 704
80013ef8 704
80013efc 704
80014bd4 704
80013f00 704
80013ed0 704
80013f08 704
80013f0c 704
80013f10 704
80013f14 704
80013f18 704
80013f1c 704
80013f20 704
80014064 704
8001412c 704
80014132 704
80014060 704
80014136 704
8001405c 704
80013e98 704
80014068 704
80013e6c 704
80014128 704
80013e70 704
80013e74 704
80013e78 704
80013e7c 704
80013e80 704
80013e84 704
80013e88 704
80013e8c 704
80013e90 704
80013e94 704
8001419e 704
80013e9c 704
80013ea0 704
80013ea4 704
80013ea8 704
80013eac 704
80013eb0 704
80013eb4 704
80013eb8 704
80013ebc 704
80013ec0 704
80013ec4 704
80013ec8 704
80013ecc 704
80012fe2 704
8001301a 704
80013016 704
80013012 704
8001300e 704
8001300a 704
80013006 704
80013002 704
80012ffe 704
80012ffa 704
80012ff6 704
80012ff2 704
80012fee 704
80012fea 704
80012fe6 704
8001301e 704
80012fde 704
80012fda 704
800142d8 704
800142d4 704
800142d0 704
800142cc 704
80012fd6 704
800142c8 704
800142c4 704
800142c0 704
800142bc 704
800142b8 704
800142b4 704
80013056 704
8001307e 704
8001307a 704
80013076 704
80013072 704
80013ffe 704
8001306e 704
80012f3c 704
8001306a 704
80014002 704
80013066 704
80013062 704
8001305e 704
8001305a 704
800142b0 704
80013052 704
8001304e 704
8001304a 704
80013046 704
80013042 704
8001303e 704
8001303a 704
80013036 704
80013032 704
8001302e 704
8001302a 704
80013026 704
80013022 704
80014264 704
80012f9e 704
80014270 704
80014248 704
80012f9a 704
80012f96 704
8001426c 704
80012f92 704
80012f3e 704
80012f8e 704
80012f8a 704
80014268 704
80012f86 704
80012f82 704
80014274 704
80014260 704
8001400a 704
8001425c 704
80014258 704
80012f40 704
80012f7e 704
80014254 704
80012f7a 704
80014250 704
80012f76 704
8001424c 704
80012f42 704
80012f44 704
80014294 704
80012fd2 704
800142ac 704
80012fce 704
800142a8 704
800142a4 704
80012fca 704
80012fc6 704
800142a0 704
80012fc2 704
80012fbe 704
8001429c 704
80012fba 704
80014298 704
80013082 704
80014290 704
80012fb6 704
8001428c 704
80012fb2 704
80014288 704
80012fae 704
80014284 704
80012faa 704
80014280 704
8001427c 704
80012fa6 704
80014278 704
80012fa2 704
80014216 704
800141fa 704
800139e6 704
800141fe 704
80013fc2 704
80014202 704
80014206 704
80013fc6 704
80014022 704
800139e2 704
8001420a 704
8001420e 704
8001401e 704
80014212 704
800141f6 704
8001421a 704
8001401a 704
8001421e 704
80014222 704
80014226 704
8001422a 704
8001422e 704
8001316a 704
80013168 704
80013166 704
80013164 704
80013162 704
8001315e 704
800141c6 704
80013fae 704
800141a2 704
800141a6 704
800141aa 704
800141ae 704
800141b2 704
800139f2 704
800141b6 704
800141ba 704
800141be 704
800139f0 704
800141c2 704
80013fb2 704
8001315c 704
800141ca 704
80013fb6 704
800139ee 704
800141ce 704
80014026 704
80013fba 704
800141d2 704
800139ec 704
800141d6 704
800141ee 704
80013fbe 704
800139e8 704
800141f2 704
800130ba 704
800130da 704
800130d6 704
80013fee 704
80014244 704
80013ff2 704
80013ff6 704
80013ffa 704
800130d2 704
800130ce 704
800130ca 704
800130c6 704
800130c2 704
800130be 704
800130de 704
800130b6 704
800130b2 704
800130ae 704
800130aa 704
800130a6 704
800130a2 704
8001309e 704
8001309a 704
80013096 704
80013092 704
8001308e 704
8001308a 704
80013086 704
80013fde 704
80013158 704
8001399c 704
80014232 704
80014238 704
800141ea 704
8001423c 704
80014016 704
80014240 704
80013fca 704
80013fce 704
80013fd2 704
80013fd6 704
80013fda 704
80014bd6 704
80014012 704
80013fe2 704
8001400e 704
80013fe6 704
800130fe 704
800130fa 704
800130f6 704
80013fea 704
800130f2 704
800130ee 704
800130ea 704
800130e6 704
800130e2 704
80013bea 704
80013d14 704
80014d1a 704
80013bf6 704
80013bf2 704
80014c88 704
80014cce 704
80013d1a 704
80013bee 704
80013d1e 704
80014cca 704
80014cd2 704
80013d92 704
80014cc6 704
80014d1e 704
80014cc2 704
80013be6 704
80013be2 704
80014cbe 704
80014cba 704
80014cb6 704
80014cb2 704
80013c06 704
80013cf0 704
80013cf4 704
80014cde 704
80013cf8 704
80013cfc 704
80013d00 704
80013d04 704
80013c0e 704
80014cda 704
80013c0a 704
800140c4 704
80013c02 704
80013d08 704
80014d16 704
80013d8a 704
80013d0c 704
80013d8e 704
80014cd6 704
80013bfe 704
80013d10 704
80013bfa 704
80013b8e 704
80014d2a 704
80013bae 704
80013baa 704
80013ba6 704
80013ba2 704
80014ff8 704
80013b9e 704
80013b9a 704
80013b96 704
80013b92 704
80013bb2 704
80013d3e 704
80014d2e 704
80013b8a 704
80013b86 704
80013d46 704
80013b82 704
80013b7e 704
80013b7a 704
80014d32 704
80013d4a 704
80013d2e 704
80013bde 704
80013bda 704
80013bd6 704
80013d22 704
80013d26 704
80013bd2 704
80014d22 704
80013bce 704
80013bca 704
80013d2a 704
80013cec 704
80013bc6 704
80013d32 704
80014d26 704
80013bc2 704
80013d36 704
80013bbe 704
80013bba 704
80013d3a 704
80013bb6 704
80012e2e 704
800140e0 704
80013c78 704
80013ca4 704
80012e28 704
80013c74 704
80014cee 704
800140e4 704
80013c70 704
80012e2a 704
80013c6c 704
80013c7c 704
80013c68 704
80012e32 704
80013c64 704
80014cea 704
80013ca8 704
800140e8 704
80012e34 704
80013c60 704
80013cac 704
80014ce6 704
800140d4 704
80013c90 704
800140c8 704
800140cc 704
80014cfe 704
80013c8c 704
80014d02 704
80013c94 704
80013c98 704
800140d0 704
80014cfa 704
80013c5c 704
800140d8 704
80013c9c 704
80014d06 704
80013c88 704
80014cf6 704
80013c84 704
80013ca0 704
800140dc 704
80013c80 704
80014cf2 704
80013cd8 704
80013c24 704
80013cc0 704
80013cc4 704
800141de 704
80013cc8 704
80014d0e 704
80013ccc 704
80013cd0 704
80013cd4 704
80013c20 704
80013c28 704
80013c1c 704
80013cdc 704
80013c18 704
80014d12 704
80013c14 704
80013d86 704
80013ce0 704
80013ce4 704
80013ce8 704
80014ce2 704
80013c38 704
80013cb0 704
80013c58 704
80013cb4 704
80013c54 704
80013c50 704
80013c4c 704
80013c48 704
80013c44 704
80013c40 704
80013c3c 704
80013d42 704
80013c34 704
80013c30 704
80013c2c 704
800140ec 704
80014084 704
80014d0a 704
80013cb8 704
80014bd0 704
80013cbc 704
80014ff0 704
80013d9e 704
80013856 704
80013da2 704
80013da6 704
80012e78 704
8001408c 704
80012e7a 704
80012e7c 704
80012e7e 704
80013d9a 704
800140a8 704
80014fec 704
80015214 704
800150bc 704
80014090 704
800140a4 704
800141e6 704
800140a0 704
800141e2 704
80012e6c 704
800139d4 704
80013aec 704
80013ae8 704
80013ae6 704
80013ae2 704
80013ade 704
80013860 704
8001385c 704
80013858 704
800140f0 704
80013ada 704
80013ad6 704
80013ad2 704
80013a82 704
80012e6e 704
80013d4e 704
80013d96 704
80012e76 704
80012c9a 704
80012c94 704
80013db6 704
80014d56 704
80012c98 704
80013dba 704
80013d7a 704
80013d7e 704
80013d82 704
80013dbe 704
80013db2 704
80014108 704
80014d5a 704
80014d5e 704
80014d62 704
80014d66 704
80013dc2 704
80013dca 704
80013dc6 704
80014098 704
800141da 704
80014d4a 704
80014d4e 704
800140f4 704
800140f8 704
8001409c 704
800140fc 704
80014100 704
80012c8e 704
80012e72 704
80012c92 704
80013d72 704
80014104 704
80013daa 704
80014094 704
80014d52 704
80013dae 704
80013d76 704
80013b4e 704
80013b5e 704
80013b5a 704
80013b56 704
80015086 704
80013b52 704
80013d5e 704
800150cc 704
80014d3a 704
80013d62 704
80013b32 704
800140b0 704
80013d66 704
800140b4 704
80014d42 704
80013d5a 704
80013b4a 704
80013b46 704
800140b8 704
800140bc 704
80013d6a 704
80013b42 704
800140c0 704
80013d6e 704
8001521a 704
80014d3e 704
80013b3e 704
80013b3a 704
80013b36 704
80015084 704
8001508a 704
800139d6 704
80013b76 704
80013864 704
80013866 704
800140ac 704
80014d36 704
800139da 704
80013b72 704
80013b6e 704
80013b6a 704
800139de 704
80015216 704
80013b66 704
80014088 704
80013b16 704
80013b2e 704
80013b2a 704
80013b1a 704
80013d52 704
80015220 704
80014d46 704
80013b1e 704
8001521e 704
80013b62 704
80013b22 704
80013d56 704
80013b26 704
80001db2 716
80001d8e 716
80001dae 716
80001dbc 716
80001d9e 716
80001d98 716
80001dba 716
80001db6 716
80001d94 716
80001da6 716
80001d88 716
80001d8c 716
80001dc0 716
80001d9c 716
80001da2 716
80001daa 716
80001d90 716
800015ee 983
800015ea 983
800015d4 983
800015ec 983
800015dc 983
800015e6 983
800015d8 983
800015e2 983
800015f2 983
800015de 983
80024bec 1024
80024c04 1024
80024bf8 1024
8001d7c6 1024
80024bf4 1024
8001d792 1024
8001d7be 1024
8001d7ca 1024
80017264 1024
8001d7ae 1024
80024bf0 1024
8001d7c2 1024
8001d7d2 1024
8001d7e2 1024
80024c18 1024
80024c1c 1024
80024c1e 1024
8001d7de 1024
80024c14 1024
80024c20 1024
80024c22 1024
8001d7da 1024
80024bfc 1024
8001d7d6 1024
80024c10 1024
8002afa4 1024
80024c0c 1024
80024c08 1024
8001d7e4 1024
80024c00 1024
8001d7ce 1024
80024a84 1024
80024a9c 1024
80024994 1024
80024a98 1024
80024996 1024
80024a94 1024
80024a90 1024
80024998 1024
80024a8c 1024
80024a88 1024
80019540 1024
80024a80 1024
8002499c 1024
80024a7c 1024
800249a0 1024
80024a78 1024
80024a74 1024
800249a4 1024
80024a70 1024
80024990 1024
80017348 1024
80017350 1024
8002af72 1024
8002498c 1024
8001945c 1024
800173e8 1024
80019470 1024
8001d6d2 1024
80019484 1024
80024a6c 1024
80024aa6 1024
80019498 1024
800194ac 1024
80024aa4 1024
80024aa0 1024
8001950e 1024
800173ec 1024
8001952c 1024
800249bc 1024
800249ec 1024
8001742e 1024
800249e8 1024
800249ac 1024
800249e4 1024
800249b0 1024
800249b4 1024
800249b8 1024
800249e0 1024
800249ee 1024
800249c0 1024
800249dc 1024
800249c4 1024
800249c8 1024
800249d8 1024
800249d4 1024
800249d0 1024
800249cc 1024
80024a54 1024
80024a68 1024
80024a64 1024
8001d728 1024
800184d0 1024
80024a60 1024
80024a5c 1024
80024a58 1024
8001d724 1024
80017344 1024
80024a52 1024
80024a4e 1024
800249a8 1024
8001d71e 1024
800249aa 1024
80024a4a 1024
8001d788 1024
80024a46 1024
80024b54 1024
80024bc6 1024
80024bc2 1024
80024bbe 1024
80024b66 1024
80024b64 1024
80024b62 1024
80024b60 1024
80024b5c 1024
80024b58 1024
8001d79e 1024
8001d78e 1024
80024b50 1024
80024b4c 1024
80024b48 1024
80024b44 1024
80024b40 1024
8001d780 1024
80024b3c 1024
8001d7aa 1024
80024be8 1024
8001d7ba 1024
80024be4 1024
80029daa 1024
80024be0 1024
80024bdc 1024
800184a2 1024
800173fc 1024
8002afac 1024
80024b38 1024
8002afb8 1024
80024bd8 1024
80024bd4 1024
8001d7a6 1024
80024bd0 1024
80024bcc 1024
8001d7a2 1024
80024bca 1024
800171fe 1024
80019308 1024
8001931c 1024
80019330 1024
80029cb6 1024
800193b0 1024
800193b8 1024
8001a478 1024
80029d7a 1024
80029d8e 1024
800192f4 1024
800193cc 1024
800193e0 1024
800193f4 1024
80024aaa 1024
8001732c 1024
80017330 1024
80024aa8 1024
80017334 1024
80024b18 1024
80024b34 1024
80024b30 1024
8001b41a 1024
80024b2c 1024
80024b28 1024
80024b24 1024
80024b20 1024
80024b1c 1024
8002afa8 1024
80024b14 1024
80024b10 1024
80024b0e 1024
80024b0a 1024
8001a464 1024
80024b06 1024
80024b02 1024
800192e0 1024
8001e6ae 1024
8001e6e0 1024
8001e6dc 1024
8001e6d8 1024
8001e6d4 1024
8001e6d0 1024
8001e6c8 1024
8001e6c4 1024
8001e6bc 1024
8001e6b8 1024
8001e6b4 1024
8001e6b2 1024
8001e6e4 1024
8001e6aa 1024
8001e6a6 1024
8002ae50 1024
8002ae4c 1024
8002ae48 1024
8001e64e 1024
8002ae44 1024
8001e64c 1024
8001e648 1024
8002ae40 1024
8001e640 1024
8001a37c 1024
8002af10 1024
8001e770 1024
8001e76e 1024
8001e76a 1024
8001e766 1024
8001e762 1024
80029ca2 1024
8002af0c 1024
8002af08 1024
8002af04 1024
8002af00 1024
80019554 1024
8002aefc 1024
8001e708 1024
8001e706 1024
80016338 1024
8001e700 1024
8001e6fc 1024
8001e6f8 1024
8001e6f4 1024
8001e6f0 1024
8001e6e8 1024
8001840e 1024
8001e5f8 1024
8002ae14 1024
8001e5f4 1024
8001e5f0 1024
8001e5ec 1024
8002ae10 1024
8001849a 1024
8001848e 1024
8001848a 1024
80018486 1024
8001847e 1024
800184b6 1024
8001840a 1024
8001a45c 1024
80029f34 1024
8002ad5e 1024
8001b5ba 1024
8002ae3c 1024
80019550 1024
8002afd2 1024
8002afb4 1024
8002afb0 1024
8001e61c 1024
8001e63c 1024
8001e638 1024
8001e634 1024
8001e62c 1024
8001e628 1024
8002ae28 1024
8001e624 1024
800184c6 1024
8001b65a 1024
8001e620 1024
8002ae24 1024
8001e778 1024
8001e614 1024
800184c2 1024
8001e60a 1024
8002ae20 1024
80019534 1024
800184ba 1024
8001e604 1024
8002ae18 1024
8001e600 1024
8001e5fc 1024
80026b00 1024
80026b2a 1024
80026b28 1024
80026b24 1024
80026b20 1024
80026b1c 1024
80026b18 1024
80026b14 1024
80026b10 1024
80026b0c 1024
80026b08 1024
80026b04 1024
80029ed4 1024
80026afc 1024
80026af8 1024
80026af4 1024
80026af0 1024
80026aec 1024
80026ae8 1024
80026ae6 1024
80026ae4 1024
80026ae0 1024
80026adc 1024
8001c6e2 1024
80026b8a 1024
80026b86 1024
80026b82 1024
8001b6a8 1024
8001b590 1024
8001b530 1024
8001b4d0 1024
8001b4cc 1024
8001b430 1024
8001825e 1024
8001824a 1024
80026ad8 1024
80018242 1024
8001c6e6 1024
80029f38 1024
8001c738 1024
80029ee0 1024
8001c73c 1024
80029edc 1024
8001c740 1024
80029ed8 1024
8001c744 1024
8001e7a8 1024
8001e82a 1024
8001e822 1024
8001e81e 1024
8001e7c4 1024
8001e7c2 1024
8001e7c0 1024
8001e7bc 1024
8001e7b8 1024
8001e7b4 1024
8001e7b0 1024
8001e7ac 1024
8001e830 1024
8001e7a4 1024
8001e7a0 1024
8001e79c 1024
8001e798 1024
8001e794 1024
8001e790 1024
8001e78c 1024
8001e788 1024
8001e784 1024
8001e77c 1024
8001e864 1024
80026ad4 1024
80026ad2 1024
80026ad0 1024
80026acc 1024
80026ac8 1024
80016334 1024
8001e880 1024
8001e87c 1024
8001e878 1024
8001e874 1024
8001e86c 1024
8002af80 1024
8001e860 1024
8001e85c 1024
8001e854 1024
8001e850 1024
8001e84c 1024
8001e848 1024
8001e840 1024
8001e83c 1024
8001e838 1024
8001e834 1024
8001d63a 1024
80017354 1024
8002afbc 1024
8001d62a 1024
80029dbe 1024
8001d62e 1024
8001d632 1024
8001832e 1024
8001d636 1024
800184ae 1024
8002ae0c 1024
800184aa 1024
800182f4 1024
8002ae08 1024
80018300 1024
8002afc8 1024
8001d63e 1024
8001833a 1024
800184a6 1024
8001d642 1024
8001830e 1024
80018312 1024
8001d646 1024
8001b452 1024
8002af84 1024
8001b4e2 1024
8001a43c 1024
8001b4de 1024
8001b5ce 1024
8001b5ca 1024
8001b5be 1024
8001b5aa 1024
8001b59e 1024
8002ae5c 1024
800182fc 1024
80017372 1024
8002afc4 1024
80018336 1024
8002ae58 1024
80017358 1024
8002afc0 1024
8001d622 1024
80018332 1024
80029cde 1024
8002ae54 1024
8001d626 1024
8001b43a 1024
8002aedc 1024
8001a492 1024
8002af94 1024
80016330 1024
8001b43e 1024
8001a490 1024
8002af98 1024
8002ada2 1024
80018496 1024
80018322 1024
80018326 1024
8002af90 1024
8001832a 1024
800194ae 1024
800208fe 1024
8002af76 1024
80017360 1024
8002af7a 1024
800172b6 1024
8002af7e 1024
8001847a 1024
8002af9c 1024
80018316 1024
8001830a 1024
8001d64a 1024
8001d64e 1024
8001833e 1024
8002ae1c 1024
8001d652 1024
80017364 1024
8001d656 1024
8001b46e 1024
8001736c 1024
8001d65a 1024
8001b5ea 1024
80017376 1024
8001831a 1024
8001d65e 1024
8001831e 1024
8001d662 1024
80029cca 1024
8001d666 1024
8002aed8 1024
8001d66a 1024
8001a488 1024
8002ad80 1024
8002ad9c 1024
8002ae2c 1024
8001d566 1024
8002ad98 1024
8002ad94 1024
8002ad90 1024
8001d56a 1024
8002ad8c 1024
8002ad88 1024
8001d56e 1024
8002ad84 1024
8001d562 1024
8002ad7c 1024
8001d572 1024
8002ad78 1024
8002ad74 1024
8001d576 1024
8002ad70 1024
8002ad6c 1024
8001d57a 1024
8002ad68 1024
8001d57e 1024
8002ae38 1024
8002af1a 1024
8002af18 1024
8002af16 1024
8002af14 1024
8002aef8 1024
8002aef4 1024
8002aef0 1024
8002aeec 1024
8002aee8 1024
8002aee4 1024
8002aee0 1024
8002ad64 1024
8002ae5e 1024
8002ae5a 1024
8002ae06 1024
8002ae02 1024
8002adfe 1024
8002adfa 1024
8002ae34 1024
8002ae30 1024
8002ada0 1024
800184ce 1024
80018354 1024
8001a5aa 1024
8002aec4 1024
8001a48e 1024
8001a436 1024
8001a3d6 1024
8001a3cc 1024
8001b52a 1024
8001a3b8 1024
8001a388 1024
8001a37e 1024
80029cfa 1024
8001a5b2 1024
8002afd6 1024
8002aed4 1024
8002af8c 1024
8002aed0 1024
8002af88 1024
8001b68e 1024
8001b68a 1024
8001b66a 1024
8001834e 1024
8002aecc 1024
8001d596 1024
8001d586 1024
8002ad60 1024
8001d58a 1024
8002ad5c 1024
8001d58e 1024
8002ad58 1024
8002ad54 1024
8002ad50 1024
8001d592 1024
8002ad4c 1024
8002ad48 1024
8002afa0 1024
8002ad44 1024
8002ad40 1024
8002afd4 1024
8001d59a 1024
8001d59e 1024
8002afd0 1024
8001d5a2 1024
8002afcc 1024
8002aec8 1024
8001a60a 1024
80025a2e 1024
8001a5b8 1024
8002187e 1024
8001a5c0 1024
8001a5c4 1024
8001a5c8 1024
8001a5d4 1024
8001a5d8 1024
8001a600 1024
8002083c 1024
8001a5dc 1024
8001a5f8 1024
8001a5e8 1024
80025a2a 1024
8001a5ec 1024
80021882 1024
8001a5f0 1024
80025a32 1024
80025a34 1024
80025a36 1024
80025a3a 1024
8001a5e4 1024
8001a5fc 1024
80025a3e 1024
80025a42 1024
80025a46 1024
8001a604 1024
80025a48 1024
8001a5d0 1024
8001a606 1024
80028cca 1024
80028cf0 1024
80028cec 1024
800134c2 1024
800218ac 1024
80028ce8 1024
800218a8 1024
80028ce4 1024
80028ce0 1024
800218a4 1024
80028cdc 1024
80028cd8 1024
80028cd4 1024
80028cd0 1024
80028ccc 1024
80025a4a 1024
80028cc6 1024
80028cc2 1024
80028cbe 1024
800218a0 1024
8002189c 1024
80021898 1024
8001a5a6 1024
80021894 1024
80021890 1024
8002188c 1024
8001a5ae 1024
8002188a 1024
8001a5b4 1024
80021886 1024
80025b3e 1024
80025b06 1024
80025b0a 1024
80025b0e 1024
80025b12 1024
80025b16 1024
80025b1a 1024
80025b1e 1024
80025b22 1024
80025b26 1024
80025b2a 1024
80025b2e 1024
80025b32 1024
80025b36 1024
80025b3a 1024
80025b02 1024
80025b42 1024
80025b44 1024
80025b46 1024
80025b48 1024
80025ba0 1024
80025ba4 1024
80025ba8 1024
80025bac 1024
80025bae 1024
80025bb2 1024
8001a548 1024
80025bb6 1024
80025bba 1024
80025bbe 1024
80025a82 1024
80025a4e 1024
80025a52 1024
80025a56 1024
80025a5a 1024
80025a5e 1024
80025a62 1024
80025a66 1024
80025a6a 1024
80025a6e 1024
80025a72 1024
8001a5bc 1024
80025a76 1024
80025a7a 1024
80025a7e 1024
800218b0 1024
80025a86 1024
80025a8a 1024
80025a8c 1024
80020840 1024
80020844 1024
80025ae4 1024
80025ae8 1024
80025aec 1024
80025af0 1024
80025af2 1024
80025af6 1024
80025afa 1024
80025afe 1024
80028da8 1024
80028dd8 1024
800132c4 1024
80028dd4 1024
80028dd0 1024
80028dcc 1024
80028dc8 1024
8001a54a 1024
80028dc4 1024
80028dc0 1024
80028dbc 1024
80028db8 1024
80028db4 1024
80028db0 1024
80028dac 1024
80028dda 1024
80028da4 1024
80028da0 1024
800218de 1024
80028d9c 1024
80028d98 1024
8001a54c 1024
80028d94 1024
80028d90 1024
80028d8c 1024
80028d88 1024
800134f4 1024
80028d86 1024
800134f0 1024
80028d82 1024
8001a52c 1024
80020804 1024
80013520 1024
8001351c 1024
80013518 1024
80020808 1024
80013514 1024
8001a524 1024
80013510 1024
800132ae 1024
8001350c 1024
8001a528 1024
80013508 1024
80013504 1024
800132b0 1024
800132c8 1024
800132b4 1024
80013500 1024
800132b8 1024
8001a538 1024
800132bc 1024
800134fc 1024
8001a53c 1024
800218e2 1024
800134f8 1024
8001a540 1024
800132c0 1024
800218e0 1024
80028dde 1024
80028ddc 1024
80028d14 1024
800218c0 1024
800132e8 1024
800218bc 1024
800132ec 1024
800218b8 1024
800132f0 1024
80028d22 1024
80028d20 1024
80028d1e 1024
80028d1c 1024
80028d18 1024
800134dc 1024
800134d8 1024
800134d4 1024
800132e4 1024
800134d0 1024
800134ce 1024
800134ca 1024
800134c6 1024
800218b4 1024
80028d10 1024
80028d0c 1024
80028d08 1024
80028d04 1024
800132f2 1024
80028d00 1024
80028cfc 1024
80028cf8 1024
80028cf4 1024
800132d8 1024
800134ec 1024
80028d7e 1024
80028d7a 1024
8001a54e 1024
800134e8 1024
800134e4 1024
800218dc 1024
800132cc 1024
800218d8 1024
800132d0 1024
800134e0 1024
800218d4 1024
800132d4 1024
800218d0 1024
80025bc2 1024
800218cc 1024
80020810 1024
80020814 1024
80020824 1024
80020828 1024
8002082c 1024
80020830 1024
80020834 1024
80020838 1024
800132dc 1024
800218c8 1024
800132e0 1024
800218c4 1024
80020978 1024
8001a454 1024
800208f8 1024
80020984 1024
8001a440 1024
80020900 1024
8001a374 1024
80020980 1024
80013358 1024
8001335c 1024
8002097c 1024
800217c4 1024
80013360 1024
80013364 1024
800217c8 1024
80025cc0 1024
80013368 1024
800217cc 1024
80020974 1024
80020970 1024
8002096c 1024
8001336c 1024
800217ce 1024
80020968 1024
80013370 1024
80020966 1024
80013374 1024
80020962 1024
8001a3a4 1024
80013378 1024
80025cbc 1024
80025cb6 1024
80020998 1024
8001341c 1024
80025cba 1024
800208b8 1024
800208bc 1024
80020994 1024
8001d616 1024
800208c0 1024
80020990 1024
80013418 1024
800208c4 1024
8001d61a 1024
80013414 1024
800217d0 1024
80013412 1024
8001d61e 1024
8001a484 1024
8001340e 1024
800208d4 1024
8001340a 1024
800208d8 1024
80013406 1024
800208f0 1024
8002098c 1024
8001a468 1024
80025cbe 1024
800208f4 1024
80020988 1024
80021808 1024
800133ac 1024
800217fc 1024
800133aa 1024
8001d6fe 1024
80021800 1024
8001338c 1024
800133a8 1024
80021804 1024
8001d6fa 1024
8001d6d6 1024
8001d6f6 1024
800133a4 1024
8001d6da 1024
80021818 1024
800217f8 1024
800133a0 1024
8001d6f2 1024
8001d6de 1024
8002180c 1024
8001339c 1024
80013390 1024
8001d6ee 1024
8001d6e2 1024
80021810 1024
80013394 1024
8001d6ea 1024
80021814 1024
8001d6e6 1024
80013398 1024
8001d70e 1024
800217d4 1024
80021826 1024
8002095e 1024
8001337c 1024
80013380 1024
8001d71a 1024
800217d8 1024
8001d716 1024
8002095a 1024
800217dc 1024
80021824 1024
8001d712 1024
800217e0 1024
80013384 1024
80013420 1024
800217e2 1024
800217e4 1024
8001d70a 1024
800217e8 1024
80021820 1024
800217ec 1024
8001d706 1024
80013388 1024
8001d702 1024
800217f0 1024
800217f4 1024
800133ae 1024
8002181c 1024
80028c22 1024
8001346a 1024
80013468 1024
80028c40 1024
80028c3c 1024
80028c38 1024
80028c34 1024
80025bfa 1024
8001d582 1024
8001a504 1024
80028c30 1024
80025bfe 1024
80028c2c 1024
80028c28 1024
80028c24 1024
80028c44 1024
80028c20 1024
80028c1c 1024
80028c18 1024
80028c14 1024
80028c10 1024
80028c0e 1024
80025c00 1024
80028c0c 1024
80028c08 1024
80028c04 1024
80025c02 1024
80025c04 1024
8001334a 1024
8001334e 1024
80028c66 1024
80025bc6 1024
80025bca 1024
8001d54e 1024
80025bce 1024
80025bd2 1024
8001d552 1024
80025bd6 1024
80025bda 1024
8001d556 1024
8001d55a 1024
80025bde 1024
80025be2 1024
8001d55e 1024
80025be6 1024
80013352 1024
8001a534 1024
80028c64 1024
80028c60 1024
80028c5c 1024
80025bea 1024
80028c58 1024
80028c54 1024
80025bee 1024
80028c50 1024
80025bf2 1024
80025bf6 1024
8001a520 1024
80028c4c 1024
80028c48 1024
800209b0 1024
80025c9e 1024
80013448 1024
800209be 1024
80013444 1024
800209bc 1024
80013440 1024
80025ca2 1024
8001343c 1024
800209ba 1024
800209b8 1024
80013438 1024
800209b4 1024
80025ca6 1024
80013434 1024
8001344c 1024
800209ac 1024
80013430 1024
800208a6 1024
8001342c 1024
80025caa 1024
800209a8 1024
80013428 1024
800208aa 1024
800209a4 1024
80025cae 1024
800209a0 1024
80013424 1024
8002099c 1024
80025cb2 1024
80013464 1024
80013356 1024
80025c5c 1024
80025c60 1024
80025c64 1024
8001d5a6 1024
80025c68 1024
80025c6a 1024
8001d5aa 1024
80025c6e 1024
80025c72 1024
8001d5ae 1024
80025c76 1024
80013466 1024
80025c7a 1024
800132ac 1024
80013460 1024
80025c7e 1024
80025c82 1024
8001345c 1024
80013458 1024
80025c86 1024
80025c8a 1024
80025c8e 1024
80025c92 1024
80013454 1024
80013450 1024
80025c96 1024
80025c9a 1024
800171c0 1024
800171f0 1024
800171ec 1024
800171e8 1024
800171e4 1024
800171e0 1024
800171dc 1024
800171d8 1024
800171d4 1024
8001735c 1024
800171d0 1024
800171cc 1024
800171c8 1024
800171c4 1024
80017410 1024
800171f4 1024
800171bc 1024
800171b8 1024
800171b4 1024
800171b0 1024
800171ac 1024
800171a8 1024
800171a4 1024
800171a0 1024
8001719c 1024
80017414 1024
80017370 1024
800208b0 1024
800173ce 1024
800208d0 1024
8001727c 1024
8001741c 1024
80017408 1024
80017404 1024
800173f0 1024
800173e0 1024
8001731e 1024
80017374 1024
800172b8 1024
800172b4 1024
80017290 1024
8001728c 1024
80017288 1024
80017284 1024
80017280 1024
800208dc 1024
80017278 1024
80017274 1024
80017270 1024
8001726c 1024
80017268 1024
80019564 1024
800207f8 1024
800207fc 1024
8002080c 1024
80020818 1024
80020820 1024
800173da 1024
800171fc 1024
800171f8 1024
8001c4b8 1024
8001c598 1024
8001c590 1024
8001c58c 1024
8001b69e 1024
8001c588 1024
8001c584 1024
8001c580 1024
8001c578 1024
8001c508 1024
8001c504 1024
8001c4f8 1024
8001c4f4 1024
8001c4d8 1024
8001c4c4 1024
8001b6a4 1024
8001c4b4 1024
8001b67e 1024
8001b66e 1024
80019518 1024
80019548 1024
8001955c 1024
800193a0 1024
800193a4 1024
800193a8 1024
8001947c 1024
80019488 1024
80019490 1024
800194a4 1024
8001b5de 1024
8001c704 1024
800208e0 1024
800208e4 1024
800208e8 1024
800208ec 1024
8001c746 1024
8001c742 1024
8001c734 1024
8001c730 1024
8001c72c 1024
8001c728 1024
8001c724 1024
8001c720 1024
8001c71c 1024
8001c708 1024
8001742c 1024
8001c700 1024
8001c6f4 1024
8001c6f0 1024
8001c688 1024
8001c684 1024
8001c680 1024
8001c674 1024
8001c670 1024
8001c66c 1024
8001c664 1024
8001c63c 1024
8001c62e 1024
8001c5c0 1024
80019512 1024
80029d60 1024
80029d5c 1024
80029d04 1024
80029cc0 1024
80029cac 1024
80017294 1024
80017298 1024
8001729c 1024
800172a0 1024
800172a4 1024
800172a8 1024
800172ac 1024
800172b0 1024
8001950a 1024
80029d64 1024
80019516 1024
80017320 1024
80017324 1024
8001933a 1024
80017338 1024
80020842 1024
80017340 1024
80020846 1024
80019396 1024
8001939a 1024
8001939e 1024
8002089e 1024
800173dc 1024
800193f2 1024
8001d558 1024
8001d726 1024
8001d722 1024
8001d6d0 1024
8001d6cc 1024
8001d6c8 1024
8001d6c4 1024
8001d66c 1024
8001d610 1024
8001d60c 1024
8001d608 1024
8001d5b0 1024
8001d56c 1024
80029f36 1024
80029ef6 1024
800173f4 1024
80029ef2 1024
80029eee 1024
80029eea 1024
80029ee6 1024
80029ee2 1024
80029e7c 1024
80029e78 1024
80029e24 1024
80029e20 1024
80029e1c 1024
80029e18 1024
80029dc0 1024
80029dbc 1024
80029d68 1024
800172ba 1024
8001a544 1024
8001a530 1024
8001a514 1024
8001a500 1024
8001a474 1024
8002aec2 1024
8001a450 1024
8001a47c 1024
8001a480 1024
8001a3b4 1024
8001a390 1024
8001a48c 1024
800171a6 1024
800171ba 1024
8002aebe 1024
80017312 1024
800208c8 1024
800208cc 1024
800173d2 1024
8001b456 1024
800173d6 1024
80017432 1024
8001b472 1024
8001a458 1024
8001a460 1024
80017256 1024
8001725a 1024
8001725e 1024
80017262 1024
800183d6 1024
80020902 1024
80017418 1024
800184ca 1024
800184be 1024
800184b2 1024
8001849e 1024
80018492 1024
80018482 1024
8001944e 1024
80018412 1024
80018406 1024
800183fa 1024
800183ea 1024
800183e2 1024
8001b5da 1024
800183ca 1024
800183be 1024
80019456 1024
8002ad4a 1024
80018246 1024
8001a5cc 1024
8001a608 1024
8001a5f4 1024
8001a5e0 1024
8002aeb6 1024
8001a46c 1024
8002aeba 1024
8001a470 1024
80028e90 1024
80021984 1024
80021980 1024
8002197c 1024
80021978 1024
80021974 1024
80021970 1024
8002196c 1024
80021968 1024
80021964 1024
80028e9a 1024
80028e98 1024
8001b65e 1024
80028e96 1024
80028e94 1024
80021988 1024
80028e8c 1024
80028e88 1024
80021960 1024
80028e84 1024
8002195c 1024
80028e80 1024
80028e7c 1024
80021958 1024
80028e78 1024
80021954 1024
80028e74 1024
80016372 1024
80028e70 1024
80021950 1024
8001a432 1024
8001a3c8 1024
800219fe 1024
800219fa 1024
8001a3d0 1024
800219f6 1024
8001a3d4 1024
80016160 1024
8001611c 1024
8001610e 1024
80016108 1024
800160fe 1024
80018358 1024
8001b5ae 1024
8001a42e 1024
8001b644 1024
8001a43a 1024
8002199e 1024
8002199c 1024
8001a444 1024
8002199a 1024
80021998 1024
800161da 1024
8001a448 1024
8001b67a 1024
80021994 1024
8001a44c 1024
80021990 1024
800207e2 1024
8002198c 1024
8001a50c 1024
8001a4ee 1024
8001634e 1024
8001a4f2 1024
8001634a 1024
8001a4f6 1024
80013290 1024
80016346 1024
8001a4f8 1024
80013294 1024
8001a4fc 1024
80013298 1024
8001329a 1024
8001a508 1024
8001329c 1024
80016352 1024
800132a0 1024
8001a510 1024
800132a4 1024
800207e6 1024
800207ea 1024
8001a518 1024
800207ee 1024
800132a8 1024
80013526 1024
800207f0 1024
80013524 1024
8001a51c 1024
800207f4 1024
80013522 1024
80028e4c 1024
80028e6c 1024
8001636e 1024
8002194c 1024
80028e68 1024
80028e64 1024
80028e60 1024
80028e5c 1024
80028e58 1024
80021948 1024
80028e54 1024
80021946 1024
80028e50 1024
80016366 1024
80021942 1024
80021a02 1024
8002193e 1024
80028e48 1024
8002193a 1024
80028e44 1024
80016362 1024
80028e42 1024
8001635e 1024
8001a4ea 1024
8001635a 1024
80028e3e 1024
80028e3a 1024
80016356 1024
80028e36 1024
80020730 1024
8001b52e 1024
800192e2 1024
80021a4c 1024
80021a48 1024
80021a44 1024
80021a40 1024
8001829c 1024
8001b51a 1024
80021a3c 1024
8001b50a 1024
80021a38 1024
80021a34 1024
80021a30 1024
8002072c 1024
80020728 1024
80021a2c 1024
8001a378 1024
80020732 1024
80021a28 1024
80020734 1024
800182f8 1024
8001a380 1024
80020738 1024
80021a24 1024
8002073c 1024
8001a384 1024
80020740 1024
80021a20 1024
8001a38c 1024
80019392 1024
8001956e 1024
8001b41e 1024
8001b422 1024
8001b436 1024
8001b45a 1024
800193ac 1024
80019452 1024
8001945a 1024
8001948c 1024
800194a0 1024
800194a8 1024
800194b2 1024
8001b59a 1024
8001b594 1024
80021a1c 1024
8001953c 1024
80019544 1024
80019558 1024
8001b4fa 1024
8001956c 1024
8001b51e 1024
80021a5a 1024
80021a58 1024
80021a56 1024
80018244 1024
80021a54 1024
80021a50 1024
800192f6 1024
80016212 1024
80016390 1024
8001633c 1024
8001b4d8 1024
8001a3b0 1024
800162d8 1024
800162a6 1024
80016278 1024
80016274 1024
80021a08 1024
8001b4d4 1024
80021a04 1024
8001a3bc 1024
8001a3c0 1024
80016218 1024
80016394 1024
8001620e 1024
8001620a 1024
800161fe 1024
800161fa 1024
800161f6 1024
800161ea 1024
800161f2 1024
800161e6 1024
800161e2 1024
800161d6 1024
800161d2 1024
800161ce 1024
8001a3c4 1024
800161ee 1024
8002075c 1024
8001a392 1024
80020744 1024
80020746 1024
8001a394 1024
80020748 1024
80021a18 1024
8002074c 1024
8001a398 1024
80020750 1024
80021a14 1024
80020754 1024
8001b4e6 1024
8001a39c 1024
80020758 1024
8001d784 1024
80020760 1024
80020764 1024
80020768 1024
8002076c 1024
8001a3a0 1024
80021a10 1024
80020770 1024
8001a3a8 1024
80020774 1024
80020778 1024
8002077c 1024
80021a0c 1024
8001a3ac 1024
80027cf2 1024
80023902 1024
80026c50 1024
800238fe 1024
80017400 1024
800238fa 1024
80026c54 1024
800238f8 1024
80026c58 1024
80018478 1024
800238f6 1024
80026c5c 1024
800238f2 1024
80026c60 1024
800238ee 1024
800173f8 1024
80026c4c 1024
80026c64 1024
800173e4 1024
80027cf6 1024
80019480 1024
8001f8d2 1024
80027cfa 1024
80027cfe 1024
80017368 1024
80027d02 1024
8001734c 1024
800162c6 1024
80017316 1024
80017328 1024
800162c2 1024
800162be 1024
8002391e 1024
8001823a 1024
80023950 1024
8002394e 1024
8002394a 1024
80023946 1024
80023942 1024
8002393e 1024
8002393a 1024
80023936 1024
80023932 1024
8002392e 1024
8002392a 1024
80023926 1024
800162ca 1024
80023922 1024
80027d06 1024
8002391a 1024
80023916 1024
80023912 1024
80026c3e 1024
8002390e 1024
80017424 1024
80026c42 1024
8002390c 1024
8001c4ba 1024
8002390a 1024
80026c46 1024
80023906 1024
80029f32 1024
80026c4a 1024
8001f8f2 1024
8002293c 1024
80026c8c 1024
80019478 1024
80029e42 1024
80022938 1024
8001f8e2 1024
80022934 1024
80027d16 1024
8001f8e6 1024
80022930 1024
8001f8ea 1024
8002292c 1024
80029e3e 1024
80027d1a 1024
8001f8ee 1024
80027d12 1024
80026c90 1024
8001f8f6 1024
80026c94 1024
80022928 1024
8001f8fa 1024
80026c98 1024
8001f8fe 1024
80022924 1024
80026c9c 1024
8001f902 1024
80022920 1024
80027d1e 1024
8001f906 1024
8002291c 1024
80022964 1024
8001f8d6 1024
80026c68 1024
8001f8da 1024
80022972 1024
80026c6c 1024
80022970 1024
8002296e 1024
80026c70 1024
80026c74 1024
80026c78 1024
80026c7c 1024
80027d0a 1024
8002296c 1024
80026c80 1024
80022968 1024
8001823e 1024
80022960 1024
8002295c 1024
8001f8de 1024
80022958 1024
80022954 1024
80022950 1024
80026c84 1024
80027d0e 1024
8002294c 1024
80022948 1024
80022944 1024
80029e46 1024
80026c88 1024
80022940 1024
80023a8a 1024
80023aae 1024
80029f22 1024
80026be6 1024
80023aaa 1024
80023aa6 1024
800229ee 1024
80023aa2 1024
80023a9e 1024
80027ce4 1024
80018286 1024
80023a9a 1024
80018282 1024
80023a96 1024
80023a92 1024
80023a8e 1024
8001828a 1024
80023a86 1024
80023a82 1024
800229ea 1024
80023a7e 1024
8001827e 1024
80023a7a 1024
8001827a 1024
80023a76 1024
80018276 1024
80023a72 1024
80027ce8 1024
80023a70 1024
80023a6c 1024
80018272 1024
80023ac8 1024
80023b32 1024
80023b2e 1024
80022a02 1024
800229fe 1024
80029e4e 1024
800229fa 1024
800229f6 1024
80023b2c 1024
800229f2 1024
80023b28 1024
80023b24 1024
8001829a 1024
80027cdc 1024
80023b20 1024
80018296 1024
80027cea 1024
80023ac6 1024
80018292 1024
80023ac4 1024
8001c56e 1024
80023ac2 1024
80029e4a 1024
80023abe 1024
8001c56a 1024
80027ce0 1024
80023aba 1024
80023ab6 1024
8001828e 1024
80026be4 1024
80023ab2 1024
800239ca 1024
800239fa 1024
80029f2e 1024
800239f6 1024
800239f2 1024
800239ee 1024
800239ea 1024
800239e6 1024
800239e2 1024
800239de 1024
800239da 1024
800239d6 1024
80018262 1024
800239d2 1024
800162ce 1024
800239ce 1024
800229c8 1024
8001825a 1024
800239c6 1024
800239c2 1024
800239be 1024
80018258 1024
800239ba 1024
800239b6 1024
80018256 1024
800239b4 1024
800239b0 1024
800239ac 1024
80018252 1024
800239a8 1024
8001824e 1024
80029f2a 1024
8001826e 1024
800229e6 1024
80029f26 1024
80027cee 1024
80023a68 1024
800229e2 1024
80023a64 1024
8001956a 1024
800229de 1024
800229da 1024
800229d6 1024
800229d4 1024
8001949c 1024
80019494 1024
8001f8bc 1024
80026c9e 1024
8001826a 1024
8001f8c4 1024
80023a0c 1024
8001f8c8 1024
8001f8ca 1024
800229d0 1024
80023a0a 1024
80023a08 1024
8001f8ce 1024
80023a06 1024
80018266 1024
80023a02 1024
800229cc 1024
800239fe 1024
80027dda 1024
800192ec 1024
80027dca 1024
800192f0 1024
800192f8 1024
8001e780 1024
8001e774 1024
800192fc 1024
80027dce 1024
80019300 1024
80016136 1024
80027dd2 1024
80019304 1024
8001930c 1024
80016132 1024
80027dd6 1024
800192e8 1024
8001946c 1024
80027dde 1024
80019468 1024
8001621c 1024
80027de2 1024
8001612e 1024
8001e70a 1024
80019310 1024
80027de6 1024
8001621a 1024
80016216 1024
80019314 1024
80027dea 1024
80019318 1024
80027d9c 1024
8001e826 1024
800162a2 1024
8001629e 1024
8001629a 1024
80016296 1024
80016292 1024
8001628e 1024
8001628a 1024
80016286 1024
80016282 1024
80016280 1024
8001e7c6 1024
8001627c 1024
800192d8 1024
80027d98 1024
80019320 1024
80027da0 1024
8001613a 1024
80027da4 1024
80027da6 1024
80027daa 1024
80027dae 1024
80027db2 1024
80027db6 1024
80027dba 1024
80027dbe 1024
80027dc2 1024
800192dc 1024
80027dc6 1024
800192e4 1024
8001c512 1024
8001e5f6 1024
8001c6fc 1024
8001c650 1024
8001c632 1024
8001c5ce 1024
8001c5ca 1024
8001c5a8 1024
8001c5a4 1024
800161b8 1024
8001c5a0 1024
8001c59c 1024
800193f0 1024
800193ec 1024
800193e8 1024
800193e4 1024
8001e608 1024
8001c4e8 1024
8001c4e4 1024
800193dc 1024
800193d8 1024
8001c4d4 1024
8001c4ce 1024
8001c4c8 1024
800193d4 1024
800193d0 1024
800193c8 1024
800193c4 1024
800193c0 1024
800193bc 1024
800193b4 1024
800161de 1024
80016206 1024
80027dee 1024
80027df2 1024
80027df6 1024
80027df8 1024
80027dfa 1024
80027dfc 1024
80019324 1024
80016202 1024
800161bc 1024
8001e704 1024
800161c0 1024
8001e6ec 1024
80019328 1024
8001e6cc 1024
800162aa 1024
8001932c 1024
80019464 1024
800161ca 1024
80019334 1024
8001e6c0 1024
80019460 1024
8001e644 1024
800161c6 1024
80019338 1024
800161c4 1024
8001e630 1024
8001e618 1024
8001e610 1024
8001e60c 1024
800162b2 1024
800162b6 1024
80027d2e 1024
80027d32 1024
80029e36 1024
80027d36 1024
80019474 1024
80029e32 1024
80027d3a 1024
8001e882 1024
80026d24 1024
80026d28 1024
80026d2c 1024
80027d3c 1024
80026d30 1024
80027d3e 1024
80026d20 1024
80029e2e 1024
800228b8 1024
80029e2a 1024
80029e26 1024
80026d34 1024
800228b6 1024
80026d38 1024
800228b2 1024
8001e87e 1024
8001615a 1024
80026d3c 1024
800228ae 1024
80016156 1024
8001e870 1024
8001f916 1024
80026ca0 1024
80026ca2 1024
8001f90a 1024
80027d22 1024
800184cc 1024
8001f90e 1024
80026cfa 1024
80026cfe 1024
80026d02 1024
80026d06 1024
80026d08 1024
80026d0c 1024
8001f912 1024
80026d10 1024
8002291a 1024
8001614e 1024
80022916 1024
80027d26 1024
80026d14 1024
8001f91a 1024
80026d18 1024
8001f91c 1024
80027d2a 1024
8001f91e 1024
80022912 1024
80029e3a 1024
8001f920 1024
80026d1c 1024
8002290e 1024
800162ba 1024
80016152 1024
8001e858 1024
8002287e 1024
8001610a 1024
8001611a 1024
80016106 1024
8001611e 1024
80016122 1024
80016126 1024
8002287a 1024
8001612a 1024
8001613e 1024
80022876 1024
80016142 1024
80016146 1024
80022874 1024
80020788 1024
8001615e 1024
8001e844 1024
80022872 1024
8002286e 1024
8002286a 1024
80022866 1024
80022862 1024
80022860 1024
8002285e 1024
8001b69a 1024
8001e82c 1024
8002285a 1024
80022856 1024
800162ae 1024
80026d5c 1024
80026d40 1024
800228aa 1024
8001614a 1024
80026d44 1024
8001e868 1024
800228a6 1024
80016116 1024
80026d48 1024
80026d4c 1024
80026d50 1024
80026d54 1024
8002078a 1024
80026d58 1024
80027d40 1024
80026d5a 1024
8001f8c0 1024
80026d5e 1024
800228a2 1024
80020780 1024
8002289e 1024
8002289a 1024
80022896 1024
80022892 1024
8002288e 1024
80016112 1024
8002288a 1024
80022886 1024
80020784 1024
80016102 1024
80022882 1024
80027bc2 1024
80029d86 1024
80027bae 1024
80029d8a 1024
80029d92 1024
80029d96 1024
80029d9a 1024
80029d9e 1024
80029da2 1024
80027bb2 1024
80029da6 1024
80027bb6 1024
80019524 1024
80027bba 1024
80027bbe 1024
80029d82 1024
80019520 1024
8001c5ac 1024
8001b52c 1024
80027bc6 1024
80027bc8 1024
8001b526 1024
8001b522 1024
8001c640 1024
8001b516 1024
8001c5b8 1024
8001c5c4 1024
8001b512 1024
8001b50e 1024
80029dae 1024
80027b96 1024
8001b5b2 1024
80029d72 1024
8001b5a6 1024
8001b5a2 1024
80027b8e 1024
80019530 1024
80026ba8 1024
80027b92 1024
80029d76 1024
8001c572 1024
8001b596 1024
8001c576 1024
8001c654 1024
8001b58c 1024
8001b506 1024
80026bac 1024
8001b588 1024
8001c57c 1024
80026bb0 1024
80019528 1024
80027b9a 1024
80027b9e 1024
80027ba2 1024
8001c594 1024
80027ba6 1024
80029d7e 1024
8001c64c 1024
80027baa 1024
8001f744 1024
80027c4a 1024
8001c626 1024
80027c4e 1024
80027c52 1024
80027c56 1024
80027c5a 1024
8001c658 1024
80027c5e 1024
8001c65c 1024
80026bb8 1024
800193f6 1024
80027c62 1024
80027c66 1024
80027c6a 1024
8001c648 1024
8001f748 1024
8001f74c 1024
8001b474 1024
8001b46a 1024
8001f750 1024
80027c6e 1024
8001f752 1024
8001b466 1024
8001f756 1024
8001b462 1024
8001f75a 1024
8001b45e 1024
80027c72 1024
8001f75e 1024
8001b4ea 1024
80022a06 1024
8001b502 1024
80029db2 1024
80029db6 1024
80026bb4 1024
800208b4 1024
8001b4fe 1024
80027c20 1024
80027c24 1024
80027c28 1024
8001b4f6 1024
8001b4f2 1024
8001b4ee 1024
8001c634 1024
8001b5b6 1024
8001b4da 1024
80029dba 1024
80027c2c 1024
80027c2e 1024
80027c32 1024
80027c36 1024
80027c3a 1024
8001c62a 1024
80027c3e 1024
8001951c 1024
80027c42 1024
8001c644 1024
80027c46 1024
8001b686 1024
80026b9c 1024
80029ce2 1024
8001c686 1024
80029cda 1024
8001c4c0 1024
80029cd6 1024
80029cd2 1024
8001f6aa 1024
8001f6ae 1024
8001b692 1024
8001f6b2 1024
80029cce 1024
8001c67c 1024
8001f6b6 1024
80026b98 1024
8001c4cc 1024
8001c4d0 1024
8001b682 1024
80019538 1024
8001f6ba 1024
8001f6be 1024
8001f6c2 1024
8001f6c6 1024
80029cc6 1024
8001b676 1024
8001c4dc 1024
8001b672 1024
8001b666 1024
8001c4e0 1024
80029cf2 1024
8001f692 1024
8001f694 1024
8001f68e 1024
80026b8e 1024
8001f68a 1024
8001f696 1024
80029d02 1024
8001c4b0 1024
80026b90 1024
80029cfe 1024
80019568 1024
80029cf6 1024
80019560 1024
8001b6a6 1024
80029cc2 1024
80029cee 1024
80029cea 1024
8001954c 1024
8001f69a 1024
80026b94 1024
8001f69e 1024
8001b6a2 1024
8001f6a2 1024
8001f6a6 1024
8001b696 1024
8001f6a8 1024
80029ce6 1024
8001c4bc 1024
8001b5ec 1024
8001b64c 1024
80027b66 1024
80027b6a 1024
80017430 1024
80027b6e 1024
80027b70 1024
80026ba4 1024
80027b72 1024
8001b648 1024
80027b76 1024
80027b7a 1024
8001c668 1024
80027b7e 1024
80029d6a 1024
80026ba0 1024
8001b5e8 1024
8001b5e6 1024
8001b5e2 1024
8001b5d6 1024
80027b82 1024
80027b84 1024
8001b5d2 1024
8001c660 1024
80029d6e 1024
8001b5c6 1024
80027b86 1024
8001b5c2 1024
80027b8a 1024
8001f6d6 1024
80029cbe 1024
80029cba 1024
8001b662 1024
80029cb2 1024
80029cae 1024
80029caa 1024
8001c4ec 1024
8001b656 1024
80029ca6 1024
8001f6ca 1024
8001c4f0 1024
8001b652 1024
8001f6ce 1024
8001f6d2 1024
8001c638 1024
8001c4fc 1024
8001f6da 1024
8001c500 1024
8001f6de 1024
8001f6e2 1024
8001c50c 1024
8001c510 1024
8001f6e6 1024
8001b650 1024
8001c678 1024
8001f6ea 1024
8001f6ec 1024
800208fc 1024
80022a9c 1024
80022a94 1024
800183f2 1024
800183f6 1024
8001f83e 1024
8001c718 1024
800194b0 1024
80022a98 1024
8001f83a 1024
8001f842 1024
800183fe 1024
80018402 1024
8001c714 1024
80018414 1024
8001733c 1024
8001c710 1024
8001846c 1024
8001f836 1024
8001f84a 1024
8001f856 1024
80029e5a 1024
80022a8a 1024
8001f852 1024
8001f84e 1024
800183de 1024
80022a8e 1024
80029e5e 1024
80018470 1024
80022a90 1024
80026bd4 1024
8001f846 1024
80029f16 1024
800183e6 1024
80029e62 1024
800183ee 1024
800183bc 1024
80022acc 1024
8001f826 1024
8001f822 1024
8001f81e 1024
8001f81a 1024
8001f816 1024
8001f812 1024
8001f80e 1024
8001f82a 1024
8001f80c 1024
80022ad0 1024
8001f808 1024
80029e66 1024
8001f804 1024
80022ad4 1024
8001f800 1024
80022ab0 1024
8001c70c 1024
80029e7a 1024
80022aa0 1024
8001f832 1024
80022aa4 1024
80022aa8 1024
80022aac 1024
80026bd0 1024
80022a86 1024
80022ab4 1024
80022ab8 1024
80022abc 1024
80022ac0 1024
80022ac4 1024
80022ac8 1024
8001f82e 1024
80023b5e 1024
80023b4e 1024
80022a28 1024
80023b52 1024
80023b56 1024
80023b5a 1024
80022a2a 1024
80029e52 1024
80026be2 1024
80022a26 1024
80023b62 1024
80023b66 1024
80022a2c 1024
80026be0 1024
80023b6a 1024
80026bdc 1024
8001c5b0 1024
80022a12 1024
80022a0a 1024
80023b36 1024
80023b3a 1024
80029f1e 1024
80018302 1024
80022a0e 1024
80023b3e 1024
80018306 1024
80023b6e 1024
80023b42 1024
80022a16 1024
80022a1a 1024
80023b46 1024
80022a1e 1024
80023b4a 1024
80022a22 1024
800183da 1024
80018356 1024
800183c2 1024
800183c6 1024
800183ce 1024
80029e56 1024
800183d2 1024
8001c5cc 1024
8001f864 1024
8001c5c8 1024
8001f862 1024
8001f860 1024
8001f85e 1024
80022a82 1024
8001f85a 1024
80026bd8 1024
80029f1a 1024
80023b82 1024
80023b72 1024
80018342 1024
8001c5b4 1024
800162d2 1024
80023b76 1024
80023b7a 1024
80023b7e 1024
80023b80 1024
80018474 1024
8001c5bc 1024
80023b84 1024
800162d4 1024
800162d6 1024
80018346 1024
8001834a 1024
80018352 1024
8001d7e0 1024
80016392 1024
8001d796 1024
8001f7a8 1024
8001d79a 1024
8001d7b2 1024
8001d7b6 1024
800183b8 1024
8001f7a6 1024
8001b42e 1024
8001f7a4 1024
8001b432 1024
8001f7a2 1024
80029f06 1024
8001f79e 1024
8001f79a 1024
80029e76 1024
8001f796 1024
8001d668 1024
8001c6ee 1024
80016386 1024
80026bc0 1024
8001c6ea 1024
80026bbc 1024
80029e6e 1024
80029f0e 1024
8001d614 1024
8001b442 1024
8001638a 1024
8001638e 1024
8001b426 1024
800183b4 1024
8001d78c 1024
8001b42a 1024
80029f0a 1024
80029e72 1024
8001b44a 1024
80027c84 1024
80027c82 1024
8001f772 1024
8001731a 1024
8001f76e 1024
80029efe 1024
80027c80 1024
8001f76a 1024
800208ac 1024
80027c7e 1024
8001c68a 1024
80027c7a 1024
80027c76 1024
8001f766 1024
8001b44e 1024
8001f762 1024
80029efa 1024
8001f78a 1024
8002081c 1024
80029f02 1024
8001f792 1024
800208a2 1024
80018410 1024
8001f78e 1024
8001b446 1024
80020800 1024
80026bcc 1024
8001740c 1024
8001f786 1024
8001f782 1024
80017420 1024
8001f77e 1024
80017428 1024
8001f77a 1024
8001f776 1024
80022ae0 1024
8001b412 1024
8001633e 1024
80016342 1024
80029f12 1024
80022ae6 1024
80022ae4 1024
80029e6a 1024
80022adc 1024
8001636a 1024
8001b416 1024
80022ae2 1024
8001c6f8 1024
8001b41c 1024
80026bc4 1024
80026bc8 1024
800183b0 1024
80016376 1024
8001637a 1024
8001637e 1024
80016382 1024
80022ad8 1024
8004a8b8 1051
8004a8fc 1051
8004a8f8 1051
8004a8dc 1051
8004a904 1051
8004a8f4 1051
8004a8d0 1051
8004a8bc 1051
8004a8f0 1051
8004a8ec 1051
8004a8c0 1051
8004a8e8 1051
8004a8c4 1051
8004a8cc 1051
8004a8d4 1051
8004a8e4 1051
8004a91c 1051
8004a8e0 1051
8004a908 1051
8004a8c8 1051
8004a90c 1051
8004a910 1051
8004a918 1051
8004a900 1051
8004a8ac 1051
8004a8d8 1051
8004a8b4 1051
8004a8a4 1051
8004a8a8 1051
8004a8b0 1051
8004a914 1051
8004a7f0 1104
8004a7ec 1104
8004a7de 1104
8004a7e6 1104
8004a7e8 1104
8004a7d0 1104
8004a7cc 1104
8004a7d4 1104
8004a7d6 1104
8004a7f4 1104
8004a7da 1104
8004a7e2 1104
80013a74 1408
80013a70 1408
80013aa0 1408
80013a78 1408
80013a7c 1408
80013aa4 1408
80013aa8 1408
80013a80 1408
80001fb0 1674
80001faa 1764
80001fac 1764
80001fa6 1764
800489ae 1953
80048996 1953
800488da 1953
8004898e 1953
8004899a 1953
8004899e 1953
80048c0a 1953
80048ba4 1953
80048962 1953
800489d2 1953
800489ce 1953
800489ca 1953
80048bfa 1953
800489c6 1953
800489c2 1953
80048bfe 1953
800489a2 1953
800489be 1953
800489ba 1953
800489b6 1953
800488ca 1953
800489b2 1953
800489d6 1953
800489aa 1953
800489a6 1953
80048c46 1953
80048966 1953
8004895e 1953
8004895a 1953
8004896a 1953
80048956 1953
80048952 1953
8004896e 1953
80048972 1953
80048976 1953
8004897a 1953
8004897e 1953
80048982 1953
80048986 1953
8004894e 1953
80048c0e 1953
80048c42 1953
8004894a 1953
80048c3e 1953
80048c3a 1953
80048c2a 1953
80048c26 1953
80048c22 1953
80048c12 1953
8004898a 1953
80048946 1953
80048942 1953
8004893e 1953
8004893a 1953
800488ea 1953
80048afa 1953
80048b1e 1953
80048b1a 1953
80048b16 1953
80048b12 1953
80048b86 1953
80048b0e 1953
80048b0a 1953
80048b06 1953
80048afe 1953
80048b22 1953
80048b92 1953
80048af6 1953
80048af2 1953
80048b96 1953
80048ac6 1953
80048ac2 1953
80048abe 1953
80048aba 1953
80048ab6 1953
80048b66 1953
80048b46 1953
80048b4a 1953
80048b42 1953
80048b4e 1953
80048b52 1953
80048b3e 1953
80048b3a 1953
80048b5a 1953
80048b36 1953
80048a7a 1953
80048b7a 1953
80048b32 1953
80048b7e 1953
80048b82 1953
80048b2e 1953
80048ae2 1953
80048b2a 1953
80048b26 1953
80048a16 1953
80048bba 1953
80048bbe 1953
80048bc2 1953
80048a26 1953
80048bce 1953
80048bd2 1953
80048a22 1953
80048a1e 1953
80048a1a 1953
80048a2a 1953
80048a0e 1953
80048bd6 1953
80048a0a 1953
800489e2 1953
800489de 1953
80048be6 1953
800489da 1953
80048bea 1953
80048ba0 1953
80048a76 1953
80048a72 1953
80048a6e 1953
80048a6a 1953
80048b9a 1953
80048a66 1953
80048a62 1953
80048a5e 1953
80048a5a 1953
80048bf6 1953
80048a56 1953
80048a52 1953
80048a4e 1953
80048a4a 1953
80048a46 1953
80048a42 1953
80048bb0 1953
80048a2e 1953
800485b8 1953
80048216 1953
8004821a 1953
8004822a 1953
8004822e 1953
8004889e 1953
80048582 1953
800488a4 1953
8004823e 1953
80048620 1953
8004824e 1953
800485b4 1953
8004820a 1953
80048256 1953
8004861c 1953
8004825a 1953
800485bc 1953
800485c0 1953
80048262 1953
800485c4 1953
80048266 1953
800485c8 1953
800485d0 1953
80048530 1953
800484e4 1953
800484fc 1953
80048640 1953
8004863c 1953
80048638 1953
80048518 1953
8004819c 1953
800481b4 1953
800481c0 1953
800481c4 1953
80048618 1953
80048568 1953
800481dc 1953
800481e4 1953
80048570 1953
800481e8 1953
800481ee 1953
800481f2 1953
800481f6 1953
800481f8 1953
800481fc 1953
800489ea 1953
80048294 1953
800488ce 1953
80048298 1953
800488de 1953
800488e2 1953
8004829e 1953
800488e6 1953
80048c2c 1953
800482a2 1953
80048c20 1953
80048290 1953
800489ee 1953
800489f2 1953
800489f6 1953
800482b6 1953
800489fa 1953
800482ba 1953
800482bc 1953
800482c0 1953
800482c4 1953
800482ce 1953
80048c30 1953
80048614 1953
8004826e 1953
80048c50 1953
80048c4c 1953
80048c48 1953
80048c38 1953
80048c34 1953
800485f4 1953
80048274 1953
8004827a 1953
800484e0 1953
8004827e 1953
80048280 1953
800488a8 1953
80048284 1953
80048286 1953
800488ac 1953
8004828a 1953
8004828c 1953
800488c2 1953
800488c6 1953
800480f0 1953
800483be 1953
80048118 1953
8004867e 1953
800483dc 1953
80048114 1953
80048110 1953
8004867a 1953
80048100 1953
80048676 1953
800480f4 1953
80048682 1953
800483ec 1953
800480ec 1953
800480dc 1953
800483f4 1953
800480d8 1953
800487ec 1953
800487f0 1953
800480d4 1953
800480cc 1953
800487f2 1953
8004815c 1953
8004817c 1953
800487e8 1953
80048178 1953
80048174 1953
80048170 1953
8004816c 1953
80048168 1953
80048164 1953
80048b02 1953
80048160 1953
800487f4 1953
80048158 1953
80048154 1953
80048150 1953
80048364 1953
8004814c 1953
80048134 1953
80048378 1953
80048124 1953
800483a8 1953
8004811c 1953
800484d0 1953
80048490 1953
80048494 1953
800480f8 1953
80048498 1953
80048654 1953
80048104 1953
80048108 1953
800484cc 1953
80048650 1953
8004810c 1953
8004848c 1953
80048120 1953
800484d4 1953
80048128 1953
800484d8 1953
80048130 1953
8004813c 1953
80048140 1953
80048144 1953
80048148 1953
800484dc 1953
80048450 1953
800487f8 1953
800483f8 1953
8004840e 1953
80048424 1953
80048428 1953
8004866e 1953
8004866a 1953
800487d6 1953
80048444 1953
80048666 1953
800482e0 1953
80048454 1953
8004845c 1953
800480be 1953
800487fc 1953
800480c2 1953
800480ca 1953
800480ce 1953
800480d2 1953
800480e2 1953
800480e8 1953
80048936 1953
80048b88 1953
8004891e 1953
80048922 1953
80048460 1953
80048b78 1953
80048926 1953
8004892a 1953
80048b74 1953
80048b70 1953
8004892e 1953
80048932 1953
8004891a 1953
8004877e 1953
8004849c 1953
800484a0 1953
80048762 1953
800484a4 1953
800484a8 1953
800484ac 1953
800484b0 1953
800484b4 1953
800484c0 1953
80048b90 1953
800488fa 1953
80048ba6 1953
800488fe 1953
800486d0 1953
80048b9c 1953
800487ba 1953
800487c8 1953
800486d8 1953
80048902 1953
80048906 1953
800484c4 1953
800487be 1953
800487cc 1953
8004890a 1953
800487d0 1953
80048b8c 1953
8004890e 1953
80048912 1953
80048916 1953
8004844c 1953
800487de 1953
80048a86 1953
800486e0 1953
80048588 1953
80048528 1953
80048b5e 1953
80048b62 1953
80048a7e 1953
80048706 1953
80048a82 1953
80048534 1953
80048716 1953
80048b6a 1953
80048a8a 1953
80048578 1953
80048a8e 1953
80048574 1953
80048a92 1953
8004856c 1953
80048a96 1953
80048560 1953
80048564 1953
80048a9a 1953
800489e6 1953
80048992 1953
800484e8 1953
800484ec 1953
800484f0 1953
80048750 1953
800484f4 1953
80048724 1953
800485b0 1953
800485ac 1953
80048b56 1953
800486cc 1953
800485a8 1953
800488d2 1953
80048520 1953
80048b6c 1953
800488d6 1953
80048524 1953
800485a4 1953
800485a0 1953
80048598 1953
80048594 1953
80048bb8 1953
80048bcc 1953
80048bc8 1953
80048608 1953
80048bc4 1953
80048644 1953
8004831c 1953
80048322 1953
80048326 1953
800489fe 1953
80048a02 1953
80048bd8 1953
80048a06 1953
8004833a 1953
8004833e 1953
80048bb4 1953
80048a12 1953
80048648 1953
80048342 1953
8004834c 1953
8004864c 1953
80048356 1953
80048310 1953
80048c1c 1953
800482e6 1953
800482ee 1953
80048c18 1953
800482f6 1953
80048c14 1953
800485f8 1953
80048c08 1953
8004830c 1953
80048c04 1953
80048360 1953
80048318 1953
80048c00 1953
80048bf4 1953
80048610 1953
80048bf0 1953
80048bec 1953
80048be2 1953
8004860c 1953
80048be0 1953
80048bdc 1953
800483de 1953
800483ba 1953
800483c0 1953
80048672 1953
80048baa 1953
800483ca 1953
800483ce 1953
800486b6 1953
800486be 1953
800483da 1953
800487c2 1953
80048bae 1953
800483e2 1953
800483e8 1953
800483fe 1953
800488ee 1953
800486c4 1953
80048412 1953
800488f2 1953
80048416 1953
800488f6 1953
8004841a 1953
80048384 1953
80048368 1953
80048a32 1953
80048604 1953
80048372 1953
800485fc 1953
80048374 1953
8004865e 1953
8004837e 1953
800485ec 1953
80048a36 1953
80048382 1953
80048388 1953
8004838e 1953
80048a3a 1953
80048394 1953
80048a3e 1953
80048398 1953
8004839c 1953
800483ac 1953
800483b0 1953
80048662 1953
800485e0 1953
800480e4 1953
80048656 1953
80048634 1953
80048630 1953
8004862c 1953
80048628 1953
80048624 1953
80048600 1953
800485f0 1953
800485e8 1953
800485e4 1953
8004865a 1953
800485dc 1953
800485d8 1953
800485d4 1953
800485cc 1953
8004859c 1953
80048590 1953
8004858c 1953
80048586 1953
8004857e 1953
8004857a 1953
800486c8 1953
8004870e 1953
800480de 1953
80048700 1953
800486fc 1953
800486f8 1953
800486f4 1953
800486f0 1953
800486ec 1953
800486e8 1953
800486d4 1953
8004855c 1953
800486a8 1953
800486a4 1953
800486a0 1953
8004869c 1953
80048698 1953
80048694 1953
80048690 1953
8004868c 1953
80048688 1953
80048684 1953
8004847c 1953
800484c8 1953
800484bc 1953
80048180 1953
80048488 1953
80048484 1953
80048ae6 1953
80048480 1953
80048aaa 1953
8004876a 1953
80048aea 1953
800484f8 1953
80048aa6 1953
80048478 1953
80048474 1953
80048470 1953
8004846c 1953
80048468 1953
80048464 1953
80048458 1953
80048448 1953
80048440 1953
80048538 1953
80048558 1953
80048554 1953
800480fc 1953
8004812c 1953
80048550 1953
8004854c 1953
80048548 1953
80048544 1953
80048540 1953
8004853c 1953
80048712 1953
8004852c 1953
8004851c 1953
80048514 1953
80048510 1953
8004850c 1953
80048138 1953
80048aae 1953
80048508 1953
80048504 1953
80048500 1953
80048ad2 1953
80048ad6 1953
80048868 1953
80048864 1953
80048860 1953
8004885c 1953
80048858 1953
80048854 1953
80048850 1953
8004884c 1953
80048848 1953
80048844 1953
8004886c 1953
80048840 1953
8004883c 1953
80048838 1953
80048834 1953
80048830 1953
80048766 1953
80048ace 1953
80048aca 1953
8004882c 1953
80048828 1953
8004888c 1953
800488bc 1953
800488c0 1953
800488b8 1953
800488b4 1953
800488b0 1953
800488a0 1953
8004889c 1953
80048898 1953
80048894 1953
80048890 1953
80048ab2 1953
80048888 1953
8004875e 1953
80048884 1953
80048880 1953
80048ade 1953
8004887c 1953
80048878 1953
80048874 1953
80048870 1953
80048ada 1953
80048744 1953
80048794 1953
80048790 1953
8004878c 1953
80048770 1953
8004876c 1953
8004875c 1953
80048758 1953
80048754 1953
8004874c 1953
80048748 1953
80048798 1953
80048740 1953
8004873c 1953
80048738 1953
80048734 1953
80048730 1953
8004872c 1953
80048728 1953
800480c6 1953
8004871e 1953
8004871a 1953
800487d4 1953
80048824 1953
80048820 1953
8004881c 1953
80048818 1953
80048814 1953
80048810 1953
8004880c 1953
80048808 1953
80048804 1953
80048800 1953
800484b8 1953
800487c6 1953
800487b8 1953
800487b4 1953
80048720 1953
800487b0 1953
800487ac 1953
800487a8 1953
800487a4 1953
800487a0 1953
8004879c 1953
80048244 1953
800482b0 1953
800482ac 1953
800482a8 1953
80048278 1953
80048272 1953
8004826c 1953
80048268 1953
80048254 1953
80048250 1953
80048248 1953
800482c6 1953
8004823c 1953
80048232 1953
80048238 1953
80048234 1953
80048228 1953
80048224 1953
80048220 1953
80048214 1953
80048210 1953
800482fc 1953
80048344 1953
80048338 1953
80048334 1953
80048330 1953
8004832c 1953
80048328 1953
8004821e 1953
8004831e 1953
80048314 1953
80048300 1953
8004820c 1953
800482f8 1953
800482f2 1953
800482ea 1953
800482e4 1953
800482dc 1953
800482d8 1953
800482d4 1953
800482d0 1953
800482ca 1953
8004830a 1953
800482a6 1953
800482b2 1953
800482da 1953
800481a8 1953
800486c2 1953
800486ba 1953
80048302 1953
800486b2 1953
80048306 1953
800486ae 1953
8004829c 1953
800486aa 1953
80048198 1953
80048194 1953
80048190 1953
8004818c 1953
80048188 1953
800487e2 1953
80048184 1953
800487e6 1953
80048702 1953
80048202 1953
800481f0 1953
800481ea 1953
800481e0 1953
800481d8 1953
800481d4 1953
8004870a 1953
80048242 1953
800481d0 1953
8004878a 1953
80048438 1953
8004824a 1953
800486e4 1953
800486dc 1953
800481cc 1953
800481bc 1953
8004825c 1953
800481b0 1953
800481ac 1953
80048260 1953
80048348 1953
8004838c 1953
80048420 1953
80048392 1953
8004839e 1953
8004841c 1953
80048400 1953
800483a2 1953
8004840c 1953
800483a6 1953
80048a9e 1953
800483b2 1953
800481a4 1953
8004842c 1953
800483b6 1953
80048404 1953
800483c4 1953
800483c8 1953
800483d0 1953
80048408 1953
800483d4 1953
80048200 1953
800483d8 1953
800483e6 1953
80048772 1953
800487da 1953
80048786 1953
8004843c 1953
80048776 1953
800481a0 1953
80048434 1953
8004834e 1953
800483fc 1953
80048352 1953
80048aee 1953
800481c8 1953
80048206 1953
8004835a 1953
800481b8 1953
8004835e 1953
8004877a 1953
80048aa2 1953
800483f0 1953
8004836a 1953
80048430 1953
80048782 1953
8004836e 1953
8004837c 1953
8002901a 2048
80022d22 2048
80016514 2048
800290d2 2048
80022cc0 2048
8001961c 2048
800166b0 2048
800166b4 2048
80029084 2048
80029082 2048
80016722 2048
800164aa 2048
80028fb2 2048
8001a7e0 2048
80028f38 2048
800198e4 2048
80022d26 2048
80028f3c 2048
80028f40 2048
8001a70e 2048
8001b740 2048
80028f44 2048
80028f48 2048
80028f4a 2048
80028fae 2048
80019608 2048
80022cd0 2048
80022cce 2048
800197aa 2048
80022c68 2048
80022d1e 2048
8002901c 2048
800197ae 2048
800197b6 2048
80028fb0 2048
800197c0 2048
800165e0 2048
800165d4 2048
8001982a 2048
80029068 2048
80028fa2 2048
80016726 2048
8001663a 2048
8001642c 2048
800165d8 2048
80016444 2048
80022cbc 2048
800165dc 2048
80016490 2048
80022cb8 2048
800165d0 2048
800165e4 2048
80016494 2048
80016498 2048
80022cb4 2048
8001649c 2048
800164a0 2048
800164a4 2048
80028f9e 2048
800164ac 2048
80028f9a 2048
800165e8 2048
800164a8 2048
8002900c 2048
800166b8 2048
8002907c 2048
80016428 2048
800166bc 2048
80029018 2048
8001657c 2048
80029014 2048
8001671e 2048
80029010 2048
80029078 2048
80022ccc 2048
80029074 2048
80029080 2048
80029008 2048
80029004 2048
80028f96 2048
80029000 2048
80028faa 2048
80022cc8 2048
80029070 2048
8001a7f2 2048
80028fa6 2048
80022cc4 2048
8002906c 2048
800165cc 2048
8001fbca 2048
8001fc30 2048
8001fc2c 2048
8002a25e 2048
8001fbde 2048
8001fbdc 2048
8001fbda 2048
8001fbd6 2048
8001fbd2 2048
8001a6b8 2048
8001fbce 2048
8001fc34 2048
8001a6b4 2048
8001a6ac 2048
8001a6a8 2048
8001fbc6 2048
8001a6a4 2048
8001fbc2 2048
8001a69e 2048
80018580 2048
8002a2ae 2048
8002a2b2 2048
8001e928 2048
8001ea02 2048
8001e9ec 2048
8002a1de 2048
8002a1e2 2048
8001e98a 2048
8002a1e6 2048
8001e97e 2048
8001e930 2048
8001e92c 2048
8001a716 2048
8002a2b6 2048
8001e920 2048
8001e91a 2048
8001a70a 2048
8001fc48 2048
8001fc46 2048
8001a706 2048
8001fc44 2048
8001fc40 2048
8001fc3c 2048
8001fc38 2048
8001f9b4 2048
8001fa28 2048
8001fa24 2048
8001fa20 2048
8001fa1c 2048
8001fb06 2048
8001fb02 2048
8001fafe 2048
8001fafa 2048
8001faf6 2048
8001faf2 2048
8001fb08 2048
8001f9b8 2048
8001f9ba 2048
8001f9be 2048
8001faee 2048
8001f9c2 2048
8001f9c6 2048
8001f9ca 2048
8001f9ce 2048
8001f9d0 2048
80019684 2048
8001fb60 2048
8002a2be 2048
8002a2c2 2048
8002a2c6 2048
8002a2ca 2048
8001fb74 2048
8001fb72 2048
8001fb70 2048
8001fb6c 2048
8001fb68 2048
8001fb64 2048
8001a71e 2048
8001fb5c 2048
8001fb58 2048
800185d8 2048
80019894 2048
8001fb0a 2048
80018724 2048
80019610 2048
80018710 2048
8001fa2c 2048
80022be6 2048
80022bfa 2048
80022bf6 2048
8001fa96 2048
8001fa9a 2048
80022bf2 2048
80022bee 2048
8001fa9e 2048
8001faa0 2048
80022bea 2048
8001faa2 2048
80022bfc 2048
800187ec 2048
80022be2 2048
80016646 2048
80016432 2048
8001642e 2048
80022b96 2048
8001b9c0 2048
80022b94 2048
8001b9c4 2048
80022b90 2048
8001fa86 2048
80028f32 2048
80022c66 2048
80028f2e 2048
80022c64 2048
80022c60 2048
80022c5c 2048
80022c58 2048
80022c54 2048
80022c50 2048
80022c4c 2048
80022b8c 2048
80016442 2048
8001fa8a 2048
8001643e 2048
8001643a 2048
80016436 2048
8001fa8e 2048
8001a7d8 2048
8001fa92 2048
80022bfe 2048
8001a778 2048
80018856 2048
8001eb96 2048
8001eb8e 2048
8001eb3e 2048
8001a784 2048
8001eb38 2048
8001a780 2048
8001eb34 2048
8001eb30 2048
8001a77c 2048
8001a788 2048
8001a770 2048
8001ead4 2048
8001eabe 2048
8001eaba 2048
8001ea6a 2048
8001ea64 2048
8001a722 2048
8001ea58 2048
8001ea54 2048
8001a720 2048
8001fa30 2048
80022b88 2048
80022b84 2048
80022b80 2048
80022b7e 2048
80022b7a 2048
80016636 2048
8001b9c8 2048
8001fa38 2048
8001fa36 2048
8001fa34 2048
80028f34 2048
8001ba22 2048
8001ec14 2048
8001ec0c 2048
8001ba26 2048
8001ba2a 2048
8001a78a 2048
8001ba38 2048
8001eba8 2048
8001eba2 2048
8001856a 2048
800196e0 2048
80018572 2048
800196e4 2048
80018576 2048
8001b7bc 2048
8001545a 2048
8001b81a 2048
800175b2 2048
8001b826 2048
800176d8 2048
8001766a 2048
8001b9cc 2048
800187f4 2048
800196dc 2048
8001557e 2048
800187f8 2048
80015582 2048
8001752e 2048
800153da 2048
800153de 2048
80017536 2048
800153e2 2048
8001558e 2048
800153e6 2048
80018846 2048
8001753e 2048
800196e8 2048
80015386 2048
80015382 2048
800176e8 2048
8001537e 2048
80017752 2048
8001537a 2048
80018862 2048
8001863a 2048
800196f0 2048
80019818 2048
80019814 2048
8001857e 2048
800153ea 2048
8001857a 2048
80015372 2048
8001536e 2048
80018852 2048
800185e6 2048
800176e0 2048
800174ca 2048
80015376 2048
800187e0 2048
800187e4 2048
80019740 2048
800196d4 2048
80017542 2048
8002b0de 2048
8002b0e2 2048
8002b0e6 2048
8002b0ea 2048
8002b0ec 2048
8002b0ee 2048
8001a7f4 2048
800153d6 2048
8002b13c 2048
8002b140 2048
8002b144 2048
8002b148 2048
8002b0da 2048
8002b14c 2048
8001a7f0 2048
8002b150 2048
8002b154 2048
8002b156 2048
8002b158 2048
800153ee 2048
80017546 2048
800153f2 2048
8001754a 2048
8002b1a4 2048
8002b1a8 2048
8001538a 2048
8001a6b0 2048
8001a774 2048
8001a852 2048
8001a8c6 2048
8001a932 2048
8001a980 2048
8001966a 2048
8001966e 2048
80019744 2048
800187e8 2048
800187f0 2048
80019686 2048
80017684 2048
8002b06a 2048
8002b06e 2048
8002b070 2048
8002b074 2048
8002b078 2048
8002b07c 2048
8002b080 2048
8002b084 2048
8002b086 2048
80029fcc 2048
8002b0d2 2048
8002b0d6 2048
80015450 2048
8002a1f4 2048
8002a244 2048
8002a248 2048
8002a24c 2048
8002a250 2048
8002a254 2048
8002a258 2048
8002a25c 2048
8002a260 2048
8001545c 2048
80015458 2048
80015454 2048
8002a18c 2048
8001544c 2048
80015448 2048
80015444 2048
80015440 2048
8001d87e 2048
8002a2c8 2048
80017608 2048
80017604 2048
80017600 2048
8001d8e0 2048
8001d8e4 2048
8001d8e8 2048
8002a048 2048
80029fd2 2048
80029fd6 2048
80029fda 2048
80029fde 2048
80019672 2048
80029fe2 2048
80029fe8 2048
8002a034 2048
8002a038 2048
8002a03c 2048
8002a040 2048
8002a044 2048
8001d8f0 2048
8002a04c 2048
8002a050 2048
8002a0b8 2048
800154c4 2048
8002a120 2048
8002a170 2048
8002a174 2048
8002a178 2048
8002a17c 2048
8002a180 2048
8002a184 2048
8002a188 2048
80018722 2048
800174cc 2048
8001b8fa 2048
80019602 2048
8001960c 2048
80019682 2048
800196d8 2048
800196ec 2048
80019750 2048
800197a6 2048
800197ba 2048
8001987a 2048
8001988e 2048
800174d4 2048
8001774e 2048
80017746 2048
8001a8c0 2048
80018652 2048
80017682 2048
8001767a 2048
80017676 2048
80017672 2048
8001a8ac 2048
8001761a 2048
8001b966 2048
80020ba8 2048
80017598 2048
8001d8f8 2048
8001d8fc 2048
8001d964 2048
8001d9cc 2048
800175b4 2048
8001da2c 2048
8001da30 2048
8001da34 2048
800175ac 2048
800175a4 2048
800175a0 2048
8001759c 2048
800177c4 2048
8001daa0 2048
80017548 2048
8001daf0 2048
8001daf8 2048
8001db00 2048
8001db04 2048
8001db08 2048
8001b8e0 2048
8001db74 2048
800174e0 2048
800174dc 2048
8001b8f0 2048
8001eb24 2048
80019820 2048
8001ea5c 2048
8001ea60 2048
8001ea68 2048
8001ea6c 2048
8001eac2 2048
8001eac6 2048
8001eaca 2048
8001eace 2048
8001ead2 2048
8001ead6 2048
80023c18 2048
80023c1c 2048
8001ea50 2048
8001eb28 2048
8001eb2c 2048
8001eb3c 2048
80023c1e 2048
8001eb40 2048
80023dd8 2048
80023dd6 2048
80023dd4 2048
80023dd0 2048
80023c22 2048
80023dcc 2048
80023dc8 2048
8001e9f4 2048
8001e98e 2048
8001e992 2048
8001e996 2048
8001e998 2048
8001e99a 2048
8002a2ba 2048
80023e42 2048
80023e40 2048
80023e3e 2048
80023e3a 2048
8001e9e8 2048
8001e9f0 2048
80023dc4 2048
80023e36 2048
8001e9f8 2048
8001e9fc 2048
80023e32 2048
8001ea00 2048
8001ea04 2048
80023e2e 2048
80023e2a 2048
80023e26 2048
80018860 2048
8001529c 2048
80019828 2048
80023cf2 2048
8001ebfc 2048
8001ec00 2048
8001ec04 2048
8001ec08 2048
8001ec10 2048
8001ec12 2048
80023d06 2048
80023d04 2048
80023d02 2048
80023cfe 2048
80023cfa 2048
80023cf6 2048
8001ebf8 2048
80023cee 2048
80023cea 2048
80023c80 2048
80023c84 2048
80029fd0 2048
80023c9c 2048
80023c9a 2048
80023c98 2048
80023c94 2048
80023c90 2048
80023c8c 2048
80023c88 2048
8001b9ce 2048
80023c26 2048
80023dc0 2048
80023dbc 2048
80023c2a 2048
8001eb92 2048
8001eb9a 2048
8001eb9e 2048
8001eba6 2048
8001ebaa 2048
80023c2e 2048
80023c32 2048
80023d6e 2048
8001e986 2048
80023d6c 2048
80023d6a 2048
80023c34 2048
80023d66 2048
8001b80e 2048
8001b7be 2048
80023d62 2048
80023d5e 2048
80023d5a 2048
80023d56 2048
80023d52 2048
80019748 2048
8002b290 2048
800154b2 2048
800154b6 2048
800153f0 2048
800154ba 2048
800154be 2048
8002b278 2048
800185d0 2048
8002b27c 2048
8002b280 2048
8002b284 2048
8002b288 2048
8002b28c 2048
80019618 2048
8002b292 2048
8002b294 2048
800174d0 2048
800185e4 2048
8002b2e2 2048
8002b2e6 2048
8002b2ea 2048
8002b2ee 2048
8002b2f2 2048
8002b2f6 2048
8002b2fa 2048
8002b2fc 2048
80017742 2048
800177c0 2048
8002b1ac 2048
800177bc 2048
800177b8 2048
8002b1b0 2048
8002b1b4 2048
8002b1b8 2048
8002b1bc 2048
8002b1be 2048
8002b1c0 2048
8001775a 2048
80017756 2048
8002b2fe 2048
800154aa 2048
80019614 2048
800154ae 2048
8002b20e 2048
8002b212 2048
8002b216 2048
8002b21a 2048
8002b21e 2048
8002b222 2048
8002b226 2048
8002b228 2048
8002b22a 2048
80023efe 2048
8002b368 2048
8001e916 2048
8001e91c 2048
8001e924 2048
8001e932 2048
80023f16 2048
80023f14 2048
80023f12 2048
80023f0e 2048
80023f0a 2048
80023f06 2048
80023f02 2048
8002b366 2048
80023efa 2048
80023eac 2048
80023eaa 2048
80023ea8 2048
80023ea4 2048
80023ea0 2048
80023e9c 2048
800152a0 2048
80023e98 2048
80023e94 2048
80023e90 2048
8001e982 2048
8002b354 2048
80015388 2048
800174d8 2048
80019900 2048
800198f8 2048
800198f4 2048
800175a8 2048
8002b34c 2048
800198ec 2048
8002b350 2048
8001766e 2048
80015320 2048
8001531c 2048
80015514 2048
80015318 2048
80015314 2048
8002b358 2048
80015310 2048
8001530c 2048
8002b35c 2048
8002b360 2048
80015308 2048
80015304 2048
8002b364 2048
800152b8 2048
80018650 2048
8001878a 2048
80021bda 2048
80021bdc 2048
800197c2 2048
800197be 2048
800197b2 2048
80016566 2048
8001656a 2048
800176ee 2048
80017686 2048
8001767e 2048
8001656e 2048
80016572 2048
8001878e 2048
80021bd8 2048
80018782 2048
8001877e 2048
8001877a 2048
80018776 2048
800165e6 2048
800186ba 2048
800186b6 2048
8001db5e 2048
800186b2 2048
8001db5a 2048
800166ba 2048
8001c7e4 2048
80019896 2048
80021b5a 2048
80021b5e 2048
80021b62 2048
80016512 2048
80021b66 2048
80016516 2048
80021b6a 2048
80021b6e 2048
80016562 2048
80021b70 2048
80021b72 2048
800198fe 2048
8001c7e8 2048
80019892 2048
8001988a 2048
80019886 2048
80019882 2048
8001987e 2048
80021bc0 2048
80021bc4 2048
8001a6ba 2048
80021bc8 2048
80021bcc 2048
80021bd0 2048
80021bd4 2048
80017758 2048
8001670a 2048
8001670e 2048
8001671a 2048
80016724 2048
80021c28 2048
800177b0 2048
800177a8 2048
80021c2c 2048
800187f6 2048
80021c30 2048
80021c34 2048
80020c7a 2048
800166ac 2048
8001878c 2048
80018720 2048
80021c38 2048
8001871c 2048
80018714 2048
8001870c 2048
80021c3c 2048
80018708 2048
800186b8 2048
800185e8 2048
80021c40 2048
800176f0 2048
80020d44 2048
8001c7ec 2048
800186ae 2048
8001c7f0 2048
8001c7f4 2048
80020d50 2048
800186aa 2048
80020d4c 2048
80020d48 2048
800186a2 2048
8001db0c 2048
8001dafc 2048
8001daf4 2048
80021b56 2048
8001869e 2048
8001da38 2048
80020d3c 2048
80016650 2048
8001864a 2048
80018646 2048
80018642 2048
8001d8f4 2048
8001d8ec 2048
8001d882 2048
8001d878 2048
800166a8 2048
80029214 2048
800291b6 2048
800291ba 2048
800291be 2048
800291c0 2048
800291c2 2048
8001fc96 2048
8001fc9a 2048
80022d88 2048
8001fc9e 2048
800198fc 2048
80029210 2048
80022d8c 2048
800291b2 2048
80029218 2048
8001fca2 2048
8002921c 2048
80029220 2048
800198e8 2048
80029224 2048
80029228 2048
80022d90 2048
8002922a 2048
8001fca6 2048
8002922c 2048
80022d94 2048
80022d3a 2048
800290da 2048
800290de 2048
800290e2 2048
800290e6 2048
800290ea 2048
800290ec 2048
800290ee 2048
80022d2a 2048
80022d2e 2048
80022d32 2048
80022d36 2048
80022d38 2048
8001fcaa 2048
8002913c 2048
80029140 2048
80029144 2048
80029148 2048
8002914c 2048
80029150 2048
80029154 2048
80029156 2048
80029158 2048
800291a6 2048
800291aa 2048
800291ae 2048
800198f0 2048
80022dfe 2048
80022e02 2048
80022e06 2048
80022e0a 2048
80022e0c 2048
80022e0e 2048
8001884e 2048
8001884a 2048
800164fe 2048
80016502 2048
80016506 2048
8001982c 2048
8001885a 2048
8001973c 2048
8001650a 2048
80022e5c 2048
80022e60 2048
80022e64 2048
80022e68 2048
80022e6c 2048
80022e70 2048
80022e74 2048
80022e76 2048
80022e78 2048
8001650e 2048
80019810 2048
8001fcae 2048
8001fcb0 2048
80022d98 2048
80022d9c 2048
8001fcb2 2048
80019756 2048
80022da0 2048
80022da2 2048
80022da4 2048
80021aee 2048
80021af2 2048
80021af4 2048
800176ec 2048
80021af8 2048
80019824 2048
80021afc 2048
800164fa 2048
80021b00 2048
8001981c 2048
80022df2 2048
80021b04 2048
80022df6 2048
80021b08 2048
80022dfa 2048
80021b0a 2048
80024e76 2048
80024ed8 2048
8001856e 2048
80024ed4 2048
80024ed0 2048
80024ecc 2048
80024ec8 2048
80024ec4 2048
80018636 2048
8001863e 2048
8001c9ec 2048
8001c9e8 2048
80018718 2048
800187dc 2048
80024edc 2048
80024e74 2048
8001a846 2048
80024e72 2048
80024e6e 2048
8001a85e 2048
80024e6a 2048
80024e66 2048
80024e62 2048
80024e5e 2048
80024e5a 2048
80024e0c 2048
80024e0a 2048
80024f42 2048
80024fb0 2048
80024fac 2048
80024fa8 2048
8001ca00 2048
80024fa4 2048
80024fa0 2048
80024f9c 2048
80024f98 2048
800166a0 2048
80024f4a 2048
80024f48 2048
80024f46 2048
80024e08 2048
80024f3e 2048
80024f3a 2048
80024f36 2048
8001c9fc 2048
80024f32 2048
80024f2e 2048
8001a7e4 2048
8001c9f8 2048
8001a7ec 2048
80024ee0 2048
80024ede 2048
8001c9f4 2048
80024cbc 2048
80024d32 2048
80024d2e 2048
80024d2a 2048
80024d26 2048
80024d22 2048
80024d1e 2048
80024cd2 2048
80024cd0 2048
80024ccc 2048
80024cc8 2048
80024cc4 2048
80024cc0 2048
80024d36 2048
80024cba 2048
80024cb6 2048
80015598 2048
8001c7e0 2048
800196ee 2048
80015530 2048
8001552c 2048
80015528 2048
80015524 2048
80015520 2048
8001551c 2048
80015518 2048
8001a8bc 2048
80024e04 2048
80024e00 2048
80024dfc 2048
80024df8 2048
80024df4 2048
80024df0 2048
8001a8b0 2048
80024da4 2048
80024da2 2048
8001a8b4 2048
80024da0 2048
80024d9c 2048
8001a71a 2048
80024d98 2048
80024d94 2048
80024d90 2048
80024d8c 2048
8001a8c4 2048
80024d88 2048
8001c928 2048
8001c924 2048
8001c91c 2048
8001c85c 2048
80024d3a 2048
80024d38 2048
8001ca6a 2048
800185cc 2048
800177ac 2048
800177b4 2048
80017618 2048
80017614 2048
80018564 2048
8001c998 2048
8001c9f0 2048
8001ca5a 2048
8001ca5e 2048
8001ca62 2048
8001ca66 2048
800185d4 2048
8001ca6e 2048
80021c92 2048
80021c96 2048
80021c9a 2048
8001cad0 2048
80021c9e 2048
8001cad4 2048
80021ca2 2048
8001cad8 2048
80021ca6 2048
80021caa 2048
80021cac 2048
8001c92c 2048
8001c8ac 2048
8001c8b0 2048
8001c8b4 2048
8001c8b8 2048
8001c8bc 2048
8001c8c0 2048
8001c8c4 2048
8001c8c8 2048
80021c42 2048
8001c914 2048
8001c918 2048
8001c920 2048
80021cae 2048
8001c930 2048
800174c6 2048
80021c44 2048
800174e2 2048
80017532 2048
8001753a 2048
800185e0 2048
8001761c 2048
800185dc 2048
800176d4 2048
800176dc 2048
800176e4 2048
80019676 2048
80021d7e 2048
80021d80 2048
80021d82 2048
80021dd0 2048
80021dd4 2048
80021dd8 2048
80021ddc 2048
8001967e 2048
8001967a 2048
80021de0 2048
80021de4 2048
80021de8 2048
8001974c 2048
80021dea 2048
80021dec 2048
8001774a 2048
80020d34 2048
8001ca56 2048
8001ca52 2048
8001a6a2 2048
8001961e 2048
80019606 2048
8001ca04 2048
80024fb4 2048
80024fb2 2048
8001657a 2048
80016716 2048
80016712 2048
80021cfc 2048
80021d00 2048
80021d04 2048
80021d08 2048
80021d0c 2048
80021d10 2048
80021d14 2048
80021d16 2048
80021d18 2048
8001657e 2048
800290d6 2048
80016576 2048
80017610 2048
8001760c 2048
80021d66 2048
80021d6a 2048
80021d6e 2048
80021d72 2048
80021d76 2048
80021d7a 2048
800175b0 2048
80019758 2048
80019754 2048
8001c85a 2048
8001ba3a 2048
8001b742 2048
8002a0ba 2048
80020cda 2048
80020cde 2048
80020ce2 2048
8001c85e 2048
80020ce4 2048
8001ba2e 2048
80020ce6 2048
8001db0a 2048
8001180c 2048
8001180a 2048
8001b9b8 2048
8001d95e 2048
80011808 2048
80011804 2048
8001c856 2048
8001d894 2048
8001d892 2048
80011800 2048
8002804c 2048
8001da20 2048
8001b956 2048
8001da1c 2048
80028040 2048
80028044 2048
80026036 2048
8002603a 2048
80028048 2048
8001a712 2048
8002603e 2048
8001a994 2048
80026042 2048
8002804e 2048
80026046 2048
8002604a 2048
8002604e 2048
80026050 2048
80026052 2048
80028050 2048
80020cd6 2048
8002a0b6 2048
80020c0a 2048
80020b3e 2048
8001d886 2048
8001d9c6 2048
80020b3c 2048
80020c10 2048
80020b38 2048
8001b9b4 2048
80020b34 2048
80020b30 2048
80020c0e 2048
8001d9ca 2048
8001d9c2 2048
80020b2c 2048
800117fa 2048
800117f8 2048
8001d966 2048
8001d87c 2048
8001c7f6 2048
800117f6 2048
8001b94a 2048
8001a78c 2048
8001664a 2048
800117fe 2048
800117fc 2048
8001d88e 2048
80020a6c 2048
80020a6e 2048
8001d962 2048
8001c852 2048
800154c6 2048
8001c84e 2048
8001b952 2048
8002803c 2048
8001b752 2048
8001c84a 2048
8001664e 2048
8001b812 2048
8001d9ce 2048
8001c846 2048
8001c842 2048
80020b40 2048
8001d88a 2048
80020c12 2048
80025f0c 2048
8001c98e 2048
8001c8c6 2048
8001b8fc 2048
8002a11e 2048
80025f04 2048
8002a11a 2048
80025f08 2048
80027fca 2048
80027fce 2048
80027fd2 2048
80025f00 2048
80025f10 2048
80025f12 2048
80027fd6 2048
80027fda 2048
80025f14 2048
8002a116 2048
80027fde 2048
80027fe2 2048
8001d952 2048
8001da36 2048
80027f76 2048
800270ee 2048
8001c97e 2048
80027f62 2048
80027f66 2048
8001c982 2048
800270f0 2048
8001d94e 2048
80027f6a 2048
80027f6e 2048
80027f72 2048
80027fe4 2048
80027f7a 2048
80027f7c 2048
8001b8f4 2048
8001c986 2048
80027f7e 2048
80025ef8 2048
8001c98a 2048
8001b8f8 2048
80025efc 2048
8001b962 2048
80025fe4 2048
8002a09e 2048
8002a0a2 2048
8002a0a6 2048
80025fd0 2048
80025fd4 2048
80025fd8 2048
8002a0aa 2048
80025fdc 2048
8002a0ae 2048
80025fe0 2048
8001773e 2048
80025fe6 2048
8002a18a 2048
80025fe8 2048
8002a0b2 2048
800166a4 2048
80028034 2048
8001ca02 2048
8001da28 2048
80028038 2048
8001da24 2048
8001c992 2048
80027fe6 2048
8001d956 2048
8002a04e 2048
80020cce 2048
80025f62 2048
80025f66 2048
80025f6a 2048
80025f6e 2048
80025f72 2048
80025f76 2048
8002809e 2048
80025f7a 2048
8001b7a8 2048
80025f7c 2048
8001d95a 2048
80025f7e 2048
80020cd2 2048
8001c996 2048
80020ba4 2048
8001c99a 2048
8002810c 2048
80028110 2048
80011788 2048
8001b886 2048
80020b9c 2048
8001170e 2048
80011712 2048
8001b88a 2048
80020b98 2048
80011716 2048
8001b7ac 2048
8001178a 2048
8002a122 2048
80011784 2048
80011778 2048
80011776 2048
8001a7e8 2048
80011718 2048
80011774 2048
80011770 2048
8001171a 2048
8001176c 2048
80020ba0 2048
800116fa 2048
800116fc 2048
8001ba1e 2048
80028114 2048
80011700 2048
80020ba6 2048
8001179e 2048
8001b81e 2048
80011702 2048
8001179c 2048
80020b94 2048
8001179a 2048
80011796 2048
80011792 2048
80011790 2048
8001b876 2048
8001178e 2048
8001a7dc 2048
8001b87a 2048
8001b890 2048
8001178c 2048
80020ad4 2048
8001174a 2048
80011746 2048
80020abe 2048
80011744 2048
8001cac0 2048
80020ad6 2048
8001cac4 2048
8001cacc 2048
80020ac2 2048
80011742 2048
8001172c 2048
8001b816 2048
80011740 2048
80020ad2 2048
8001173e 2048
8001cad6 2048
80020ac6 2048
80020aca 2048
80020ace 2048
8001173c 2048
80011738 2048
80020b90 2048
8001176a 2048
8001171e 2048
80011768 2048
80028108 2048
80011720 2048
80011724 2048
80011728 2048
80011766 2048
80011764 2048
80011762 2048
80028118 2048
8001175e 2048
80011752 2048
80011750 2048
80029fe6 2048
80020b8c 2048
8001174e 2048
8001cabc 2048
8001172a 2048
80020aba 2048
8001b95e 2048
8001c7da 2048
80020c02 2048
800117de 2048
80020bfe 2048
8001db62 2048
800117dc 2048
800117da 2048
80020bfa 2048
8001ca6c 2048
8001b95a 2048
8001d9b6 2048
8001db66 2048
800117d8 2048
8001b828 2048
8001db6a 2048
800117d6 2048
800117d4 2048
8001552e 2048
8001db6e 2048
800117d0 2048
8001b964 2048
800152b2 2048
8001b94e 2048
8001d9be 2048
80020b28 2048
80020b24 2048
8001d9ba 2048
8001c7de 2048
800280a2 2048
800117f2 2048
8001663e 2048
80020d4e 2048
800152ae 2048
80016652 2048
80020c06 2048
800117ea 2048
800117e8 2048
8001b82a 2048
8001a8b8 2048
800117e6 2048
800117e2 2048
800280a6 2048
800280aa 2048
8002811c 2048
800117bc 2048
800116ec 2048
800280b8 2048
800280ba 2048
800152aa 2048
800116ee 2048
800152a6 2048
800117b8 2048
800116f0 2048
8002a106 2048
80028120 2048
800117b6 2048
800116f4 2048
800117b4 2048
80015586 2048
800117b2 2048
800117b0 2048
800116f6 2048
800152a2 2048
800117ae 2048
800117aa 2048
8001db76 2048
8002a112 2048
8001b758 2048
80020bf6 2048
8001db72 2048
8001d9b2 2048
8002a10e 2048
800117c4 2048
80028124 2048
800116e4 2048
8002a10a 2048
80025fcc 2048
8001b822 2048
800280ae 2048
80028122 2048
800117c2 2048
800116e8 2048
80020d38 2048
800280b2 2048
800117c0 2048
800280b6 2048
80025dd0 2048
80027e96 2048
80026df2 2048
80020c68 2048
80027014 2048
80027018 2048
80026ec4 2048
80025dd8 2048
8002701a 2048
8002701c 2048
80025dd6 2048
80025dd4 2048
8002706a 2048
8001b7b4 2048
8001cac8 2048
80027010 2048
80026ec8 2048
80025dcc 2048
80025dc8 2048
80027e9a 2048
80025dc4 2048
80020cca 2048
8002706e 2048
8001b8e4 2048
80027072 2048
80027076 2048
800270ec 2048
8002707a 2048
80025dc0 2048
8001daa2 2048
80027eac 2048
8001a856 2048
80027e94 2048
8001a984 2048
8001b8e8 2048
8001559a 2048
80027000 2048
8001a85a 2048
80020c64 2048
80020c7c 2048
80027efc 2048
80027004 2048
80027ef8 2048
80025d54 2048
8001885e 2048
8002817e 2048
8001b892 2048
80020a68 2048
80026e0e 2048
80026e74 2048
80027008 2048
8001a922 2048
800186a6 2048
8001d8fa 2048
8001ba32 2048
80026e76 2048
80027eaa 2048
8002700c 2048
8001ba36 2048
80025d58 2048
8001531e 2048
80020c6c 2048
80026dfc 2048
8001da86 2048
8001da8a 2048
80020c70 2048
8002a1f2 2048
80026ed4 2048
8001b882 2048
80020c74 2048
80025d70 2048
80026ed0 2048
8001da8e 2048
8001b73c 2048
80025d6e 2048
8002a1f6 2048
800152b6 2048
80026e00 2048
8001a930 2048
8001b87e 2048
80025d6a 2048
8001a98c 2048
80027ea2 2048
8001da92 2048
8001da96 2048
8001a92e 2048
8001b7b8 2048
80026e04 2048
80016642 2048
80025d66 2048
80025d5e 2048
8002707e 2048
8001da9e 2048
80027082 2048
80027084 2048
80025d5a 2048
80026ecc 2048
80027086 2048
8002a1ee 2048
80025dbc 2048
8001a8c8 2048
8001da9a 2048
8001b7b0 2048
80026e0c 2048
8001a926 2048
8001c92e 2048
80020c78 2048
8002a1da 2048
80026df6 2048
8001b7a4 2048
80026edc 2048
80027ea6 2048
8001b88e 2048
8001a92a 2048
80026ed8 2048
80026df8 2048
80026e08 2048
8002817a 2048
80025d62 2048
80027e9e 2048
80018568 2048
80026f40 2048
80025e9a 2048
8002818c 2048
8001558a 2048
80026e6a 2048
80025e96 2048
8001b74a 2048
80025e92 2048
80026e5e 2048
80025e8e 2048
8001b9bc 2048
80026f44 2048
80018786 2048
80026f46 2048
80027f12 2048
80015592 2048
8001b7c0 2048
80028176 2048
800270d8 2048
800270d4 2048
80027f10 2048
80026f48 2048
80026f96 2048
80027f08 2048
80020c60 2048
80020a5c 2048
80018772 2048
80026f9a 2048
80025e42 2048
80025ea8 2048
80026ee0 2048
80026ede 2048
80026e62 2048
800177c2 2048
80020a52 2048
800270e8 2048
800154c2 2048
80028182 2048
8002818e 2048
80020a56 2048
80020a58 2048
800270e4 2048
80025eaa 2048
80026f2c 2048
80027f0c 2048
80026f30 2048
80027f14 2048
80025ea6 2048
800270e0 2048
8001b746 2048
80026e66 2048
80026f34 2048
800270dc 2048
80026f38 2048
80026f3c 2048
8001b9d0 2048
80025ea2 2048
80025e9e 2048
8001864e 2048
8002a1ea 2048
8001a916 2048
80026fa6 2048
80025e2e 2048
80026faa 2048
80025e26 2048
8001a99c 2048
80020d40 2048
80026f9e 2048
8001d94a 2048
8001a99a 2048
80026fae 2048
80025e2a 2048
8001a998 2048
80028172 2048
8001a85c 2048
8001a91a 2048
80026e72 2048
8001b8ec 2048
8001a990 2048
80028186 2048
80027f04 2048
8001a84a 2048
8002818a 2048
8001a84e 2048
80025e36 2048
80026fb2 2048
80025e40 2048
80025e3e 2048
8001b74e 2048
80026e5a 2048
80025e3a 2048
80027f00 2048
80027e90 2048
80026fb0 2048
80026e6e 2048
8001a91e 2048
8001a842 2048
80015596 2048
8001b756 2048
80026fa2 2048
80025e32 2048
8001a988 2048
80020a60 2048
80020a64 2048
80013aaa 2112
80013a62 2112
80013ab2 2112
80013a6a 2112
80013aae 2112
80013a5e 2112
80013a6e 2112
80013a66 2112
800439c4 2772
8004396e 2772
800439e0 2772
80043a32 2772
80043ca4 2772
80043a6a 2772
8004381e 2772
80043a76 2772
80043bec 2772
80043876 2772
80043a26 2772
80043a7a 2772
800439cc 2772
80043a44 2772
800439fa 2772
80043ab0 2772
80043a7e 2772
80043972 2772
80043a72 2772
80043ab8 2772
8004398a 2772
80043a5c 2772
80043976 2772
80043c5c 2772
800439ba 2772
8004387a 2772
800439c8 2772
800438ac 2772
8004390a 2772
8004392e 2772
80043b1c 2772
80043c04 2772
80043c00 2772
800438c2 2772
80043b08 2772
800438be 2772
80043936 2772
800438bc 2772
8004393c 2772
800438ca 2772
800438a6 2772
80043ba8 2772
80043aac 2772
800438a2 2772
80043940 2772
8004385a 2772
8004389e 2772
80043c70 2772
80043a40 2772
80043898 2772
80043894 2772
80043900 2772
80043b74 2772
800438f2 2772
80043c8c 2772
800438f4 2772
800438e2 2772
800439d0 2772
800439da 2772
800438f8 2772
800438fc 2772
80043c68 2772
80043c40 2772
80043c44 2772
80043912 2772
80043cac 2772
800438d4 2772
80043918 2772
800438ce 2772
80043924 2772
80043b60 2772
80043928 2772
80043b4c 2772
80043998 2772
80043b38 2772
80043ad4 2772
80043b90 2772
80043b88 2772
80043c2c 2772
80043b70 2772
800439e4 2772
80043afc 2772
80043b48 2772
80043af8 2772
80043b40 2772
80043be0 2772
80043af4 2772
80043b78 2772
80043acc 2772
80043aec 2772
80043880 2772
80043bd8 2772
80043ac4 2772
800439b6 2772
80043842 2772
80043a00 2772
80043bcc 2772
80043ac0 2772
80043bc0 2772
8004399c 2772
8004394e 2772
8004395c 2772
8004388a 2772
80043960 2772
8004397c 2772
80043980 2772
80043c48 2772
80043984 2772
80043bf8 2772
80043bb4 2772
80043bac 2772
80043abc 2772
80043988 2772
80043b9c 2772
80043992 2772
80043b84 2772
80043a38 2772
80043b80 2772
800439a4 2772
80043c38 2772
800439b4 2772
80043ba4 2772
800439b0 2772
80043be8 2772
800437da 2772
80043be4 2772
80043a68 2772
80043bdc 2772
800437d4 2772
80043a6e 2772
80043bd4 2772
80043944 2772
80043bd0 2772
800437ca 2772
80043952 2772
8004384e 2772
80043a64 2772
80043916 2772
800438e0 2772
80043c20 2772
800437ee 2772
80043bc4 2772
80043bbc 2772
80043bb8 2772
80043bb0 2772
80043b98 2772
80043b8c 2772
80043a84 2772
80043a88 2772
80043a8c 2772
80043c14 2772
80043c34 2772
800437f6 2772
80043c30 2772
800437fe 2772
800437f2 2772
80043a56 2772
80043904 2772
80043c28 2772
800437d2 2772
80043c24 2772
80043c1c 2772
800437ea 2772
80043c18 2772
80043a90 2772
800437e6 2772
80043c10 2772
80043c0c 2772
80043c08 2772
800437ce 2772
800437e2 2772
80043964 2772
80043bfc 2772
800437de 2772
80043bf4 2772
80043a60 2772
80043bf0 2772
80043ae4 2772
80043b2c 2772
800438b0 2772
800438a8 2772
800437fa 2772
80043882 2772
80043b28 2772
800439ac 2772
8004387e 2772
80043b24 2772
80043872 2772
80043866 2772
80043806 2772
80043b20 2772
80043ad0 2772
80043b18 2772
80043836 2772
80043b14 2772
80043b10 2772
80043ae8 2772
80043b0c 2772
800439a8 2772
80043b04 2772
8004382a 2772
80043812 2772
80043b00 2772
8004397a 2772
80043ba0 2772
800438dc 2772
80043a0a 2772
80043b6c 2772
80043a94 2772
80043b68 2772
800438d8 2772
80043b64 2772
80043b5c 2772
80043948 2772
80043b58 2772
80043b54 2772
80043a98 2772
80043b50 2772
80043a52 2772
800438d0 2772
80043b44 2772
80043aa0 2772
80043b3c 2772
80043aa4 2772
80043aa8 2772
80043b34 2772
800437d8 2772
800438b8 2772
8004392a 2772
800438b4 2772
80043b30 2772
8004381a 2772
80043968 2772
80043ad8 2772
80043c78 2772
80043832 2772
80043bc8 2772
80043b7c 2772
80043826 2772
80043af0 2772
80043adc 2772
80043ac8 2772
80043a9c 2772
80043822 2772
8004383a 2772
800439a0 2772
80043816 2772
80043a12 2772
8004380e 2772
80043b94 2772
80043c80 2772
80043996 2772
80043a16 2772
80043a18 2772
8004398e 2772
8004380a 2772
80043a1c 2772
80043c98 2772
8004390e 2772
80043906 2772
80043c9e 2772
800439e8 2772
8004396c 2772
800439f6 2772
80043862 2772
800439f2 2772
8004385e 2772
800439ee 2772
800439de 2772
800439ec 2772
80043c3c 2772
800439fc 2772
800439d6 2772
80043852 2772
800439d2 2772
8004395a 2772
800439c2 2772
80043a08 2772
800439be 2772
8004384a 2772
80043846 2772
8004383e 2772
80043ae0 2772
80043956 2772
80043a80 2772
80043c94 2772
80043c90 2772
80043c88 2772
80043a46 2772
80043938 2772
80043856 2772
80043c84 2772
80043c74 2772
80043c7c 2772
80043c6c 2772
80043a3c 2772
80043c64 2772
80043a4a 2772
8004386a 2772
80043c60 2772
80043920 2772
8004391c 2772
8004382e 2772
80043932 2772
800438ee 2772
80043c58 2772
800438c6 2772
8004388c 2772
80043c54 2772
80043c50 2772
80043c4c 2772
8004386e 2772
800438e6 2772
80043a20 2772
800438ea 2772
80043a24 2772
80043a2a 2772
80043a2e 2772
80043a0e 2772
80043a34 2772
80043a4e 2772
80043a04 2772
8004389a 2772
80043886 2772
80043c9c 2772
80043ca2 2772
8004394a 2772
80043ca8 2772
80043802 2772
80043ab4 2772
80043a58 2772
80043890 2772
80013ab8 2816
80013ab4 2816
80013a4c 2816
80013a5c 2816
80013a58 2816
80013a54 2816
80013a50 2816
80013abc 2816
80013a3a 3520
80013abe 3520
80013a4a 3520
80013ac6 3520
80013a46 3520
80013a3e 3520
80013a42 3520
80013ac2 3520
8001cfd4 4096
8001275c 4096
800272c0 4096
80028252 4096
80020ea8 4096
800272bc 4096
80020eac 4096
8002b9b2 4096
80016c8e 4096
800286b8 4096
800272b8 4096
80020ebc 4096
8002b9b6 4096
80012758 4096
80021320 4096
800272c4 4096
8002b9ae 4096
80023442 4096
8002b9aa 4096
8002b95a 4096
80020ea4 4096
800286bc 4096
80028256 4096
8001893a 4096
80012754 4096
800286c0 4096
800168aa 4096
800167f6 4096
8002a4a0 4096
80028242 4096
8002242e 4096
8002b4a0 4096
800286a4 4096
80026782 4096
8002b49e 4096
800168b2 4096
80026784 4096
800286a8 4096
800286ac 4096
80028246 4096
8001af92 4096
800286b4 4096
80012760 4096
8001cfd0 4096
8002824a 4096
80016888 4096
80027604 4096
8002b9be 4096
8002131c 4096
8001687e 4096
8002824e 4096
80016872 4096
800127d0 4096
80012750 4096
800286b0 4096
800286dc 4096
800128bc 4096
80012740 4096
8002132c 4096
8001273c 4096
80018922 4096
8001273a 4096
80017e12 4096
800286d8 4096
8002344a 4096
800128c0 4096
80021330 4096
8002b430 4096
80028266 4096
80012744 4096
8002344e 4096
80015736 4096
8001891e 4096
800286e0 4096
800156fc 4096
800286e4 4096
8002760a 4096
800167ee 4096
800286e8 4096
800286ec 4096
8002b42c 4096
80015742 4096
80017e0e 4096
800286cc 4096
80022432 4096
80021324 4096
8002a400 4096
8002825e 4096
8002b440 4096
8002b43e 4096
80018936 4096
8002b43c 4096
8001cfbc 4096
800286c4 4096
80027606 4096
800286c8 4096
8001572e 4096
8002825a 4096
8001274c 4096
80022436 4096
80023446 4096
80028262 4096
80015732 4096
800127d4 4096
800286d0 4096
8002b438 4096
80012748 4096
80028264 4096
8002b434 4096
80021328 4096
800286d4 4096
80017e22 4096
80028210 4096
8002b4e4 4096
8001277c 4096
80028212 4096
8002b4e0 4096
80012778 4096
8002868a 4096
800189c2 4096
8002868e 4096
8002b4dc 4096
80028690 4096
80028216 4096
8002b4d8 4096
800189ca 4096
800189ba 4096
80027602 4096
800189b6 4096
800189ae 4096
8002b4d4 4096
80020ed0 4096
800189aa 4096
800189a2 4096
8001899e 4096
8002b4d0 4096
8002a31c 4096
8002a320 4096
80012774 4096
8002b4f4 4096
80012790 4096
8002b508 4096
800275d4 4096
80016d1a 4096
8002b504 4096
8002723c 4096
8002b500 4096
800189d6 4096
8001278c 4096
80012788 4096
8002b4fc 4096
800189d2 4096
8002b4f8 4096
8002a324 4096
8002b4f0 4096
80015670 4096
80012784 4096
8001aece 4096
8002b4ec 4096
800189ce 4096
80028686 4096
80012780 4096
8001aed2 4096
8001cfc0 4096
8002820e 4096
800127c8 4096
8002b4e8 4096
8002b4ac 4096
80017e1a 4096
8002b4b0 4096
80022426 4096
80028698 4096
80012768 4096
80028232 4096
80023440 4096
80028236 4096
8002869c 4096
800286a0 4096
800286a2 4096
80012766 4096
80012764 4096
80027238 4096
8002823a 4096
8002242a 4096
800127cc 4096
8001cfcc 4096
8002b4a8 4096
80017e16 4096
8002677e 4096
800168ce 4096
80021318 4096
8002823e 4096
8002b4a4 4096
80021334 4096
800272b4 4096
8002821e 4096
80012770 4096
8002a328 4096
8002b4cc 4096
8002a32c 4096
8002a330 4096
8002a334 4096
8002a338 4096
8002a34c 4096
8002a3a0 4096
80021316 4096
8002821a 4096
80020ed4 4096
8002b4ca 4096
8002a42c 4096
8002b4c8 4096
80028222 4096
8001276c 4096
8001aec2 4096
8002b4c4 4096
80028694 4096
8002b4c0 4096
8002b4bc 4096
8002b4b8 4096
80028226 4096
8002b4b4 4096
8002822a 4096
8002822e 4096
8001d112 4096
8001d12a 4096
800266b4 4096
800128e8 4096
8001d126 4096
8002b3e8 4096
8002b3e4 4096
800266b0 4096
8001d11e 4096
8002b3e0 4096
800266ac 4096
8001d11a 4096
8002b3dc 4096
800266a8 4096
8002b97e 4096
800266b8 4096
8002b3d8 4096
8002b3d6 4096
80017860 4096
8002b3d2 4096
8001d0fe 4096
80021350 4096
800266a4 4096
8001ba94 4096
8001d0fa 4096
8001dbc8 4096
8002b3ce 4096
8001d040 4096
8001ba98 4096
800128dc 4096
8002b400 4096
8001ed70 4096
8002b3fc 4096
8001d13e 4096
8002b3f8 4096
80021348 4096
8002b3f4 4096
800128da 4096
8001d136 4096
80020e08 4096
8001aebe 4096
8002b3f0 4096
8001f0fc 4096
8001d0f6 4096
8001d132 4096
8002b3ec 4096
8002a8be 4096
800266ba 4096
800128e0 4096
8001d12e 4096
80020e00 4096
800128e4 4096
8002134c 4096
8001ed74 4096
80020dfc 4096
80020e28 4096
8002b3ea 4096
80025050 4096
80025030 4096
80025034 4096
80025036 4096
8001f104 4096
80025038 4096
8002503c 4096
80015c5e 4096
80025040 4096
8002b3be 4096
80025044 4096
80025048 4096
8002504c 4096
8001d042 4096
80015c5a 4096
8001d03e 4096
80015c62 4096
8001d03a 4096
8001cc98 4096
80021358 4096
80020e24 4096
8002135c 4096
800167a8 4096
8002b94e 4096
80021360 4096
8002b3ba 4096
80021364 4096
800167ea 4096
8001ed7c 4096
8001ed78 4096
8001d0f2 4096
80025006 4096
8001d0b6 4096
800167ce 4096
8001d0b2 4096
8002500a 4096
8002500e 4096
80025012 4096
80021354 4096
8002b97a 4096
80025016 4096
8001f100 4096
8002b404 4096
8002501a 4096
8001ba9c 4096
8002501e 4096
80025022 4096
80025024 4096
8001ed80 4096
80025028 4096
80015c56 4096
8002b3ca 4096
8002b3c6 4096
8002502c 4096
8002b3c2 4096
800167fa 4096
8002b946 4096
8001ed4c 4096
8001d1cc 4096
80015b8a 4096
80015b8e 4096
800167e2 4096
80015b92 4096
8001d1b2 4096
8002345a 4096
80015b96 4096
8001e26a 4096
800127da 4096
80015b9a 4096
800128d4 4096
80018906 4096
8001d1d0 4096
80015b9e 4096
800128d8 4096
8002b420 4096
80015ba2 4096
8001e266 4096
8001e262 4096
80027612 4096
80015ba6 4096
80015baa 4096
80017dda 4096
80027616 4096
8002761a 4096
8001ae88 4096
800286f6 4096
800286f0 4096
8002820a 4096
800286f4 4096
8002b952 4096
8002b428 4096
80021338 4096
8001d1c6 4096
8002133c 4096
8001891a 4096
80017dee 4096
800128c4 4096
800127d8 4096
80021340 4096
80015bae 4096
800128c6 4096
8001d20a 4096
800128c8 4096
8001e2a2 4096
80023456 4096
80017de6 4096
800128cc 4096
800286f8 4096
800128d0 4096
80027234 4096
800188f2 4096
8002760e 4096
8002b424 4096
8002b93e 4096
80027626 4096
8002b418 4096
8002762a 4096
80015bde 4096
8001aea2 4096
8001e24e 4096
8002b414 4096
80016c3a 4096
800167da 4096
8002762e 4096
80015be2 4096
8001ed6c 4096
8001f0f8 4096
8001e256 4096
80015be6 4096
80027632 4096
8001e24a 4096
8001e246 4096
8002b410 4096
80021342 4096
80015bea 4096
8001aeb0 4096
8002b40c 4096
80015bee 4096
80021344 4096
8002b408 4096
80015bf2 4096
80015bc6 4096
80017e0a 4096
80015bb2 4096
8001ed54 4096
8002761e 4096
8001ae8c 4096
80015bb6 4096
80015bba 4096
8001ae90 4096
80018902 4096
80015bbe 4096
8002345e 4096
80023462 4096
80015bc2 4096
80023452 4096
8001ae94 4096
80015bca 4096
80015bce 4096
80027622 4096
8002b41c 4096
8001e25e 4096
80015bd2 4096
80015bd6 4096
8001e25a 4096
800167de 4096
8001ed64 4096
80015bda 4096
8002b942 4096
800233c6 4096
800168de 4096
80018f66 4096
800233be 4096
80018d62 4096
800168d2 4096
8001ec7a 4096
80018f6e 4096
8002a436 4096
800223e2 4096
80021e90 4096
800233c2 4096
800223e0 4096
800275ec 4096
80018da8 4096
8001ec76 4096
800223de 4096
800127a4 4096
800275f2 4096
80015b7c 4096
8001ec7e 4096
8002b98a 4096
8002a43a 4096
80019ac0 4096
800223da 4096
80018e56 4096
80021e94 4096
8002b976 4096
800275e8 4096
800223e6 4096
80018d56 4096
8002a41a 4096
80018dbc 4096
80021e7c 4096
80020e90 4096
800168ea 4096
80021e80 4096
800223ea 4096
80021e84 4096
8002a422 4096
8001ec66 4096
8002021c 4096
800233aa 4096
800223d6 4096
80018db4 4096
800168e6 4096
800233ae 4096
800233b2 4096
80021e88 4096
8002a426 4096
800168e2 4096
800233b6 4096
8002a432 4096
800127a8 4096
80018d5a 4096
80021e8c 4096
800233ba 4096
80018e40 4096
80027288 4096
80015706 4096
8001ec96 4096
8002728c 4096
8002a442 4096
8002b996 4096
80021e9c 4096
8002a446 4096
80020e9c 4096
800233da 4096
80018d84 4096
80018e3c 4096
8001ec9c 4096
80018f32 4096
800233d6 4096
8002a44a 4096
80020ea0 4096
8001eca0 4096
8002a44e 4096
8001eca4 4096
80018e44 4096
8001cfee 4096
800127bc 4096
8002a452 4096
8001eca8 4096
80015b78 4096
800233de 4096
80018e50 4096
8001ec8c 4096
800223d2 4096
800127b0 4096
800233ca 4096
8002727c 4096
80019ab8 4096
800127b4 4096
80018e2c 4096
8001ec82 4096
800233ce 4096
80027280 4096
8002b98e 4096
80019ab4 4096
80020e94 4096
800233a6 4096
80018e30 4096
80021e98 4096
80020e98 4096
8001ec90 4096
800223ce 4096
800233d2 4096
800127b8 4096
80018e34 4096
80027284 4096
800127a0 4096
8002a43e 4096
8001ec94 4096
80019aa4 4096
80015716 4096
8001d01a 4096
80015726 4096
80017ea4 4096
8001d02e 4096
8001571a 4096
8002335c 4096
8001d016 4096
8002b986 4096
8001d032 4096
80023360 4096
80017ef6 4096
80023364 4096
80021e56 4096
80027270 4096
8001d02a 4096
80021e5a 4096
80023368 4096
80027274 4096
80027264 4096
80027278 4096
8001d012 4096
800156ea 4096
80022412 4096
80021e5c 4096
80020e88 4096
8002336c 4096
80017e9e 4096
80023370 4096
80022402 4096
80018d68 4096
80018d7c 4096
80018d90 4096
8002240e 4096
8001b070 4096
80018dc0 4096
80018dca 4096
80015722 4096
80021e46 4096
8002240a 4096
80022406 4096
80027268 4096
80021e4a 4096
80023374 4096
80021e42 4096
8001d022 4096
800223fe 4096
80021e4e 4096
8001d01e 4096
8001571e 4096
8001d026 4096
800223fa 4096
80017ec4 4096
80021e3e 4096
80021e52 4096
80017eb2 4096
8001af76 4096
8002a416 4096
8002a40e 4096
80021e6c 4096
8002a412 4096
800275f0 4096
8001d00e 4096
8002a832 4096
800127ac 4096
800168f6 4096
80018dc8 4096
800168f2 4096
80021e6e 4096
80018d4e 4096
8002339a 4096
80021e68 4096
80021e70 4096
80018d52 4096
800223f6 4096
800168ee 4096
8002339e 4096
80018dc4 4096
80021e74 4096
800233a2 4096
800223f2 4096
80021e78 4096
80020e8c 4096
8001d00a 4096
800223ee 4096
80018ec8 4096
800168fc 4096
80018e2a 4096
80018d46 4096
8002a406 4096
80018e48 4096
80022416 4096
80023378 4096
8002337a 4096
80018e70 4096
80018e98 4096
80018ea0 4096
8002337e 4096
80023382 4096
8001ecac 4096
80023386 4096
8002338a 4096
80021e60 4096
8002a40a 4096
8002338c 4096
80015712 4096
8002338e 4096
80015b88 4096
800156ee 4096
80021e64 4096
80023392 4096
80023396 4096
800168fa 4096
80018f5e 4096
8002672e 4096
800275fa 4096
8002a892 4096
800202a4 4096
800281e0 4096
80027244 4096
80026732 4096
800281e4 4096
80026736 4096
800202a8 4096
80017e2a 4096
8002a386 4096
8002b53e 4096
8002673a 4096
800188e4 4096
8002b53c 4096
8002b538 4096
80017e26 4096
8002b534 4096
8002673e 4096
80020ec8 4096
80026740 4096
800281e8 4096
80026742 4096
8002b530 4096
8001ab20 4096
80018f62 4096
80026746 4096
8002724c 4096
80021ec2 4096
8002028c 4096
800188ea 4096
80027250 4096
8002a49e 4096
80021ec4 4096
80019a54 4096
8002672c 4096
80019a40 4096
800156e2 4096
800156de 4096
800188c8 4096
800272ac 4096
8002b52c 4096
800223b6 4096
80015b70 4096
800272b0 4096
800223b4 4096
80020290 4096
8001572a 4096
80027248 4096
800156da 4096
8002029c 4096
800156d6 4096
800156d2 4096
80012798 4096
8001561c 4096
8001ab2c 4096
8002676e 4096
800281f8 4096
8002867a 4096
80026772 4096
8001ab28 4096
800275fe 4096
80012794 4096
80018eb4 4096
80026776 4096
8002b962 4096
8002b520 4096
8002677a 4096
800281fc 4096
800167fe 4096
8002b51c 4096
8002b518 4096
800281fe 4096
8002b514 4096
800275d8 4096
8002b510 4096
80028202 4096
8002b50c 4096
8002867e 4096
80028206 4096
800189e2 4096
8002726c 4096
800189de 4096
8002675a 4096
800281ec 4096
800202ac 4096
8002674a 4096
8002b528 4096
8001aed6 4096
8002674e 4096
80026752 4096
80020ecc 4096
80015b6c 4096
800281f0 4096
80026756 4096
8002241a 4096
800127c4 4096
800223ba 4096
80027240 4096
8002675e 4096
800281f4 4096
8001af06 4096
800275dc 4096
8002241e 4096
80026762 4096
80026766 4096
80028672 4096
8002b524 4096
8002676a 4096
80028676 4096
80022422 4096
800223c6 4096
8001ecbc 4096
800155f8 4096
80027294 4096
800223ca 4096
80021ea8 4096
8001ecc0 4096
80027298 4096
800155fc 4096
80019a7c 4096
8001ecc4 4096
80018a32 4096
80018a1e 4096
80018a0a 4096
800189f2 4096
80018d64 4096
800189e6 4096
800189da 4096
800189c6 4096
80021eac 4096
80020eb4 4096
8002a482 4096
8002a46e 4096
80021eb0 4096
800189be 4096
80027260 4096
8002729c 4096
800272a0 4096
800189b2 4096
80018e60 4096
8001cfea 4096
8002a456 4096
8002a45a 4096
80018e58 4096
8002a496 4096
8002a466 4096
8001ecb0 4096
80018e5c 4096
80018d78 4096
800233e0 4096
8001ecb4 4096
80019a90 4096
80021ea0 4096
800189a6 4096
80020eb0 4096
8002b972 4096
80019a8c 4096
800155ec 4096
80027290 4096
80018e64 4096
8001ecb8 4096
800233e2 4096
80021ea4 4096
800155f0 4096
800155f4 4096
80018e6c 4096
800156fa 4096
80027254 4096
80027258 4096
8001ecec 4096
800127c0 4096
80021eb8 4096
800272a8 4096
8002a48e 4096
80018f46 4096
80021ebc 4096
8001279c 4096
800156f6 4096
8002a492 4096
8002a49a 4096
80021ec0 4096
80019a68 4096
80020284 4096
80027252 4096
8002b96e 4096
80020ec4 4096
800156f2 4096
800156e6 4096
80019a5c 4096
800275e0 4096
80018938 4096
800223be 4096
80020288 4096
80018f5a 4096
800188fe 4096
800272a4 4096
80021eb4 4096
8001899a 4096
8001ecd0 4096
800275e4 4096
80020eb8 4096
80015b9c 4096
8002a48a 4096
80015600 4096
8001ecd4 4096
8001ecd8 4096
8002725c 4096
8001cfde 4096
80015604 4096
80028682 4096
8001ece0 4096
80018d76 4096
8002027c 4096
8001cfda 4096
80026722 4096
800223c2 4096
8002b9a2 4096
80015608 4096
80026726 4096
800275f6 4096
8002672a 4096
80015b74 4096
8001ece8 4096
8001b0cc 4096
8001cb4c 4096
80023044 4096
8001cb48 4096
800189c4 4096
80023048 4096
80015d68 4096
8002304c 4096
8002304e 4096
80019e4a 4096
8001cb50 4096
8001cb32 4096
800188e6 4096
80019a70 4096
800188e2 4096
8001b0c4 4096
800168da 4096
8001aad4 4096
80019e52 4096
8001cb6c 4096
8001e272 4096
8001cb7c 4096
8001e26e 4096
8001cb78 4096
8002a9f6 4096
8001e264 4096
8001cb74 4096
8001cb70 4096
800168c6 4096
8001cb68 4096
80023034 4096
8001e252 4096
8001e250 4096
80023038 4096
8002303c 4096
80023040 4096
80019e42 4096
800240e2 4096
8001fdf6 4096
80017848 4096
800222d8 4096
800240ec 4096
800240ea 4096
80017cce 4096
800189ee 4096
800245e6 4096
800240e6 4096
800222d4 4096
8001fdfa 4096
800245ea 4096
800245ee 4096
800245f0 4096
800240de 4096
800245f2 4096
800240da 4096
800245f6 4096
80019e5e 4096
800188b4 4096
8001bc0e 4096
8001aae0 4096
8001cb2e 4096
8001fde8 4096
8001fdea 4096
8001b0b8 4096
8001aaec 4096
8001cb94 4096
8001b0b4 4096
8001fdee 4096
800222d0 4096
800168c2 4096
8001b0b0 4096
8001aaf4 4096
8001fdf2 4096
800168be 4096
80024534 4096
80020392 4096
800203a2 4096
800203aa 4096
80024520 4096
80024524 4096
80024528 4096
8002452c 4096
800203be 4096
80024530 4096
8002038a 4096
800203d6 4096
800203de 4096
80024538 4096
8001cba8 4096
8002453c 4096
80024540 4096
80024544 4096
80024548 4096
80024504 4096
800244f0 4096
800244f4 4096
8001cbac 4096
800244f8 4096
8002a9e6 4096
800244fc 4096
80024500 4096
80015d70 4096
8002454c 4096
80024508 4096
8002450a 4096
8002450c 4096
80019e22 4096
80024510 4096
80024514 4096
80024518 4096
8002451c 4096
8001e28a 4096
8001e29e 4096
80024578 4096
8001e29a 4096
8001e296 4096
8001cb9c 4096
8001e292 4096
8001e28e 4096
8002457c 4096
80017874 4096
8001e286 4096
8002457e 4096
8001e282 4096
8001cb98 4096
8001e27e 4096
8002a9f2 4096
8001e27a 4096
8001e276 4096
80015d6c 4096
80024550 4096
8001cba4 4096
80024554 4096
80024558 4096
8002455c 4096
8001786c 4096
80024560 4096
80024564 4096
800245fa 4096
80024568 4096
8002456c 4096
8001e2a8 4096
80024570 4096
80024574 4096
8001e2a6 4096
8002a9ee 4096
8001cba0 4096
8001fe1a 4096
80024086 4096
800189f6 4096
8001fe16 4096
8002a7ba 4096
80024082 4096
8002b86a 4096
8002407e 4096
8002407a 4096
80024078 4096
8001bbee 4096
80024076 4096
8002a7be 4096
80019e06 4096
80024072 4096
80018f92 4096
8002406e 4096
8002406a 4096
8001fe1e 4096
8002a9d6 4096
8001fe0e 4096
80019e0e 4096
8002409a 4096
8001fe12 4096
80024096 4096
80017948 4096
8001e148 4096
8002a7b6 4096
8002a7c2 4096
80024092 4096
8002408e 4096
8001e140 4096
800199d8 4096
8001fe14 4096
8001e13e 4096
80017944 4096
8002408a 4096
8001afae 4096
80024056 4096
80024052 4096
8002404e 4096
800189fe 4096
800156d0 4096
8002a7de 4096
8001bbde 4096
8002404c 4096
8001fe2a 4096
8001fe26 4096
800222dc 4096
8001afaa 4096
800222e0 4096
8001b0ac 4096
800222e4 4096
800222e8 4096
8001e0de 4096
800222ec 4096
8001fe22 4096
80018a06 4096
8002a7c6 4096
80024066 4096
8002b86e 4096
8001560a 4096
80024062 4096
8002a7ca 4096
8002a9ea 4096
8002409e 4096
80019e1e 4096
8002405e 4096
8001afb2 4096
8001560e 4096
80019e66 4096
80015612 4096
8002405a 4096
800189fa 4096
8002463a 4096
80024626 4096
8002462a 4096
800240ce 4096
8001e1b8 4096
8002462e 4096
8001e1b4 4096
80024632 4096
80024636 4096
8001e1b0 4096
8001e1c0 4096
8002463e 4096
8001e1ac 4096
80024642 4096
80024646 4096
8001e1a8 4096
80024648 4096
800240ca 4096
80015cf0 4096
8002460a 4096
800245fe 4096
80024602 4096
8001e1de 4096
8001e1dc 4096
80024604 4096
800240d6 4096
8001e1d8 4096
80024606 4096
800240c6 4096
800240d2 4096
8002460e 4096
80024612 4096
80024616 4096
8001e1c8 4096
8002461a 4096
8002461e 4096
80024622 4096
8001fe0a 4096
8001e170 4096
8002b864 4096
8001bbf2 4096
8001e16c 4096
800240aa 4096
8001fe06 4096
8001e168 4096
800240a6 4096
800240ae 4096
8001e164 4096
8002a7b2 4096
8002b868 4096
80017ebc 4096
8001e160 4096
800240a2 4096
8002a9da 4096
8001e15c 4096
8001e180 4096
80019e56 4096
8001fdfe 4096
800240c2 4096
800189ea 4096
800240be 4096
800240ba 4096
8001e184 4096
8001fe02 4096
800244ec 4096
800168ba 4096
8001e17c 4096
800240b6 4096
800240b2 4096
8001e178 4096
80017840 4096
8001e174 4096
8002a7ae 4096
80022efa 4096
80022fda 4096
8001cc5c 4096
80022fdc 4096
80019e36 4096
80015d7c 4096
8001cc60 4096
80022fe0 4096
8002a9fa 4096
8001cc78 4096
80022fd8 4096
80022fe4 4096
8001cc7c 4096
80022fe8 4096
8001cc80 4096
80022fec 4096
8001cc84 4096
80015d80 4096
8001fd32 4096
8001fd3e 4096
8001cc4c 4096
80022fc4 4096
8001cc50 4096
8001fd46 4096
80022fc8 4096
8001fd42 4096
8001cc54 4096
80022fcc 4096
8001cc88 4096
80022fd0 4096
8001fd3a 4096
80022efc 4096
8001cc58 4096
8001fd36 4096
8001fd34 4096
80019fe2 4096
80022fd4 4096
8001dbfe 4096
8001fd20 4096
80019fd6 4096
80022eec 4096
8001fd1c 4096
80020210 4096
8001fd18 4096
8001dbd0 4096
8001fd14 4096
8002020c 4096
80022ef0 4096
80017858 4096
80022ff4 4096
8001fd10 4096
8001dc12 4096
80022ee8 4096
8001dc26 4096
8001fd0c 4096
80020dc0 4096
8001cca8 4096
8001cc8c 4096
8002031a 4096
8001aa10 4096
80022ff0 4096
80022ef8 4096
8001cca4 4096
8001fd2e 4096
80019e2e 4096
80022fc0 4096
80022ef4 4096
8001fd2a 4096
8001ccac 4096
80018d98 4096
8001fd26 4096
8002021a 4096
8001fd22 4096
80020214 4096
80022f30 4096
80022f40 4096
8001cc20 4096
80022f3c 4096
80022f38 4096
8001fd8a 4096
8001fd88 4096
80022f34 4096
800202c4 4096
8001fd86 4096
80019e3e 4096
800202cc 4096
8001fd82 4096
800202e4 4096
80022f2c 4096
800202f0 4096
8001fd7e 4096
80022f28 4096
8001fd7a 4096
80022f4e 4096
80020280 4096
80020294 4096
80018d80 4096
8001789a 4096
80020298 4096
800202a0 4096
80020da2 4096
80022f50 4096
80022f24 4096
80022f4c 4096
800202a6 4096
80022f48 4096
800202b8 4096
80022f44 4096
800202bc 4096
8001cc1c 4096
800202c0 4096
80022f0c 4096
80022f10 4096
8001cc30 4096
80022fb8 4096
80022fbc 4096
8001fd62 4096
8001fd5e 4096
8001fd5a 4096
8001fd56 4096
8001fd66 4096
8001fd52 4096
80022f08 4096
80020da6 4096
8001fd4e 4096
80022f04 4096
8001fd4a 4096
8001cc48 4096
80022f00 4096
80020304 4096
80020300 4096
8001fd76 4096
8001cc24 4096
80022f20 4096
8001fd72 4096
80022f1c 4096
80022fae 4096
8001fd6e 4096
8001dc42 4096
80020308 4096
8001cc28 4096
80022f18 4096
8001fd6a 4096
80022fb0 4096
8001cc2c 4096
80022f14 4096
80022fb4 4096
80024478 4096
80024458 4096
80018f76 4096
8002445c 4096
80024460 4096
80024464 4096
80024468 4096
8002446c 4096
80024470 4096
80024474 4096
80015c52 4096
8002447c 4096
8002447e 4096
80024480 4096
8002300c 4096
80019a88 4096
8001a9fe 4096
80023010 4096
80017864 4096
80024438 4096
80024420 4096
80024424 4096
800188c4 4096
80024428 4096
8002442a 4096
8002442c 4096
80024430 4096
80024434 4096
8001dcac 4096
8002443c 4096
80024440 4096
80024444 4096
80024448 4096
8002444c 4096
800188d0 4096
80024450 4096
80024454 4096
80015db4 4096
80023020 4096
80019e12 4096
80015d94 4096
8002a9de 4096
80017950 4096
80023024 4096
80023028 4096
8002302c 4096
8001782e 4096
80018f8a 4096
80015db8 4096
8002a9e2 4096
80019e1a 4096
80023030 4096
800244de 4096
800244e0 4096
800244e4 4096
800244e8 4096
800188cc 4096
80023014 4096
8001dcd6 4096
80023018 4096
8001dcda 4096
80019a84 4096
8001dcde 4096
8002301c 4096
8001dce6 4096
8002441c 4096
8001dd2a 4096
80018f7e 4096
8001dd36 4096
80018f86 4096
800199c8 4096
80019fd8 4096
80017938 4096
80015d90 4096
8001b088 4096
80022ed6 4096
80017850 4096
80017cfe 4096
80022ed2 4096
800201f0 4096
80017d12 4096
80015d64 4096
8001b098 4096
800201e8 4096
800201f8 4096
8001b084 4096
80022ece 4096
80019a98 4096
80017d26 4096
80022eca 4096
80017d2e 4096
800201d4 4096
8001b076 4096
80017cb0 4096
8001baba 4096
80019fd2 4096
80022ee6 4096
80020208 4096
80017854 4096
8001fd08 4096
80020200 4096
80022ee2 4096
80018da0 4096
8001fd04 4096
80022ff8 4096
80017cc4 4096
80022ede 4096
80019fce 4096
80017cd8 4096
80022eda 4096
80017cea 4096
800243fe 4096
80023008 4096
8002027a 4096
80018f6a 4096
80015d88 4096
80015c7c 4096
8001aee6 4096
8001aef6 4096
800243fa 4096
80023004 4096
80024402 4096
80024406 4096
80018f72 4096
8002440a 4096
8002440e 4096
80024412 4096
80024416 4096
80024418 4096
800201b2 4096
800201c6 4096
80015d60 4096
80022ffc 4096
800201bc 4096
8001678c 4096
8001b06c 4096
800201b8 4096
80017d9a 4096
8001fe2e 4096
80017dae 4096
8001aede 4096
80015d5c 4096
80020dec 4096
800201a6 4096
80017dde 4096
80023000 4096
80018a0e 4096
8002a814 4096
80019f60 4096
8002a834 4096
8002a830 4096
8002a82c 4096
8002a828 4096
8002a824 4096
8002a820 4096
8002a81c 4096
8002a818 4096
80023f8a 4096
8002a810 4096
8002a80c 4096
8002a808 4096
8002a804 4096
8002a800 4096
8002a7fc 4096
8002a7f8 4096
8002a7f4 4096
80019f48 4096
8001ab34 4096
80023f9a 4096
80015652 4096
8001af66 4096
80023f98 4096
80015656 4096
8001565a 4096
8001aeb6 4096
8002a7f0 4096
80023f96 4096
8001565e 4096
8002b8c2 4096
80015662 4096
80023f92 4096
8002b8ce 4096
80023f8e 4096
800213b6 4096
8001e154 4096
8001dd4a 4096
8001e144 4096
80018e54 4096
8001dd42 4096
8001e14c 4096
8001dd3e 4096
8001e150 4096
8001dd3a 4096
80018e68 4096
80023f7c 4096
8001dd32 4096
8001566a 4096
8001e158 4096
8001dd2e 4096
8001e16a 4096
8001dd26 4096
80018e74 4096
8001e188 4096
8002a7cc 4096
8002a7ec 4096
8002a7e8 4096
8002a7e4 4096
8002a7e0 4096
8002a7dc 4096
8002a7d8 4096
8002a7d4 4096
8002a7d0 4096
80019f40 4096
80023f86 4096
80018e38 4096
80023f84 4096
80015666 4096
80019f64 4096
80023f80 4096
80018e4c 4096
8002b8d2 4096
8001e0c4 4096
8002a8b0 4096
80021f48 4096
8002a8ac 4096
800282ce 4096
80021f44 4096
8002a8a8 4096
80019e16 4096
80019df8 4096
80019de4 4096
8001e0c0 4096
80018db8 4096
8002a8a4 4096
8002a8a0 4096
8001e0c8 4096
8002a89c 4096
8002a898 4096
800282ca 4096
8002a894 4096
80015636 4096
8002a8e0 4096
8002a8dc 4096
8002a8d8 4096
8002a8d4 4096
8002a8d0 4096
8002a8cc 4096
8002a8c8 4096
8002a8c4 4096
80021f40 4096
8002a8c0 4096
80021f50 4096
80021f4e 4096
8002a8bc 4096
800282d2 4096
8002a8b8 4096
80021f4c 4096
8002a8b4 4096
80023fae 4096
80023fbe 4096
80015642 4096
80023fba 4096
80018dcc 4096
80016e58 4096
80023fb6 4096
8001ae9e 4096
80023fb2 4096
800282c4 4096
80023faa 4096
80023fa6 4096
80015646 4096
80019f3c 4096
80023fa2 4096
8001564a 4096
80023f9e 4096
8001564e 4096
80021f30 4096
80023fca 4096
80021f3c 4096
80023fc6 4096
80021f38 4096
8001e0d8 4096
80016e14 4096
800282c6 4096
80021f34 4096
80018e78 4096
8001e0dc 4096
80021f2c 4096
80021f28 4096
8001a01e 4096
80021f24 4096
80021f22 4096
8001e0e0 4096
80023fc2 4096
8001291c 4096
8001291e 4096
80021384 4096
8001dc0a 4096
80020dd2 4096
80021380 4096
8001dc06 4096
80017e1e 4096
8001dc02 4096
80020df0 4096
8001dc0e 4096
8001dbfa 4096
80020df4 4096
8001dbf6 4096
80012918 4096
800272c6 4096
80012914 4096
80020df8 4096
8001dbe4 4096
8001bade 4096
800213a0 4096
8001dc36 4096
8002139c 4096
80021398 4096
8001dc32 4096
8001bae2 4096
80021394 4096
8001dc2e 4096
80020e10 4096
80018f94 4096
8001dc2a 4096
80021390 4096
8002138c 4096
8001bada 4096
8001dc16 4096
80021388 4096
80020dbe 4096
8001babe 4096
8001679a 4096
8001679e 4096
80021374 4096
800167a2 4096
8001af7a 4096
800167ba 4096
8001bac2 4096
80020e20 4096
80021370 4096
80021378 4096
8002136c 4096
800167be 4096
800167c2 4096
80021368 4096
800128f4 4096
800167c6 4096
800167ca 4096
800128f0 4096
8001dbcc 4096
8001dbe0 4096
80012910 4096
8001dbdc 4096
80016796 4096
8001dbd8 4096
80020e14 4096
8001dbd4 4096
8001290c 4096
800213a4 4096
80012908 4096
80020e18 4096
80012904 4096
80012900 4096
80020e1c 4096
800128fc 4096
800128f8 4096
8002137c 4096
8001e19c 4096
80019a50 4096
8001e198 4096
80019a3c 4096
80018e90 4096
8001781a 4096
8001dcd2 4096
8001b07c 4096
8001b074 4096
8001dcce 4096
80019a64 4096
8001781e 4096
8001dcca 4096
80018e94 4096
8001b090 4096
8001dcc6 4096
8001e1a0 4096
8001b078 4096
8001dcc2 4096
80023f74 4096
8001e18c 4096
80018e7c 4096
80023f78 4096
8001566e 4096
8001e190 4096
80018e88 4096
8001e194 4096
8001dce2 4096
80018e9c 4096
80015672 4096
80018e8c 4096
80023f70 4096
80023f6c 4096
80019ad0 4096
80023f68 4096
80019abc 4096
80019a78 4096
800213b4 4096
80018eb0 4096
8001e1d0 4096
80018ebc 4096
8001e1d4 4096
80018ec0 4096
80018ec4 4096
80020dba 4096
80018f3c 4096
8001e1cc 4096
800213b0 4096
8001dc46 4096
800213ac 4096
8001baf2 4096
8001dc3e 4096
800213a8 4096
80018f50 4096
8001dc3a 4096
80020db6 4096
8001b0a0 4096
8001dcba 4096
8001b0c0 4096
8001e1a4 4096
8001dcb6 4096
80018ea4 4096
80020db2 4096
8001e1bc 4096
8001e0bc 4096
80017d8e 4096
80018ea8 4096
8001e1c4 4096
80019982 4096
8001996e 4096
80018eac 4096
8001995a 4096
80017834 4096
8001677c 4096
800188da 4096
80016778 4096
8002230e 4096
80020dd4 4096
80015da4 4096
8002833e 4096
80022312 4096
800188ee 4096
80022316 4096
80020dd0 4096
80015da8 4096
80020dd8 4096
8002231a 4096
8001fe72 4096
8002231e 4096
80022322 4096
8002833a 4096
80022326 4096
8001b09c 4096
8002834a 4096
8001fe5e 4096
80018da4 4096
80028346 4096
80028342 4096
8001fe62 4096
8001561e 4096
8001fe66 4096
800188f6 4096
80020dc8 4096
8001fe6a 4096
80018dac 4096
80015da0 4096
8001fe6e 4096
80020dcc 4096
8002230a 4096
80015622 4096
80017ce2 4096
8001ae80 4096
8001bba6 4096
8001ae98 4096
8001ae9c 4096
8002a9fc 4096
8002a9b8 4096
8002a9a4 4096
8001aec6 4096
8001890e 4096
8002831a 4096
8001aeca 4096
8001aee2 4096
80018a12 4096
8001aeee 4096
8002233a 4096
8001aef2 4096
8001af04 4096
8002233e 4096
80028326 4096
8002232a 4096
80028336 4096
80028332 4096
800188fa 4096
8002232e 4096
8002832e 4096
8002832a 4096
80015dac 4096
800188d6 4096
80028322 4096
80022332 4096
8001890a 4096
8001fe76 4096
80022336 4096
8002831e 4096
80018a02 4096
8001fe7a 4096
8001e090 4096
8001e0a0 4096
800222fa 4096
8001fe3a 4096
8001e09c 4096
8001ab54 4096
8001e098 4096
8001b0a4 4096
8001e094 4096
800222fe 4096
8001e0a4 4096
8001fe3e 4096
8001fe42 4096
8001e08c 4096
8001e08a 4096
8001fe46 4096
8001fe4a 4096
8001e084 4096
8001fe4e 4096
8001ab60 4096
8001e0d4 4096
800222ee 4096
8001e0d0 4096
800222f2 4096
8001e0cc 4096
80015d74 4096
8001fe32 4096
80019aa8 4096
80015d98 4096
8001bbd2 4096
80015bf0 4096
8001b0a8 4096
8001fe36 4096
8001e0ac 4096
80015d78 4096
800222f6 4096
80019aac 4096
8002835a 4096
8001561a 4096
8001e062 4096
80016784 4096
80015d9c 4096
80020de0 4096
800188d2 4096
8002835e 4096
8001fe5a 4096
8001bbbe 4096
80017822 4096
80016788 4096
80022302 4096
80020de4 4096
80028356 4096
80022306 4096
80028352 4096
8002834e 4096
8001fe56 4096
8001e080 4096
8001fe52 4096
8001ab50 4096
80015616 4096
8001e078 4096
80028364 4096
80016780 4096
8001e072 4096
8001fe7e 4096
8001bbc2 4096
8001e06e 4096
80020ddc 4096
8001e06a 4096
80022300 4096
80028362 4096
8001e066 4096
800188bc 4096
8001b002 4096
8001afb6 4096
80018d9c 4096
80021f68 4096
8001afbe 4096
80023fe6 4096
8001afd2 4096
80021f64 4096
8001aff2 4096
80023fe2 4096
80021f6c 4096
80021f60 4096
8002a930 4096
8002a92c 4096
8002b8aa 4096
80023fde 4096
8002a928 4096
80018db0 4096
80023fda 4096
80021f7c 4096
8001a016 4096
80018a2e 4096
80021f84 4096
8002b8a2 4096
8002b8a6 4096
80018a36 4096
80021f80 4096
80023fee 4096
8002a924 4096
80018d88 4096
80023fec 4096
80021f78 4096
80021f74 4096
80018d8c 4096
80023fea 4096
80021f70 4096
80018d94 4096
80021f58 4096
8002a8fc 4096
80019f58 4096
80019f14 4096
80019f00 4096
80019eec 4096
8002a8f8 4096
8002a8f4 4096
8002a8f0 4096
8001e0a8 4096
8002a900 4096
8002a8ec 4096
8001e0b0 4096
80023fce 4096
8002a8e8 4096
8001e0b4 4096
80021f54 4096
8002a8e4 4096
8001e0b8 4096
8002a914 4096
8001e05a 4096
8002a920 4096
80023fd6 4096
8002a91c 4096
8001e05e 4096
8002a918 4096
80023fd2 4096
8001e076 4096
8001a02a 4096
8001e07c 4096
8002a910 4096
8001af72 4096
8002a90c 4096
8002a908 4096
8002a904 4096
8001e088 4096
80021f5c 4096
80018916 4096
800282ee 4096
800282ea 4096
800282e6 4096
80018a16 4096
8001bb8a 4096
800282e2 4096
8001bb86 4096
80022342 4096
800282de 4096
800282f0 4096
80021fc2 4096
8001bb82 4096
800282da 4096
80021fc0 4096
80017cf6 4096
80021fbc 4096
80021fb8 4096
80018a1a 4096
8002b896 4096
80028316 4096
8001fe82 4096
80028312 4096
8002830e 4096
8001fe86 4096
80018912 4096
8002830a 4096
80028306 4096
8001a01a 4096
80028302 4096
800282fe 4096
800282fa 4096
80018f8e 4096
8001fe88 4096
800282f6 4096
8001793c 4096
800282f2 4096
80021f94 4096
80018d74 4096
80021fa4 4096
8002b89a 4096
80018a26 4096
80021fa0 4096
80021f9c 4096
80022354 4096
80021f98 4096
80015632 4096
80022356 4096
80021f90 4096
80021f8c 4096
800282d6 4096
80018a2a 4096
80021f88 4096
80017d0a 4096
8002b89e 4096
8001b08a 4096
8001bb7e 4096
80022346 4096
8002234a 4096
80021fb4 4096
80018926 4096
8001892a 4096
8001892e 4096
80021fb0 4096
800128ec 4096
80018a22 4096
80021fac 4096
80018932 4096
8002234e 4096
80018d6c 4096
80022352 4096
80018d70 4096
80021fa8 4096
800271a4 4096
8001c136 4096
80027804 4096
80027808 4096
80017838 4096
8001c132 4096
8001c084 4096
8002780c 4096
8001f344 4096
80019dec 4096
80027810 4096
80027814 4096
80017846 4096
8001c07c 4096
80027818 4096
800271a8 4096
8001f340 4096
8001784c 4096
80017d02 4096
8001f346 4096
80027800 4096
8001c08c 4096
8001c088 4096
800271a0 4096
80025684 4096
80025688 4096
8002568c 4096
8002781c 4096
8002568e 4096
80025690 4096
80025694 4096
80025698 4096
8002569c 4096
800256a0 4096
800256a2 4096
80021288 4096
80021290 4096
8001c064 4096
8002128c 4096
800271c0 4096
8001c11a 4096
800271c4 4096
800188c0 4096
800271c6 4096
800271bc 4096
8001c05c 4096
800256a4 4096
800256a8 4096
800271c8 4096
800256ac 4096
80019dfc 4096
8001c058 4096
8001c06c 4096
80027820 4096
8001c078 4096
8001c12a 4096
800271ac 4096
80027822 4096
8001c074 4096
80021298 4096
800271b0 4096
80022512 4096
800271b4 4096
800271b8 4096
8001c126 4096
8001c068 4096
8001c122 4096
8001f33c 4096
80021294 4096
80016c78 4096
80027174 4096
80027178 4096
80016c90 4096
80016c8c 4096
80016c88 4096
80016c84 4096
80016c80 4096
80016c7c 4096
8002889a 4096
80016c74 4096
80016c70 4096
80016c6c 4096
80016c68 4096
80016c64 4096
80016c60 4096
80016c5c 4096
80027164 4096
80027152 4096
80027156 4096
8002715a 4096
8002715e 4096
8001c13a 4096
8002888e 4096
80027160 4096
80028892 4096
80016c58 4096
80027168 4096
8002716c 4096
80017d0e 4096
80028896 4096
80027170 4096
80018f82 4096
80027172 4096
800288c0 4096
800288ae 4096
80027188 4096
800288b2 4096
800288b6 4096
8001c09c 4096
800288ba 4096
8002718c 4096
800288be 4096
800288aa 4096
80027190 4096
8001c098 4096
80027194 4096
80027198 4096
8001c094 4096
8002719c 4096
80017832 4096
8002889e 4096
80016c54 4096
80016c50 4096
80016c4c 4096
80016c48 4096
80016c44 4096
80016c40 4096
80016c3c 4096
80016c28 4096
8001c054 4096
8002717c 4096
80027180 4096
800277fc 4096
800288a2 4096
800288a6 4096
80017d06 4096
80027184 4096
800167d6 4096
8001f32c 4096
80016e02 4096
8001bfa0 4096
8001ab40 4096
8001bf94 4096
80016e12 4096
8001bf90 4096
80016e16 4096
8001c114 4096
800167d2 4096
800167b6 4096
800167b2 4096
800167ae 4096
800167aa 4096
8001bf84 4096
8001ab4c 4096
8002141e 4096
8001686a 4096
800168d6 4096
800168b6 4096
8001689a 4096
80016896 4096
80016892 4096
8001688e 4096
8001688a 4096
80016886 4096
8001bf80 4096
80016866 4096
80016862 4096
8001685e 4096
80021422 4096
8001bfa4 4096
8001c128 4096
8001c11e 4096
80016e1e 4096
80019e46 4096
8001c060 4096
80017cf2 4096
8001998c 4096
8001b0c8 4096
8001c050 4096
80019994 4096
80019998 4096
8001bf70 4096
8001c040 4096
80019e5a 4096
8001bf64 4096
8001bf60 4096
8001ab58 4096
8001bf54 4096
800199a0 4096
8001bf74 4096
80019e02 4096
80019952 4096
8001995e 4096
80019966 4096
8001af7e 4096
80019e2a 4096
8001af82 4096
80019970 4096
8001c13e 4096
8001c090 4096
8001c080 4096
80019e32 4096
80019978 4096
80019980 4096
8001c070 4096
80019984 4096
800168ca 4096
800256d8 4096
800256dc 4096
800256e0 4096
8001c03c 4096
800256e4 4096
800256e6 4096
80019e6a 4096
8001c038 4096
8001c044 4096
8001c034 4096
80019ef2 4096
80015c50 4096
80021432 4096
8002b930 4096
80019f20 4096
8001c02c 4096
800256c4 4096
8002b8b2 4096
8002b8ba 4096
8001c04c 4096
800256b0 4096
800256b4 4096
800256b8 4096
800256bc 4096
800256c0 4096
8001c116 4096
800256c8 4096
80017cfa 4096
800256cc 4096
800256d0 4096
8001c048 4096
8001f338 4096
800256d4 4096
8002142a 4096
8001c112 4096
80021280 4096
8001c014 4096
8001c00c 4096
8002142e 4096
8001b004 4096
8001c008 4096
8001c004 4096
8001c018 4096
8001f330 4096
80021428 4096
8001c15e 4096
8002127c 4096
8001c14e 4096
8001ab00 4096
80021426 4096
80019fe6 4096
80019f28 4096
8001f334 4096
80019f2c 4096
8001c028 4096
80019f34 4096
8001c024 4096
8001ab0c 4096
8001ab14 4096
8002888a 4096
80019fec 4096
8001ab18 4096
80019ffa 4096
80019ffe 4096
80021284 4096
800167fc 4096
8001c01c 4096
800292cc 4096
800292ec 4096
800292e8 4096
800292e4 4096
800292e0 4096
800292dc 4096
800292d8 4096
800292d4 4096
800292d0 4096
800292f0 4096
800292c8 4096
800292c4 4096
800292c0 4096
800292bc 4096
8001d1e8 4096
800292b8 4096
800292b4 4096
8001ed84 4096
80029302 4096
800199bc 4096
800277f8 4096
8001baf6 4096
8001d1dc 4096
8001d1e0 4096
80019f50 4096
8001bafa 4096
80029304 4096
80019a36 4096
8001bafe 4096
80029300 4096
800292fc 4096
8001d1e4 4096
800292f8 4096
800292f4 4096
8001bb0e 4096
800235aa 4096
80016e0a 4096
80016e06 4096
80016dfe 4096
80016dfa 4096
80016df6 4096
8001c156 4096
80025586 4096
8002558a 4096
80016e0e 4096
8002558e 4096
80025592 4096
800292b0 4096
800292ae 4096
80025596 4096
800292ac 4096
8002559a 4096
80016e32 4096
80016e4e 4096
80016e4a 4096
80016e46 4096
8001c16a 4096
80016e3a 4096
8001c166 4096
80016e36 4096
8002557c 4096
8001a030 4096
8001c162 4096
80016e26 4096
8002557e 4096
80016e22 4096
8001c15a 4096
80016e1a 4096
80025582 4096
800254f6 4096
800254da 4096
800254de 4096
800254e2 4096
800254e6 4096
800254ea 4096
8001d1b8 4096
800254ee 4096
800254f2 4096
800254d6 4096
800254fa 4096
800254fe 4096
80025502 4096
80025506 4096
8002550a 4096
8002550e 4096
80025512 4096
800254ba 4096
8002549c 4096
800254a0 4096
800254a4 4096
800254a8 4096
800254ac 4096
800254b0 4096
800254b4 4096
800254b6 4096
80025516 4096
800254be 4096
800254c2 4096
800254c6 4096
800254c8 4096
800254ca 4096
800254ce 4096
800254d2 4096
8001d1d4 4096
800277dc 4096
800277de 4096
80016e42 4096
800277e0 4096
800277e4 4096
8001c142 4096
800277e8 4096
800277ec 4096
800277d8 4096
800277f0 4096
8002a486 4096
800277f4 4096
8001d1d8 4096
80016e52 4096
80016e56 4096
800199d0 4096
8001d1c0 4096
8002551a 4096
8002551c 4096
8002551e 4096
80016e3e 4096
800277c4 4096
800277c8 4096
8001d1bc 4096
80019956 4096
800292a8 4096
800277ca 4096
8001996a 4096
8002a47e 4096
8001d1c4 4096
800277cc 4096
800277d0 4096
800277d4 4096
80016d44 4096
80021456 4096
80016d54 4096
80021452 4096
80016d50 4096
80028876 4096
80016d4c 4096
8002887a 4096
80016d48 4096
80016d58 4096
8002144e 4096
80016d40 4096
8001d1fc 4096
80016d3c 4096
8002144a 4096
80016d38 4096
8002887c 4096
80016d34 4096
80016d68 4096
80021466 4096
80016d78 4096
8001d1f4 4096
80016d74 4096
80021462 4096
80016d70 4096
8002886e 4096
80016d6c 4096
8001d200 4096
80028872 4096
80016d64 4096
8002145e 4096
80016d60 4096
8002145a 4096
80016d5c 4096
8001d1f8 4096
80028882 4096
80016d04 4096
80016d00 4096
80016cfc 4096
80016cf8 4096
80016cf4 4096
80016cf0 4096
8002143c 4096
8002143a 4096
80016d08 4096
8001d208 4096
80021436 4096
80027142 4096
80028886 4096
80027146 4096
8002714a 4096
8002714e 4096
80016d20 4096
80016d30 4096
80021446 4096
80016d2c 4096
80021442 4096
80016d28 4096
8002887e 4096
80016d24 4096
8002143e 4096
80016d7c 4096
8001d204 4096
80016d1c 4096
80018f42 4096
80016d18 4096
80016d14 4096
80016d10 4096
80016d0c 4096
8002927e 4096
8002928e 4096
800255be 4096
8002928a 4096
800255c2 4096
80029286 4096
80029282 4096
800255c6 4096
800255ca 4096
80029292 4096
800255ce 4096
800255d2 4096
800255d6 4096
800255da 4096
800255de 4096
800255e2 4096
800255e6 4096
800255a8 4096
8002559e 4096
800292a4 4096
800255a2 4096
80017d16 4096
800292a0 4096
800255a6 4096
8001c152 4096
8002929c 4096
800255ea 4096
800255aa 4096
8002929a 4096
800255ae 4096
800255b2 4096
80029296 4096
800255b6 4096
800255ba 4096
8002146a 4096
8002561c 4096
8001d1ec 4096
80021476 4096
80021472 4096
8002146e 4096
8002885e 4096
80028862 4096
8001d1f0 4096
8002561a 4096
80016d8c 4096
80028866 4096
80016d88 4096
80016d84 4096
80028868 4096
80016d80 4096
8002886a 4096
80025606 4096
800255ee 4096
800255f2 4096
8001c14a 4096
8001c146 4096
800255f6 4096
800255fa 4096
800255fe 4096
80025602 4096
80016e2a 4096
80021480 4096
8002560a 4096
8002560e 4096
8002147e 4096
80025612 4096
8002147a 4096
80025616 4096
8001d10a 4096
8002250e 4096
8002038c 4096
8001ec72 4096
8002123e 4096
8001aa44 4096
8001d122 4096
8001d116 4096
8001d10e 4096
80021242 4096
8001d106 4096
8001ec84 4096
8001d102 4096
8001d0ee 4096
8001d0ea 4096
8001d0e6 4096
8001d0e2 4096
8001ec88 4096
8001aa64 4096
8001bb7a 4096
8001bb76 4096
8001bb72 4096
8001aa72 4096
8001aa70 4096
8001aa6c 4096
8001aa68 4096
8001d13a 4096
8001d0de 4096
8002124a 4096
8001ec6a 4096
8001aa58 4096
8001aa50 4096
80021246 4096
8001ec6e 4096
8001aa48 4096
8001ece4 4096
8001aa0a 4096
8001aa06 4096
8001aa02 4096
80021236 4096
8001ecdc 4096
8001a9fa 4096
80021232 4096
8001a9f6 4096
8001aa14 4096
8001a9f2 4096
8001d0ca 4096
8001a9ee 4096
8001ecea 4096
8001d0c6 4096
8001d0c2 4096
80018e80 4096
80018eb8 4096
8001d0da 4096
8002123a 4096
8001d0d6 4096
8001aa34 4096
8001d0d2 4096
8001ec98 4096
8001d0ce 4096
8001aa2c 4096
8001bb8e 4096
8001ecc8 4096
8001aa28 4096
8001aa24 4096
8001aa20 4096
8001aa1e 4096
8001aa18 4096
8001eccc 4096
8001dd22 4096
8001f2f8 4096
8001dd0e 4096
8001dd12 4096
8001dd16 4096
800224fe 4096
8001dd1a 4096
80017ef4 4096
8001dd1e 4096
8001dd0a 4096
8001ab72 4096
80022502 4096
8001ab6c 4096
8001ab68 4096
8001ab64 4096
8001ab48 4096
8001ab44 4096
8001f2fc 4096
800224fa 4096
8001dcf2 4096
80017ee4 4096
8001dcf6 4096
80017ee8 4096
8001dcfa 4096
80017eec 4096
80021258 4096
8001dd46 4096
80021254 4096
8001dcfe 4096
80017ef0 4096
80021250 4096
8001dd02 4096
8001dd06 4096
8002124e 4096
8001bbc6 4096
8001aae4 4096
8001bbea 4096
8001bbe2 4096
8002250a 4096
8001aadc 4096
8001bbce 4096
8001aad8 4096
8001bbca 4096
8001aae8 4096
8001aad2 4096
8001bbae 4096
8001bbaa 4096
8001bb9c 4096
8001f2ee 4096
8001bb96 4096
8001bb92 4096
8001f2f0 4096
8001ab3c 4096
8001ab38 4096
8001dd4c 4096
8001ab30 4096
8001ab24 4096
8001ab1c 4096
8001f2f4 4096
80019df4 4096
8001d0be 4096
8001ab10 4096
8001ab08 4096
8001ab04 4096
8001aafc 4096
80022506 4096
8001aaf8 4096
8001aaf0 4096
8001ed76 4096
80015c7e 4096
80015c7a 4096
80015c76 4096
80015c72 4096
80015c6e 4096
80015c6a 4096
8001ed68 4096
8001bf26 4096
80015c82 4096
8001bf2a 4096
8001ed88 4096
8001bf2e 4096
8001eda4 4096
8001edd0 4096
80027230 4096
80019fda 4096
8001edd4 4096
80015ca2 4096
80015ce2 4096
80015cde 4096
80015cda 4096
80015cd6 4096
80015cd2 4096
80015cce 4096
80015caa 4096
80015ca6 4096
8001eddc 4096
80015c9e 4096
80015c9a 4096
80015c96 4096
80015c92 4096
80015c8e 4096
80015c8a 4096
80015c86 4096
8001cffa 4096
80019f54 4096
80019ef0 4096
8001cfc4 4096
8001cfe6 4096
80019ef4 4096
8001cff2 4096
80019f38 4096
8001cff6 4096
8001bf4e 4096
8001c02e 4096
80019ad4 4096
80019f08 4096
8001d036 4096
800203ce 4096
80019f18 4096
8001c002 4096
800203d2 4096
8001bf36 4096
800203c2 4096
8001ede4 4096
800203c6 4096
8001bf3a 4096
800188b8 4096
8001ede8 4096
800203da 4096
80015ce6 4096
800188de 4096
80019ec8 4096
80019ecc 4096
80019f66 4096
80019ee4 4096
80019f5c 4096
80019ee8 4096
8001baee 4096
80019e00 4096
800199d6 4096
80017cb8 4096
80020396 4096
8002b95c 4096
8001bb10 4096
80017cb4 4096
8001bb06 4096
8001f2e4 4096
8001baea 4096
8001bae6 4096
8001bad2 4096
8001bace 4096
80017cac 4096
8001baca 4096
8002039e 4096
80019988 4096
8001d0ba 4096
8001d0ae 4096
8001d0aa 4096
8001d0a6 4096
8001d0a2 4096
80017cc0 4096
80019962 4096
8001f2ec 4096
8001babc 4096
8002038e 4096
8001c0a2 4096
8001999c 4096
80019de8 4096
80019df0 4096
8001f2e8 4096
80017cbc 4096
80019ff2 4096
80016794 4096
80016790 4096
800203e4 4096
8001bf1e 4096
8001a006 4096
8001ed4a 4096
8001ed50 4096
8001ed58 4096
8001a00e 4096
8001ed5c 4096
8001ed60 4096
80019fee 4096
80019fea 4096
800203ba 4096
80015cee 4096
80015cea 4096
800203ae 4096
8001bab6 4096
80017ca8 4096
8001bab2 4096
80015dba 4096
80019a38 4096
8001baa4 4096
8001baa0 4096
8001ba8c 4096
8001dcee 4096
8001a02e 4096
80019a4c 4096
8001a022 4096
800203b6 4096
8001a012 4096
80018d5e 4096
80018d4a 4096
800224ba 4096
80019a94 4096
80026212 4096
8002620e 4096
8002620a 4096
80019a9c 4096
80026206 4096
80026202 4096
8001bfa2 4096
80026216 4096
80019aa0 4096
8001bf8c 4096
8001796c 4096
8001bf88 4096
800261fe 4096
80017970 4096
8001bf7c 4096
800261fa 4096
80019f44 4096
80017934 4096
8001dc1a 4096
8001c030 4096
80019a74 4096
80026228 4096
8001c010 4096
8001dc1e 4096
80019a80 4096
8001bf78 4096
80026226 4096
8001794c 4096
8001dc22 4096
80026222 4096
8002621e 4096
8002621a 4096
80017d8c 4096
800261ce 4096
8001dc4c 4096
800261de 4096
800261da 4096
8001dc4e 4096
8001bf22 4096
800261d6 4096
800261d2 4096
8001797c 4096
8001bf3c 4096
8001cc14 4096
8001cc18 4096
800261ca 4096
8001cc3c 4096
8001cc68 4096
80017984 4096
80016c38 4096
800261ea 4096
800224be 4096
8001bf6c 4096
800261f6 4096
800261f2 4096
80017974 4096
8001bf5c 4096
800261ee 4096
8001bf58 4096
80017930 4096
8001dc4a 4096
800261e6 4096
8001bf4c 4096
80017978 4096
800261e2 4096
8001bf48 4096
80019ab0 4096
8001aa74 4096
80017ce6 4096
8001aa1c 4096
8001f318 4096
8001aa30 4096
8001f314 4096
8001aa4c 4096
8001ae84 4096
8001aa60 4096
8001bf40 4096
80017cde 4096
80017890 4096
80017cc6 4096
80017894 4096
8001aea6 4096
8001aeaa 4096
80017cca 4096
80019ec6 4096
8001bf50 4096
8001af90 4096
80016e2e 4096
8001785c 4096
800199b4 4096
8001bf44 4096
800199c4 4096
8001f328 4096
80019a44 4096
80019ed8 4096
8001f324 4096
80015b84 4096
8001f320 4096
80017870 4096
80017cee 4096
8001f31c 4096
8001cb58 4096
80019a60 4096
8002722c 4096
80019a62 4096
80017900 4096
80017904 4096
80017908 4096
80016cee 4096
80017910 4096
80019f1c 4096
8001cb88 4096
80017918 4096
80017920 4096
80019f30 4096
80017924 4096
80017928 4096
8001792c 4096
80019a58 4096
80017898 4096
8001dbe6 4096
80019a48 4096
8001789c 4096
80017cd2 4096
8001dbea 4096
80017cd6 4096
8001f310 4096
80017dba 4096
8001dbee 4096
8001aeae 4096
8001dbf2 4096
80016d8e 4096
80027226 4096
80027228 4096
8001dbf8 4096
8001c10a 4096
80026102 4096
800260fe 4096
800260fa 4096
800260f6 4096
8001dcae 4096
800260f2 4096
800260ee 4096
8001dcb2 4096
80026106 4096
800260ea 4096
80021278 4096
800260e6 4096
80017ec8 4096
800260e2 4096
8001dcbe 4096
80021274 4096
800224ea 4096
80026126 4096
80017eb4 4096
80017eb8 4096
8001f300 4096
8001b080 4096
8001afd6 4096
8002612a 4096
80017ec0 4096
80026128 4096
800260de 4096
80026122 4096
8002611e 4096
8002611a 4096
80026116 4096
80026112 4096
8002610e 4096
8002610a 4096
80021260 4096
800260bc 4096
800260b8 4096
80021264 4096
800260b4 4096
800260b0 4096
80021262 4096
800260ac 4096
800260a8 4096
80021268 4096
800260a4 4096
8001dcea 4096
8002125c 4096
800224f2 4096
800224f6 4096
80017edc 4096
80017ee0 4096
80020382 4096
80021270 4096
800260da 4096
800260d6 4096
800260d4 4096
80017ecc 4096
800260d2 4096
800260ce 4096
8001dcd8 4096
80017eb0 4096
800260ca 4096
8002126c 4096
800260c6 4096
800260c2 4096
800224ee 4096
80017ed4 4096
800260c0 4096
800261ae 4096
80017dca 4096
800261b4 4096
800261b2 4096
80017998 4096
80019ac8 4096
80016c16 4096
80016c0e 4096
80019acc 4096
800261b6 4096
800261aa 4096
8001aff6 4096
800261a6 4096
800261a2 4096
8002619e 4096
8002619a 4096
800224c2 4096
800261be 4096
80017988 4096
800261c6 4096
80017dbe 4096
8001affe 4096
80016c34 4096
800261c2 4096
8001798c 4096
80017dc2 4096
80026196 4096
80017990 4096
80016c30 4096
80017dc6 4096
800261ba 4096
80016c2c 4096
8001affa 4096
80017994 4096
80017e98 4096
800224e2 4096
800224e6 4096
8001b08c 4096
8001afe2 4096
8001f30c 4096
80017cda 4096
8001afde 4096
8001f308 4096
800224de 4096
80017e9c 4096
8001afda 4096
80017ea0 4096
8001a002 4096
8001f304 4096
8001f302 4096
80017ea8 4096
8001afea 4096
800224c4 4096
80026192 4096
8002618e 4096
8002618a 4096
800224c6 4096
80026188 4096
800224ca 4096
8001b094 4096
8001bb12 4096
800224ce 4096
80017e2c 4096
800224d2 4096
800224d6 4096
800224d8 4096
800224da 4096
8001afe6 4096
8001cbb0 4096
800234b6 4096
80020218 4096
80029846 4096
80020204 4096
80029842 4096
80017dea 4096
800234ba 4096
8002983e 4096
8002984a 4096
8002983a 4096
80029836 4096
80029832 4096
8002982e 4096
8002982a 4096
8001cb90 4096
80029826 4096
8001cb8c 4096
80029866 4096
800234a6 4096
80029872 4096
8002986e 4096
800234aa 4096
800234ae 4096
80017d2c 4096
8001ab5c 4096
8002986a 4096
800234be 4096
80029862 4096
8002985e 4096
8002985a 4096
80029856 4096
80029852 4096
8002984e 4096
800234b2 4096
8001bb0a 4096
80029806 4096
8001cb54 4096
8001baae 4096
80029802 4096
800297fe 4096
8001bb02 4096
800297fa 4096
800234ca 4096
8001baa8 4096
80018f4a 4096
8001575a 4096
8001f1dc 4096
8001f1de 4096
8001f1e2 4096
8001f1e6 4096
8001f1ea 4096
800297f6 4096
80029812 4096
80029822 4096
8001cb84 4096
800234c2 4096
80029820 4096
8001cb80 4096
8002981e 4096
8002981a 4096
80029816 4096
80029876 4096
8001cb64 4096
80018f3a 4096
8002980e 4096
8001cb60 4096
800234c6 4096
8002980a 4096
8001cb5c 4096
8001cc64 4096
8001cc74 4096
80022452 4096
8001cc70 4096
8001f17a 4096
80017dfe 4096
8001cc6c 4096
80022454 4096
80026624 4096
8001afca 4096
80018a38 4096
80026620 4096
80023482 4096
8001af8e 4096
8001af64 4096
8001afce 4096
8001f17c 4096
8001cc44 4096
8001cc94 4096
8002243e 4096
8001cca0 4096
80022442 4096
80020ef0 4096
8001cc9c 4096
80023476 4096
80022446 4096
8002662c 4096
80015752 4096
8002347a 4096
8002347e 4096
8001cc90 4096
8002244a 4096
8002244e 4096
80026628 4096
8001afc6 4096
80029894 4096
8001af6e 4096
80023492 4096
80023496 4096
8002349a 4096
8001cc10 4096
8002349e 4096
80017df2 4096
800234a2 4096
80017df6 4096
80029892 4096
8002988e 4096
8002988a 4096
80029886 4096
80029882 4096
8002987e 4096
8002987a 4096
8001aeb2 4096
8002661c 4096
8001cc40 4096
80017dfa 4096
80020ef4 4096
8001cc38 4096
8001f17e 4096
8001af6a 4096
8002a3a2 4096
800297f4 4096
80023486 4096
80017dce 4096
8002661a 4096
80015756 4096
8001cc34 4096
8002348a 4096
8002348e 4096
8001f276 4096
80017964 4096
8001795c 4096
80017940 4096
8002974a 4096
80029746 4096
80029742 4096
80029740 4096
80016c12 4096
80020efc 4096
8001f27a 4096
8002973e 4096
8002973a 4096
80029736 4096
80029732 4096
8002972e 4096
8002972c 4096
80029728 4096
80025498 4096
8002976e 4096
8002a39e 4096
8002976a 4096
8001d0a0 4096
80029766 4096
8001f272 4096
80029762 4096
80028756 4096
80029724 4096
80028758 4096
8002975a 4096
8002875c 4096
80029756 4096
80029752 4096
8002974e 4096
8001799a 4096
8001790c 4096
80016c1e 4096
80017980 4096
80020f00 4096
80028768 4096
80016c22 4096
8001791c 4096
8002876c 4096
80017914 4096
80028764 4096
80015766 4096
8002a39a 4096
800234e0 4096
8001782a 4096
80020f04 4096
80017dd6 4096
80028770 4096
80028774 4096
80017884 4096
80029720 4096
8001f27c 4096
8002971c 4096
80029718 4096
80028760 4096
80029714 4096
800234de 4096
8001788c 4096
8001f26e 4096
80017868 4096
80017844 4096
8001783c 4096
80017816 4096
80016c1a 4096
8001aafe 4096
80029710 4096
8001bc02 4096
8001f20a 4096
8001f20e 4096
8001f212 4096
8001f216 4096
8001bbb2 4096
8001bbe6 4096
8001bbfe 4096
80018f4e 4096
8001575e 4096
8001bc06 4096
8001bc10 4096
80017de2 4096
80018f56 4096
8001f21a 4096
8001f21e 4096
8001f222 4096
8001f226 4096
8001cb3e 4096
8001f1ee 4096
8001f1f2 4096
8001af86 4096
800167e6 4096
8001cb46 4096
800234ce 4096
8001cb42 4096
8001f1f6 4096
800234d2 4096
8001f1fa 4096
8001f1fe 4096
8001f202 4096
8001af8a 4096
800167f2 4096
8001f206 4096
8001f208 4096
80029782 4096
80029796 4096
80029794 4096
80029792 4096
8001f25e 4096
8002978e 4096
8002978a 4096
8001f262 4096
80029786 4096
80020ef8 4096
8002977e 4096
8001f266 4096
8002977a 4096
80016c0a 4096
8001f26a 4096
80029776 4096
80029772 4096
8001f246 4096
8001f22a 4096
8001f22e 4096
8001f232 4096
8001f236 4096
8001f23a 4096
8001f23e 4096
8001f242 4096
800234d6 4096
80017e02 4096
80015762 4096
8001f24a 4096
8001f24e 4096
8001f252 4096
800234da 4096
8001f256 4096
8001f25a 4096
8002b854 4096
8002764a 4096
8002b850 4096
800250f4 4096
8001edbc 4096
8001edc0 4096
80026688 4096
800250f8 4096
8002764e 4096
800250f0 4096
800250fc 4096
8001af96 4096
80026684 4096
8001edc4 4096
80026680 4096
8001f12a 4096
8001edc8 4096
80025100 4096
80020ee4 4096
8001edac 4096
8001aa5c 4096
8002763e 4096
80020ee0 4096
80026690 4096
80027642 4096
8001576e 4096
8001edb0 4096
80025104 4096
8001edb4 4096
80027646 4096
8002b84c 4096
800250ea 4096
800250ec 4096
8001edb8 4096
8002668c 4096
8002b87a 4096
80025114 4096
80027656 4096
80026668 4096
80025116 4096
80026664 4096
80027658 4096
8001edd8 4096
80025118 4096
8002b876 4096
8002511c 4096
80025120 4096
80025124 4096
80026660 4096
80025128 4096
8002b87c 4096
8002512c 4096
80015d62 4096
8001afa6 4096
80027652 4096
8002b858 4096
8001f12e 4096
8002667c 4096
80026678 4096
8001edcc 4096
8002b85c 4096
80025108 4096
8002763a 4096
8002b860 4096
8002b872 4096
80026674 4096
8002510c 4096
80025110 4096
80026670 4096
8002666c 4096
80025080 4096
80016c26 4096
8001f10c 4096
80025070 4096
80025074 4096
80015cb2 4096
80025078 4096
8002507c 4096
80015cb6 4096
8002506c 4096
80025084 4096
8001ed8c 4096
8001f110 4096
80025088 4096
8001ed90 4096
80015cba 4096
8002508a 4096
80015cbe 4096
80025060 4096
80025054 4096
8001d006 4096
80025058 4096
8001d002 4096
8002505c 4096
8001cffe 4096
80015c66 4096
8001cfec 4096
8002508c 4096
8001f108 4096
8001cfe2 4096
80025064 4096
80025068 4096
8001cfd8 4096
80015cae 4096
8001cfc8 4096
8001f126 4096
8001aeea 4096
8001aefa 4096
8001f11a 4096
8001aefe 4096
8001f11e 4096
8001eda0 4096
8001af02 4096
8001f122 4096
8001ed9c 4096
8001f128 4096
80020edc 4096
8001eda8 4096
80027636 4096
80023466 4096
8001aa54 4096
80026694 4096
8002669c 4096
80015cc2 4096
80015cc6 4096
8001574e 4096
8001ed94 4096
80015cca 4096
8001aa0c 4096
8002b932 4096
800266a0 4096
8002765a 4096
8001f114 4096
80019e68 4096
80026698 4096
8001ed98 4096
8001aeda 4096
8001f116 4096
80020ed8 4096
8001f15a 4096
80029914 4096
80029910 4096
8001f152 4096
8002990c 4096
80029908 4096
8001f156 4096
80029906 4096
80029904 4096
8001f14e 4096
80029900 4096
800298fc 4096
8001f15e 4096
8001f162 4096
8001f166 4096
8001f16a 4096
80019f04 4096
8001f16e 4096
8002992c 4096
8002994c 4096
80029948 4096
80029944 4096
80029940 4096
8002993c 4096
80029938 4096
80029934 4096
80029930 4096
8001afc2 4096
80029928 4096
80029924 4096
80029920 4096
8002991c 4096
8001f14a 4096
8002991a 4096
80029918 4096
80026630 4096
8002b956 4096
80026634 4096
8002b95e 4096
8002b966 4096
8002b96a 4096
8002b982 4096
8002b992 4096
8002b99a 4096
80026638 4096
8002b9c2 4096
8002b9c6 4096
8002b9ca 4096
8002b9ce 4096
8002b9d0 4096
8002243a 4096
8001ccae 4096
8002b93a 4096
8001f172 4096
80019ad6 4096
8001f176 4096
8002346e 4096
8001aeba 4096
80023472 4096
80019f0c 4096
8002b936 4096
80029950 4096
8002663c 4096
80017ed8 4096
80017ed0 4096
80019f10 4096
80017eac 4096
8002b94a 4096
80017e94 4096
80019ed4 4096
80019ed0 4096
8002515c 4096
8002b882 4096
80025160 4096
8002b886 4096
80026650 4096
80025164 4096
80025168 4096
80025158 4096
8002516c 4096
80025170 4096
80025174 4096
80025178 4096
8002664c 4096
8002b88a 4096
80026648 4096
8002517c 4096
80025144 4096
80025130 4096
80025134 4096
80025138 4096
8002513c 4096
8002665c 4096
80026658 4096
8002b87e 4096
80025140 4096
80015d76 4096
80025148 4096
8002514c 4096
80025150 4096
80026654 4096
80020ee8 4096
80025154 4096
8001ede0 4096
8001f13e 4096
8002b8d0 4096
80026644 4096
80026640 4096
8002346c 4096
8001f132 4096
8001f136 4096
80019ef8 4096
8001f13a 4096
80026646 4096
8001f142 4096
80019efc 4096
8001f146 4096
8002995e 4096
8002995c 4096
80029958 4096
80029954 4096
8002518a 4096
80025180 4096
80019edc 4096
8001edea 4096
8002b892 4096
80025184 4096
80025188 4096
80019ee0 4096
8002346a 4096
8002975e 4096
8002b8ae 4096
8002b8b6 4096
80020eec 4096
8002b8be 4096
80017e06 4096
8002b8c6 4096
8002b8ca 4096
80023568 4096
8002773a 4096
80017888 4096
8002355c 4096
80023560 4096
80023564 4096
80023566 4096
80020daa 4096
8001d1c8 4096
80018f36 4096
80023558 4096
800201e0 4096
8002773e 4096
800168ae 4096
8002356c 4096
80018f3e 4096
800201e4 4096
80027742 4096
80023570 4096
8002a9d2 4096
80023552 4096
800203b2 4096
8002a9be 4096
8002a9c2 4096
8002a9c6 4096
800199cc 4096
8002a9ca 4096
8002a9ce 4096
800199d4 4096
80023574 4096
800203ca 4096
80027736 4096
80017878 4096
800168a6 4096
8001787c 4096
800201dc 4096
80017880 4096
80023554 4096
80019e14 4096
80023584 4096
80023588 4096
800178fc 4096
80019e62 4096
80019e4e 4096
80019e3a 4096
80019e26 4096
80017926 4096
80018f7a 4096
80017d2a 4096
80019e0a 4096
80017954 4096
800201fc 4096
80017958 4096
80017960 4096
80017968 4096
8002774e 4096
80017826 4096
8001afee 4096
800201ec 4096
80023578 4096
80020dae 4096
800203e2 4096
8002a372 4096
80027746 4096
8002357c 4096
8001d140 4096
800201d8 4096
8002774a 4096
8002a366 4096
8002a376 4096
8002a362 4096
800201f4 4096
8002a35e 4096
80018f52 4096
80023580 4096
800199b0 4096
80026580 4096
8002771e 4096
8002a9aa 4096
800201c4 4096
8002657c 4096
80027722 4096
80026578 4096
800201c8 4096
80018e84 4096
80023548 4096
8002a37a 4096
80020f20 4096
800201cc 4096
8002a9ae 4096
8002a9b2 4096
80027726 4096
8002772a 4096
800201d0 4096
800199a8 4096
80026594 4096
80027716 4096
80026590 4096
800199a4 4096
800287ec 4096
8002a9a2 4096
800287f0 4096
800287f4 4096
8002771a 4096
80026574 4096
800287f6 4096
8002a9a6 4096
8002658c 4096
800199ac 4096
80026588 4096
800201c0 4096
80026584 4096
80020f1c 4096
80027732 4096
8002654e 4096
8001c10e 4096
8002654a 4096
8001c12e 4096
80020386 4096
80026546 4096
80026542 4096
8002653e 4096
8002653a 4096
800168a2 4096
8002039a 4096
80023550 4096
80026536 4096
8002b88e 4096
800203a0 4096
8002a9ba 4096
800203a6 4096
800199c0 4096
8001689e 4096
800199b8 4096
80026570 4096
8002a36e 4096
80020f24 4096
8002656c 4096
8002354c 4096
80026568 4096
80026566 4096
8002a35a 4096
80026564 4096
8002655c 4096
8002a9b6 4096
80026558 4096
8002a36a 4096
80026554 4096
8002772e 4096
80026552 4096
8002359c 4096
80023594 4096
80029368 4096
80029364 4096
80023598 4096
80029362 4096
80017d1e 4096
80019ff6 4096
8001574a 4096
8002a472 4096
8002936c 4096
8001ba90 4096
8001baaa 4096
8001bb70 4096
8001bb9a 4096
8001bb9e 4096
8001bba2 4096
8002a476 4096
8001bac6 4096
8002938c 4096
800293a8 4096
80015746 4096
800293a4 4096
800293a0 4096
8002939c 4096
80029398 4096
80029394 4096
80029390 4096
8002938e 4096
8001bad6 4096
80029388 4096
80029384 4096
80029380 4096
8002937c 4096
80029378 4096
80029374 4096
8001cb2a 4096
80029370 4096
8002129c 4096
800212ac 4096
8001bbda 4096
800212a8 4096
800212a4 4096
8001d1a8 4096
8001bbf6 4096
8001bbfa 4096
8001d1ac 4096
800212a0 4096
8001c16c 4096
8001afba 4096
8001d1b0 4096
8001ab70 4096
8001bc0a 4096
8001d1b4 4096
8001afa2 4096
8002a47a 4096
800277c0 4096
800212b6 4096
8001a00a 4096
800235a0 4096
80017d1a 4096
800212b8 4096
8001bbb6 4096
80019a6c 4096
8001bbba 4096
800235a4 4096
800293ac 4096
800235a8 4096
800212b4 4096
8001a026 4096
80016e00 4096
8001af9a 4096
8001af9e 4096
800212b0 4096
8001bbd6 4096
8001cbae 4096
8001b0bc 4096
8001b0ce 4096
8001cc0e 4096
8002a41e 4096
8002a42a 4096
800167a6 4096
80015b80 4096
8002a42e 4096
8002b99e 4096
8001cc3a 4096
80020f26 4096
80015d58 4096
80015d84 4096
80015d8c 4096
8001cb5a 4096
8002a45e 4096
8002a462 4096
80015db0 4096
8002a346 4096
8002a356 4096
80020e86 4096
8002a352 4096
80027752 4096
8002a34e 4096
8002a34a 4096
80020eb2 4096
80027756 4096
80019ac4 4096
8002a342 4096
8002a33e 4096
8002a33a 4096
80027758 4096
8002358c 4096
8002a402 4096
80023590 4096
80017d22 4096
800293c4 4096
800293dc 4096
8001570a 4096
800293d8 4096
8001570e 4096
800293d4 4096
8001cb3a 4096
800293d0 4096
800293cc 4096
800293c8 4096
800293e0 4096
800293c0 4096
800293bc 4096
8001cb36 4096
800293b8 4096
8001573a 4096
800293b4 4096
8001573e 4096
800293b0 4096
80029400 4096
80015626 4096
8001562a 4096
8001562e 4096
8001563a 4096
8001563e 4096
800156fe 4096
80015702 4096
80029402 4096
80026560 4096
800293fc 4096
800293f8 4096
800293f4 4096
800293f0 4096
800293ec 4096
800293e8 4096
800293e4 4096
8002a46a 4096
800276c6 4096
80020dc4 4096
800276e6 4096
80020de8 4096
800276e4 4096
800276e2 4096
800276de 4096
800276da 4096
80020314 4096
800276d6 4096
800276d2 4096
800287b0 4096
800276ce 4096
800276ca 4096
8002b9ba 4096
800287ac 4096
800287e8 4096
800287a8 4096
800276be 4096
8002a932 4096
80017d92 4096
800276ba 4096
80020310 4096
800265b4 4096
800265b8 4096
800287a4 4096
80017d96 4096
800287b8 4096
8002019e 4096
80027702 4096
8002019a 4096
80015770 4096
8002251a 4096
800287c0 4096
80020196 4096
8001bf9c 4096
800287bc 4096
8001bf98 4096
8001aa38 4096
800276fe 4096
8001bf68 4096
8002b9a6 4096
800276fa 4096
800287b4 4096
800265b0 4096
800276f6 4096
8001d0cc 4096
8001685c 4096
8001bf32 4096
800276f2 4096
800276ee 4096
8002251c 4096
800276ea 4096
80020318 4096
80028784 4096
80017db2 4096
8002a38e 4096
800202dc 4096
800178fa 4096
80020f0c 4096
80020e04 4096
8002a392 4096
80020e0c 4096
80017db6 4096
800202d8 4096
80019fde 4096
80017db8 4096
80020ec0 4096
8001576a 4096
80020f08 4096
800202d4 4096
800202d0 4096
8002a396 4096
800202c8 4096
80028782 4096
80028780 4096
800202b4 4096
8002877c 4096
80017dd2 4096
80028778 4096
800202b0 4096
80019f24 4096
800287a0 4096
8001aa3c 4096
800276b8 4096
8002030c 4096
800202fc 4096
80017d9e 4096
800265ba 4096
800202f8 4096
800202f4 4096
8002879c 4096
80028798 4096
80017da2 4096
80017da6 4096
800276c2 4096
800265bc 4096
8001aa40 4096
80028794 4096
80028790 4096
800202ec 4096
800202e8 4096
80017daa 4096
8002878c 4096
80028788 4096
800202e0 4096
80020e26 4096
80019f4c 4096
800265ac 4096
800287d8 4096
800201aa 4096
8002770e 4096
8001687a 4096
8002a99a 4096
800201ae 4096
8002a37e 4096
8002659c 4096
8001c0a0 4096
8001997c 4096
80018998 4096
80027712 4096
80020f10 4096
800287cc 4096
800201b4 4096
8002a38a 4096
800287dc 4096
80022516 4096
80020f18 4096
800265a0 4096
80020f14 4096
8002a99e 4096
8002a382 4096
80018eca 4096
800287c4 4096
8001c020 4096
800287e0 4096
80027706 4096
800201a2 4096
8001686e 4096
80019974 4096
80016882 4096
800287c8 4096
8002770a 4096
800287d4 4096
80019990 4096
800265a4 4096
800265a8 4096
800287d0 4096
80026598 4096
800287e4 4096
80016876 4096
80013a38 4224
80013ac8 4224
80013a28 4224
80013a2c 4224
80013a34 4224
80013a30 4224
80013ad0 4224
80013acc 4224
80002298 4731
8000229a 4731
80013a22 4928
800139fc 4928
80013a26 4928
80013a1a 4928
80013a02 4928
80013a1e 4928
80013a00 4928
80013a16 4928
800139f4 4928
800139f8 4928
80002516 4978
8003fec0 5544
8003fe42 5544
8003feb8 5544
8003fcde 5544
8003fec4 5544
8003fc26 5544
800404f8 5544
8003fc22 5544
800400fa 5544
8003fce6 5544
8003febc 5544
8003fb72 5544
8003fef8 5544
8003fcd8 5544
8003fce2 5544
800400f2 5544
800401be 5544
8003fec8 5544
8003fb50 5544
8003fb22 5544
8003fe5a 5544
8003fe56 5544
800404e4 5544
8003fb56 5544
8003fe52 5544
80040492 5544
8003fe4e 5544
8003fcf2 5544
8003fcea 5544
8003fe4a 5544
800404ec 5544
8003fbaa 5544
80040136 5544
8003fbae 5544
8003fe46 5544
8003fbb2 5544
8003fb46 5544
8003fea4 5544
8003feb4 5544
8003fb12 5544
8003fb08 5544
8003feb0 5544
8003fb6e 5544
8003feac 5544
8003fa00 5544
8003fea8 5544
8003fba2 5544
8003fe9e 5544
8003fb66 5544
8003fb60 5544
8003fe92 5544
8003fb5c 5544
8003fe8e 5544
800402f2 5544
800404d0 5544
8003fc76 5544
8004005a 5544
8003f9e2 5544
80040506 5544
8003fc8e 5544
8003fcc8 5544
8003fc7a 5544
80040538 5544
80040514 5544
8003fc92 5544
8004042e 5544
8003fb78 5544
8003fc72 5544
8003fb98 5544
8004018a 5544
8003fc5e 5544
8003fb9c 5544
8004050c 5544
8003f9da 5544
80040176 5544
8003fcba 5544
8004001c 5544
80040468 5544
8004054c 5544
8004042a 5544
80040406 5544
800400fe 5544
8003ffe0 5544
8003fca6 5544
8003fca2 5544
8003fc9e 5544
8003f9de 5544
80040106 5544
8003fcbe 5544
8003fb8a 5544
8003fcc2 5544
8003f9fc 5544
8003fb86 5544
800402de 5544
8003fc50 5544
80040488 5544
8003fa9c 5544
8003faa0 5544
8003fb8c 5544
8003fb14 5544
800401b6 5544
8003fb32 5544
8004053e 5544
800404c4 5544
8003ff08 5544
8003fb90 5544
8003fb96 5544
8003faa4 5544
8003fefc 5544
8003fd12 5544
8003f9e6 5544
8004044a 5544
8003ffa0 5544
80040192 5544
8003fb54 5544
800402d6 5544
80040414 5544
8003fa98 5544
80040546 5544
8003fb36 5544
8003fb26 5544
8003fb7a 5544
8003fcce 5544
8003fc54 5544
80040466 5544
8004022e 5544
8003fd52 5544
800403d6 5544
8003fd5a 5544
8003f9ee 5544
80040402 5544
8003fa70 5544
8003fd56 5544
80040454 5544
8003fb1e 5544
8003fad0 5544
80040262 5544
8003fd4e 5544
8003fbca 5544
8003fb62 5544
8003fd4a 5544
800400da 5544
80040082 5544
80040484 5544
8004002c 5544
8003fd46 5544
8003fbc2 5544
80040296 5544
800402aa 5544
8003fd66 5544
800402b2 5544
8003ffe8 5544
8004031e 5544
80040326 5544
800401d6 5544
80040372 5544
800403de 5544
8003fd62 5544
800403ba 5544
8003fbc6 5544
8003fd5e 5544
8004038e 5544
80040396 5544
8003fc12 5544
8004039e 5544
8003fd2e 5544
8003fb3c 5544
8003fd26 5544
8003fd2a 5544
8003fb84 5544
8003fb02 5544
8003fbea 5544
8003fa38 5544
8003fd32 5544
8003fa3c 5544
80040426 5544
8003fa5c 5544
8003fa58 5544
8003fbee 5544
8003fa60 5544
800400d6 5544
8003fa50 5544
8003fa54 5544
8003fb0a 5544
8004010a 5544
800403e6 5544
8003fd42 5544
8003fd3e 5544
8003fd3a 5544
800404f6 5544
8003fa48 5544
80040018 5544
8003fafe 5544
8003fbd6 5544
800400ca 5544
8004037e 5544
8003fbda 5544
80040086 5544
8003fb0e 5544
8003fbde 5544
8003fd36 5544
8003fa44 5544
8003fa40 5544
8003fb1c 5544
8003fdf6 5544
8003fa34 5544
8003fbb6 5544
8003fdee 5544
8003fa4c 5544
8003fb2c 5544
8003fdea 5544
8003fde6 5544
800404ae 5544
8003fb40 5544
8003fde2 5544
8003fb18 5544
8003fb04 5544
8003fa04 5544
8003fdc2 5544
8003fafc 5544
8003faf8 5544
8003faf4 5544
8003fadc 5544
8003fe12 5544
8003fe3e 5544
8003fb4a 5544
80040438 5544
8003fe3a 5544
8003fe36 5544
8003fe26 5544
8003fe1a 5544
8003fe16 5544
8003fd02 5544
8003fad4 5544
80040510 5544
8003fb44 5544
8004013a 5544
8003fbfe 5544
8003fe0e 5544
8004009e 5544
8003fe0a 5544
800401ea 5544
80040206 5544
8003fc1c 5544
8003fa7c 5544
8003fd7e 5544
8003f9ea 5544
8003fff0 5544
8003fd7a 5544
800401d2 5544
800401da 5544
800401fe 5544
8003fa80 5544
8004021a 5544
80040246 5544
8003fd76 5544
80040166 5544
8004024e 5544
8003fc18 5544
8004026a 5544
8004028e 5544
8003fdb6 5544
8003facc 5544
8003fdbe 5544
8003fac0 5544
8003fabc 5544
8003fab8 5544
8003fff8 5544
8004013e 5544
80040024 5544
8003fdba 5544
800404a4 5544
800402fa 5544
8003fd8a 5544
8003faac 5544
8003fd0e 5544
80040534 5544
8003fa90 5544
8003fa8c 5544
8003fa88 5544
80040146 5544
8004046c 5544
8003fc6c 5544
8003fc70 5544
80040044 5544
80040474 5544
80040142 5544
8004037a 5544
8004024a 5544
8003fc7c 5544
8004026e 5544
800404b2 5544
80040376 5544
80040272 5544
8003fc84 5544
80040362 5544
8004014e 5544
8003fcc4 5544
80040152 5544
80040276 5544
8004035e 5544
800400b2 5544
80040242 5544
800402da 5544
8004004c 5544
80040048 5544
8003fc56 5544
8003fd6a 5544
8004015a 5544
80040236 5544
8003fc5a 5544
8004023a 5544
8004023e 5544
8003ffaa 5544
800404b6 5544
8004015e 5544
8003fd16 5544
8003fc60 5544
8003fc64 5544
8003ffa6 5544
80040162 5544
80040014 5544
8003fc68 5544
800402a6 5544
8004030e 5544
800403a2 5544
8004029e 5544
800402a2 5544
8004030a 5544
8004049e 5544
8004033a 5544
800404bc 5544
80040306 5544
800402ee 5544
8004029a 5544
8004033e 5544
800404c0 5544
800402ae 5544
800402e6 5544
800402e2 5544
8003fd20 5544
800402d2 5544
8003fd24 5544
800400ce 5544
80040346 5544
80040356 5544
80040352 5544
8004036a 5544
8004034e 5544
8004027a 5544
80040156 5544
8004027e 5544
8004034a 5544
80040282 5544
80040286 5544
8003fa74 5544
8004028a 5544
80040342 5544
80040292 5544
80040316 5544
80040332 5544
80040312 5544
8004044c 5544
80040336 5544
8003ffc6 5544
80040442 5544
8004047e 5544
8004012e 5544
8003fa0c 5544
800401a8 5544
8004047a 5544
8003fbf4 5544
8003fa14 5544
8003fbf6 5544
80040132 5544
8003fbfa 5544
8004012a 5544
8003fc04 5544
80040422 5544
8003fc08 5544
80040412 5544
8004045a 5544
8004040a 5544
8003fc0a 5544
800403f6 5544
800403f2 5544
8004017a 5544
8003fcac 5544
800404ce 5544
800400b6 5544
80040112 5544
8003fba4 5544
8003ffd8 5544
800400b0 5544
8003ffd0 5544
8003fbb8 5544
800400ac 5544
80040122 5544
800403ea 5544
800400a4 5544
8003fbe0 5544
80040554 5544
80040126 5544
80040496 5544
8003fd86 5544
8003fa08 5544
8004009a 5544
8003fcb0 5544
8003fc38 5544
8004036e 5544
800401ce 5544
8003fa30 5544
80040058 5544
8003fc28 5544
800403b2 5544
8003fd06 5544
8003fc2c 5544
800404c6 5544
8003fc34 5544
8003fc1e 5544
8003fc42 5544
8003fd0a 5544
8003fc48 5544
8003fa64 5544
8003fd72 5544
80040050 5544
8003fc4c 5544
8003fd6e 5544
800401e6 5544
80040458 5544
800403e2 5544
800403c2 5544
8003fa18 5544
80040382 5544
80040096 5544
8003fa1c 5544
80040072 5544
80040450 5544
8003fd82 5544
8003fa20 5544
800402ce 5544
8003fc0e 5544
80040462 5544
8004017e 5544
80040034 5544
80040182 5544
8003fa24 5544
8003fa28 5544
80040186 5544
8003fa2c 5544
80040532 5544
8003fb3a 5544
80040542 5544
800402f6 5544
8003fbc0 5544
8003ff94 5544
8003fb4e 5544
80040418 5544
800403c6 5544
8003fcee 5544
8004041c 5544
8003fccc 5544
8003fcf6 5544
8003fcfa 5544
8003ff9c 5544
8003fb5a 5544
800403ce 5544
80040430 5544
800402fe 5544
8003fcfe 5544
8003fbbc 5544
800400f0 5544
80040550 5544
8003fbf2 5544
8004052a 5544
8003fbe8 5544
8003fbe4 5544
8003fbd4 5544
8004052e 5544
8003fbd0 5544
8003fad8 5544
8003ffb6 5544
800402ea 5544
8003fd18 5544
8003fbcc 5544
8003fae8 5544
8003ff84 5544
800403b6 5544
800403fa 5544
8003ff8c 5544
8004054a 5544
800403be 5544
800403fe 5544
80040470 5544
80040420 5544
80040446 5544
800404d8 5544
8004031a 5544
8003ffca 5544
800404d4 5544
8003fffc 5544
8003ffd4 5544
8004048c 5544
80040434 5544
80040040 5544
8003ffbe 5544
8004035a 5544
8004032e 5544
8003ffba 5544
8004032a 5544
80040322 5544
8003ffec 5544
8004043c 5544
8003fff4 5544
800400a8 5544
8003fd1c 5544
8003fb68 5544
8004051e 5544
80040302 5544
8003ffc2 5544
800400ec 5544
8004045e 5544
8003fb6c 5544
800404e2 5544
8003ffdc 5544
800403ae 5544
800404ee 5544
8003fba8 5544
80040090 5544
8004040e 5544
8003ffe4 5544
8004008c 5544
80040476 5544
8003fb80 5544
800403ca 5544
8003fc8c 5544
800402c2 5544
800401ca 5544
80040028 5544
800402c6 5544
800401c6 5544
800401c2 5544
8004049a 5544
8003fcb2 5544
800402ca 5544
80040030 5544
800400ea 5544
8003ff50 5544
8003ffae 5544
800401ba 5544
8004006e 5544
8003fc80 5544
80040066 5544
8004003c 5544
8003ff54 5544
80040386 5544
8004053c 5544
800400e6 5544
80040266 5544
8004025e 5544
800402b6 5544
8003fcb6 5544
8004025a 5544
80040256 5544
8004043e 5544
800402ba 5544
80040252 5544
80040216 5544
8003fa84 5544
80040212 5544
8004020e 5544
8004020a 5544
800402be 5544
80040366 5544
800403d2 5544
800404e8 5544
80040202 5544
800401fa 5544
80040196 5544
8003fac4 5544
800401a2 5544
8004019e 5544
8003ffb2 5544
8003fac8 5544
800403ee 5544
8003fc30 5544
8003ff70 5544
8003ff74 5544
8004019a 5544
800401a6 5544
800404f2 5544
8004018e 5544
80040524 5544
800403a6 5544
8003ff78 5544
800403aa 5544
8003fc14 5544
8003fc00 5544
8003ff7c 5544
8003ff68 5544
80040482 5544
80040528 5544
8003ff58 5544
8004038a 5544
8003ff5c 5544
8003ff60 5544
8003fa94 5544
8004051a 5544
8003ff64 5544
800401b2 5544
8003fa10 5544
800401ae 5544
8003fc88 5544
8003ff6c 5544
8003fc44 5544
8003fc3e 5544
80040516 5544
800401aa 5544
8003fab4 5544
8003fc3a 5544
8003f9f0 5544
8003fee4 5544
8003ff88 5544
8003ff80 5544
80040490 5544
8003fdf2 5544
8004005e 5544
800401e2 5544
8003ff4c 5544
800401de 5544
8003f9f4 5544
8003fa68 5544
8003f9d6 5544
8004011a 5544
800400e2 5544
8003ff48 5544
8003fc98 5544
8003ff44 5544
8003fdde 5544
8003fee8 5544
8003fc9c 5544
80040172 5544
8004050a 5544
800404de 5544
8003fae4 5544
80040038 5544
8003fae0 5544
8003fab0 5544
8003fe06 5544
8003fc94 5544
8003faa8 5544
8003fed4 5544
8003fed8 5544
8003ff40 5544
8003fdfe 5544
800401f6 5544
8003fedc 5544
8003fa78 5544
800401f2 5544
8003fee0 5544
8003fdfa 5544
8003ff90 5544
8003fa6c 5544
8003ff14 5544
8003fdca 5544
8003ff0c 5544
8003fdc6 5544
8003fdb2 5544
8003ff10 5544
8003fdae 5544
8003fdaa 5544
8003ff2c 5544
8003fda6 5544
8004006a 5544
8003fdce 5544
8003ff18 5544
80040392 5544
8003fda2 5544
8003ff28 5544
800404a8 5544
8003ff1c 5544
8003ff24 5544
80040102 5544
8003fcda 5544
8003ff20 5544
8003fef4 5544
8003feec 5544
8004007e 5544
8003fdda 5544
8003fdd6 5544
8003ff3c 5544
80040062 5544
800404ac 5544
8003fcd2 5544
8003fef0 5544
8003ff38 5544
8003fe02 5544
8003ff34 5544
800401ee 5544
8003ff30 5544
800404a0 5544
8003fcd6 5544
8003fdd2 5544
8003ff00 5544
800400fc 5544
8003ff04 5544
80040002 5544
8004010e 5544
80040116 5544
8003fd96 5544
80040010 5544
8004000a 5544
8003fe86 5544
8004000c 5544
80040500 5544
80040006 5544
8003fe82 5544
8003fd9a 5544
8004011e 5544
8003fb92 5544
800400be 5544
8003fb7e 5544
8003fffe 5544
8004014a 5544
80040232 5544
8003fb74 5544
8003fe7e 5544
8003faec 5544
8004016a 5544
8003ff98 5544
8003fd92 5544
8003fca8 5544
8003fb9e 5544
800404fc 5544
8003fea2 5544
800400f6 5544
8003fd8e 5544
800400de 5544
800400ba 5544
8003fe9a 5544
8004039a 5544
800400d2 5544
8003fd9e 5544
8003f9f8 5544
80040076 5544
8003fe96 5544
800400a2 5544
80040020 5544
8003ffa2 5544
8003fe8a 5544
8003f9e8 5544
8003f9e4 5544
8004007a 5544
80040094 5544
8003fed0 5544
8003fe6e 5544
80040054 5544
80040520 5544
8003fe6a 5544
8004022a 5544
8003fe66 5544
800404ca 5544
8003fe62 5544
80040226 5544
80040222 5544
800403da 5544
8004021e 5544
8003fe5e 5544
800404da 5544
8003fe32 5544
8003fe2e 5544
8003fe2a 5544
8003fe22 5544
8003fe1e 5544
8003fb30 5544
8003fb28 5544
8003faf0 5544
80040502 5544
8003ffce 5544
8003fe7a 5544
8003fe72 5544
80040088 5544
800404ba 5544
8003fe76 5544
8004016e 5544
800400c6 5544
8003fecc 5544
800400c2 5544
80040ece 5588
80040f36 5588
80040ebe 5588
80040f8a 5588
80040f82 5588
80040fa0 5588
80040f90 5588
80040ed2 5588
80040f06 5588
80040f96 5588
80040f6e 5588
80040eda 5588
80040ede 5588
80040ed6 5588
80040ee2 5588
80040f26 5588
80040f0a 5588
80040eca 5588
80040f9a 5588
80040ec2 5588
80040eea 5588
80040ee6 5588
80040ec6 5588
80040f56 5588
80040efe 5588
80040f52 5588
80040f7e 5588
80040f12 5588
80040f02 5588
80040f3e 5588
80040f32 5588
80040f7a 5588
80040f6a 5588
80040eee 5588
80040f0e 5588
80040f1a 5588
80040f22 5588
80040f5a 5588
80040f5e 5588
80040f72 5588
80040f66 5588
80040f2e 5588
80040f76 5588
80040ef2 5588
80040f2a 5588
80040f62 5588
80040f46 5588
80040f42 5588
80040f16 5588
80040f92 5588
80040f3a 5588
80040f86 5588
80040f8e 5588
80040f9e 5588
80040f1e 5588
80040efa 5588
80040f4a 5588
80040ef6 5588
80040f4e 5588
800135ec 5632
80013628 5632
80012e24 5632
80012d54 5632
80014c28 5632
80012cf0 5632
80012d6c 5632
80012e20 5632
80012d50 5632
80014c24 5632
80014c34 5632
80012d4c 5632
80012cf4 5632
80012e1c 5632
80013604 5632
80012e14 5632
80012d58 5632
80013608 5632
80012d5c 5632
80012cec 5632
80012e18 5632
80012d68 5632
80012ce8 5632
80012d64 5632
80012d60 5632
80012ce4 5632
8001360c 5632
80012ce0 5632
80012d14 5632
80014bf8 5632
80014c3c 5632
80014c40 5632
8001361c 5632
80012d18 5632
80012cfc 5632
80014be4 5632
80014ffe 5632
80014c44 5632
800135e4 5632
80013620 5632
80013630 5632
80014c38 5632
80014c48 5632
80012d10 5632
80014c4c 5632
80014be0 5632
80014c54 5632
80012d00 5632
80014c50 5632
80012d0c 5632
80013624 5632
80012d08 5632
80012d04 5632
80012cf8 5632
80012d44 5632
80014c2c 5632
80012d40 5632
80012d3c 5632
80012cdc 5632
80012d38 5632
80012d34 5632
80012d30 5632
80013610 5632
80012d2c 5632
80012d28 5632
80014c20 5632
80012d48 5632
80014bdc 5632
8001362c 5632
80014c30 5632
80013614 5632
800135e8 5632
800150d8 5632
80012d24 5632
80013618 5632
80012d20 5632
80014c0c 5632
80012d1c 5632
80012dd4 5632
80013974 5632
80012cbc 5632
800135f4 5632
80012cb8 5632
80014bec 5632
80013970 5632
800135f8 5632
8001505a 5632
80014bf0 5632
80012cd0 5632
8001396c 5632
80014be8 5632
80014c64 5632
80012dd8 5632
80014bf4 5632
80014c74 5632
80012cb4 5632
80014bfc 5632
80012da8 5632
80012da4 5632
80014c00 5632
80012ddc 5632
80012de0 5632
80012cc8 5632
80012dc0 5632
80012dc8 5632
80015066 5632
80012cc4 5632
80014c6c 5632
80014c68 5632
80012dbc 5632
80015072 5632
800150d4 5632
80012db8 5632
80012dcc 5632
80012da0 5632
80012db4 5632
80013978 5632
80014c70 5632
80012db0 5632
80012cc0 5632
80012ccc 5632
80015076 5632
80012dd0 5632
80012dac 5632
80014c60 5632
80014c78 5632
80012d74 5632
80012df8 5632
80012d88 5632
80012d84 5632
80012ca0 5632
80012d80 5632
80012c9c 5632
80012cd8 5632
80012d7c 5632
80012d78 5632
80013600 5632
80012dfc 5632
80012ca4 5632
8001367e 5632
80012e00 5632
80014c10 5632
80012e04 5632
80012d70 5632
80012dc4 5632
80012e08 5632
80012e0c 5632
80014c14 5632
80014c18 5632
80014c1c 5632
80012df0 5632
80014c04 5632
80014c5c 5632
80012d9c 5632
800135fc 5632
80012de4 5632
80012d98 5632
80012de8 5632
80012dec 5632
80014bd8 5632
80013632 5632
80012d94 5632
80012e10 5632
80014c58 5632
80012cd4 5632
80014c08 5632
80012cb0 5632
80012d90 5632
80012cac 5632
80015210 5632
80012d8c 5632
80012ca8 5632
80012df4 5632
80012e90 5632
8004a980 5632
800137b6 5632
800137dc 5632
800136ee 5632
800136d6 5632
80012e80 5632
80012e84 5632
800137b2 5632
800136fa 5632
80012e86 5632
800136b4 5632
80012e8a 5632
80012e8c 5632
80012e8e 5632
8004a984 5632
80013694 5632
80012e92 5632
80013a94 5632
800136d2 5632
800136fe 5632
800137e0 5632
80013a90 5632
800136b8 5632
800137e4 5632
800136f2 5632
800136ce 5632
800137e8 5632
80015062 5632
800136f6 5632
800136e2 5632
8004a96e 5632
800137b8 5632
800135aa 5632
80013992 5632
80013750 5632
8004a966 5632
800137d8 5632
800135a6 5632
8001374c 5632
80013748 5632
80013868 5632
8004a962 5632
8001367a 5632
8001363a 5632
800136cc 5632
80013744 5632
800136de 5632
80013740 5632
8001506a 5632
8001373c 5632
80013738 5632
80013734 5632
80013730 5632
8001372c 5632
800136b0 5632
80013724 5632
80013684 5632
8004a98c 5632
8004a988 5632
8001365a 5632
80013800 5632
80013804 5632
800150d0 5632
800136a4 5632
80013806 5632
800136a8 5632
8001380a 5632
8001380e 5632
8001364e 5632
80013a88 5632
8001370e 5632
80013652 5632
80013656 5632
800136ac 5632
800136a0 5632
80013a84 5632
8001365e 5632
80013712 5632
8001371a 5632
80013662 5632
800150dc 5632
80015052 5632
800136bc 5632
80013666 5632
80013a0a 5632
80013716 5632
80013a06 5632
8001366a 5632
800136c0 5632
80013646 5632
8001505e 5632
800137ec 5632
800137f0 5632
80013642 5632
800136c8 5632
80013702 5632
800137f4 5632
80013672 5632
8001504e 5632
80013a8c 5632
800137f8 5632
80015078 5632
80013720 5632
8001371c 5632
8001506e 5632
80013698 5632
8001507c 5632
80015080 5632
800150ce 5632
8001369c 5632
800136c4 5632
80013706 5632
800137fc 5632
8001370a 5632
8001364a 5632
80013688 5632
8001366e 5632
80015056 5632
80013680 5632
80015026 5632
8001502a 5632
800135da 5632
8001378a 5632
8001502e 5632
80013896 5632
800135d6 5632
80013894 5632
80013892 5632
80015032 5632
800135d2 5632
8001388e 5632
8001388a 5632
80014c7a 5632
8001378e 5632
80013786 5632
800135ce 5632
80013886 5632
80013754 5632
80015036 5632
8001503a 5632
80014c7e 5632
8001503e 5632
800135ca 5632
80015042 5632
8001520a 5632
800135c6 5632
80013882 5632
800135c2 5632
8001387e 5632
80015012 5632
80013636 5632
80013760 5632
80015002 5632
80013764 5632
80013768 5632
8004a96a 5632
80015006 5632
8001376a 5632
8001500a 5632
800150de 5632
800137c8 5632
8001376e 5632
8001500e 5632
80013772 5632
80013792 5632
800150da 5632
8001377a 5632
80015016 5632
8001501a 5632
800135e2 5632
8004a972 5632
80013898 5632
8001377e 5632
8001501e 5632
8001397c 5632
80013782 5632
80015022 5632
800135de 5632
80013690 5632
80013676 5632
800137aa 5632
800137ae 5632
8001386e 5632
80013984 5632
800137bc 5632
800135b2 5632
8001386c 5632
8001375c 5632
80014ffa 5632
800137cc 5632
80012f22 5632
8004a976 5632
80012f24 5632
800135b6 5632
80013980 5632
800137d0 5632
80012f38 5632
80012f34 5632
80012f28 5632
8004a97a 5632
80012f30 5632
80012f2c 5632
8001520c 5632
8001504a 5632
8001398e 5632
800135be 5632
8001387a 5632
80015046 5632
8004a97e 5632
800135ba 5632
80013876 5632
8001398c 5632
80013988 5632
80013796 5632
800135ae 5632
80013872 5632
800137c0 5632
8001379a 5632
80013758 5632
800136e6 5632
8001379e 5632
800137a2 5632
800137d4 5632
800136ea 5632
800137a6 5632
8004a8a0 6683
8004a89c 6683
800460e4 7700
80045e18 7700
80046968 7700
800460dc 7700
80045e1c 7700
80045e64 7700
800460c2 7700
80046966 7700
800460e8 7700
80045e14 7700
80046120 7700
80045e7c 7700
80045e0e 7700
80046164 7700
8004613a 7700
80046142 7700
800460d4 7700
80045e74 7700
80046962 7700
80045e78 7700
80045f3a 7700
8004613e 7700
80045f22 7700
80045e70 7700
800460d0 7700
80045e6c 7700
8004695e 7700
800460e0 7700
80045e10 7700
80046958 7700
80045e5c 7700
80045e68 7700
80045e58 7700
800460cc 7700
80045eec 7700
80046954 7700
80045e20 7700
80045e2c 7700
800460c6 7700
80045e60 7700
80045e40 7700
80046930 7700
80046116 7700
80045e34 7700
80045e48 7700
80046112 7700
80045e24 7700
80045e28 7700
80045e30 7700
80045e38 7700
80045e3c 7700
8004611a 7700
80045e44 7700
80045e4c 7700
80046932 7700
80046936 7700
8004693a 7700
80045e50 7700
80045e88 7700
80045f0c 7700
80045f1e 7700
80046144 7700
80046160 7700
8004615c 7700
80046922 7700
80046158 7700
80046924 7700
80046154 7700
80046150 7700
8004614c 7700
80046148 7700
80045f2a 7700
80046136 7700
80046134 7700
80046130 7700
8004612c 7700
80046128 7700
80046928 7700
80046124 7700
8004692c 7700
8004611e 7700
80045ea8 7700
800460f6 7700
800460fa 7700
800460fe 7700
80046102 7700
80046106 7700
8004610a 7700
8004694a 7700
80045df6 7700
8004610e 7700
80045dfa 7700
800460da 7700
80045dfe 7700
80045e02 7700
80045e04 7700
80045e06 7700
800460f4 7700
8004694e 7700
80045e08 7700
800460f0 7700
80045e0a 7700
80045fd0 7700
80045f52 7700
80045f5e 7700
80045f62 7700
80045f66 7700
80045f72 7700
80045f9a 7700
80045fc0 7700
80045fcc 7700
80045e54 7700
800460ec 7700
8004693e 7700
80046016 7700
8004603e 7700
80046940 7700
8004604e 7700
80046062 7700
80046082 7700
800460ca 7700
80046944 7700
8004667a 7700
800466a6 7700
80045fba 7700
800463fa 7700
80046424 7700
80045fbe 7700
8004669e 7700
80046458 7700
8004645c 7700
80046464 7700
8004669a 7700
80045fc4 7700
80046468 7700
800463ee 7700
80046042 7700
800466aa 7700
80045fca 7700
80046676 7700
80046672 7700
8004603a 7700
8004666e 7700
8004666a 7700
8004648e 7700
8004664e 7700
8004664a 7700
80046646 7700
80045fd4 7700
8004663e 7700
80045fd8 7700
80046044 7700
80045f7e 7700
80045f88 7700
80045f8a 7700
80045f82 7700
80045f8e 7700
8004604c 7700
80045f90 7700
80045f94 7700
80045f96 7700
80046048 7700
80045f9c 7700
80045fa0 7700
80045fa2 7700
8004661e 7700
80045fa6 7700
800466fa 7700
80045fa8 7700
800466ee 7700
800466ea 7700
800466e6 7700
800466da 7700
80045fac 7700
80045fae 7700
800466ca 7700
80045fb4 7700
80045fb8 7700
800463f2 7700
8004655e 7700
80046502 7700
80045fe8 7700
8004600a 7700
80046006 7700
80046518 7700
80046592 7700
80046004 7700
8004658e 7700
8004658a 7700
80045fec 7700
80046000 7700
8004656a 7700
80046566 7700
80046596 7700
80045ff0 7700
800463d2 7700
8004655a 7700
80045ff2 7700
80045ffa 7700
8004653e 7700
800463d6 7700
8004653a 7700
80046536 7700
8004652e 7700
800463da 7700
80045ff6 7700
800463de 7700
80045fde 7700
8004661a 7700
80046038 7700
80046034 7700
80046612 7700
800463e2 7700
80046030 7700
8004602e 7700
80046026 7700
80046024 7700
80046020 7700
800463ce 7700
80045fdc 7700
8004601c 7700
80045f84 7700
8004601a 7700
8004660e 7700
80046012 7700
80046010 7700
800465ea 7700
80045fe2 7700
800464c0 7700
800465ba 7700
800464c8 7700
800464d0 7700
8004659a 7700
80045fe6 7700
8004600e 7700
80046086 7700
800460a4 7700
80045ecc 7700
800460a2 7700
80045ed0 7700
80046098 7700
80046094 7700
80046090 7700
80045ed4 7700
8004608c 7700
80046430 7700
80046088 7700
80045ed8 7700
8004642c 7700
80046428 7700
800460a8 7700
80045edc 7700
8004607e 7700
80045ee0 7700
80045ee4 7700
80045ee8 7700
80045ef0 7700
80045ef4 7700
80045ef8 7700
80045efc 7700
80045f00 7700
80045f04 7700
80045f08 7700
80046078 7700
80045eac 7700
80046970 7700
80045e80 7700
800460c0 7700
80046976 7700
80045e84 7700
80045e8c 7700
80045e90 7700
80045e94 7700
80045e98 7700
80045e9c 7700
80045ea0 7700
80045ea4 7700
8004697a 7700
80045f10 7700
80045eb0 7700
800460bc 7700
8004697e 7700
80045eb4 7700
80046988 7700
800460b8 7700
80045eb8 7700
80045ebc 7700
80045ec0 7700
80045ec4 7700
800460ae 7700
800460ac 7700
80045ec8 7700
800468d8 7700
800462b6 7700
8004690c 7700
80046058 7700
80046902 7700
800468fa 7700
800462be 7700
80046056 7700
80045f76 7700
80045f4e 7700
800468dc 7700
80045f54 7700
80045f58 7700
80045f5c 7700
80045f4a 7700
80045f68 7700
800468aa 7700
80045f6c 7700
80046052 7700
800468a4 7700
80046898 7700
80045f70 7700
80045f78 7700
80046868 7700
80045f7c 7700
800463fe 7700
80046848 7700
80046844 7700
8004606a 7700
80045f14 7700
80045f18 7700
80045f1c 7700
80045f26 7700
80046074 7700
80045f2c 7700
80045f30 7700
80046070 7700
80046984 7700
8004606c 7700
80045f34 7700
80045f36 7700
80045f3e 7700
8004696c 7700
80046980 7700
80046972 7700
80045f40 7700
80045f44 7700
8004695c 7700
80046066 7700
80046060 7700
80046952 7700
80046948 7700
80045f48 7700
8004605c 7700
800462b2 7700
80046910 7700
800464ce 7700
800464d8 7700
8004684c 7700
8004627c 7700
80046850 7700
80046278 7700
8004602a 7700
800464d4 7700
80046400 7700
80046274 7700
800467aa 7700
80046726 7700
80046852 7700
80046404 7700
80046270 7700
80046856 7700
80046280 7700
8004685a 7700
8004685e 7700
8004678e 7700
8004626c 7700
80046860 7700
80046350 7700
80046268 7700
80046864 7700
80046408 7700
80046264 7700
8004686c 7700
800466ba 7700
80046260 7700
800465ce 7700
8004683e 7700
800462ac 7700
800462a8 7700
800462a4 7700
800462a0 7700
800463b8 7700
8004634c 7700
800464ee 7700
8004682c 7700
800463f6 7700
800464ea 7700
80046836 7700
8004629c 7700
8004683a 7700
80046298 7700
8004686e 7700
800464e2 7700
8004607c 7700
80046294 7700
80046842 7700
800465b2 7700
80046290 7700
800464de 7700
8004628c 7700
800464da 7700
80046288 7700
8004654a 7700
80046284 7700
80046722 7700
800465ca 7700
800465c6 7700
800465f2 7700
8004635c 7700
80046542 7700
800468a0 7700
800465ee 7700
800466b2 7700
800466ae 7700
8004640c 7700
800468a6 7700
800465e6 7700
800464b0 7700
800463b0 7700
80046410 7700
80046250 7700
80046786 7700
8004689c 7700
8004624c 7700
800468b2 7700
800468b4 7700
800468b8 7700
80045ffc 7700
80046248 7700
8004672a 7700
80046244 7700
800468bc 7700
800468c0 7700
80046240 7700
80046696 7700
8004623c 7700
800465c2 7700
80046888 7700
80046872 7700
80046876 7700
8004687a 7700
800466a2 7700
8004625c 7700
800464ca 7700
8004687c 7700
80046354 7700
800463b4 7700
8004678a 7700
800464c4 7700
800467ba 7700
80046642 7700
80046884 7700
800462b0 7700
800465d2 7700
80046546 7700
80046258 7700
800464bc 7700
8004688a 7700
80046358 7700
8004688e 7700
80046892 7700
80046896 7700
80046254 7700
800464b8 7700
80046616 7700
800466b6 7700
800464b4 7700
80046300 7700
80046310 7700
8004679a 7700
80046796 7700
800466d6 7700
8004630c 7700
800465aa 7700
80046308 7700
800467da 7700
80046572 7700
800463c0 7700
800467a6 7700
800463c4 7700
80046304 7700
800467de 7700
8004656e 7700
800465a6 7700
800467ce 7700
800462fc 7700
8004633c 7700
800463c8 7700
800467e2 7700
800462f8 7700
800462f4 7700
800467e6 7700
800467ea 7700
80046706 7700
800463bc 7700
800467ee 7700
800467f2 7700
800463cc 7700
800466f6 7700
800467a2 7700
80046582 7700
800466ce 7700
800467d2 7700
80046586 7700
80046338 7700
8004657e 7700
80046334 7700
80046330 7700
800466d2 7700
800464fe 7700
8004632c 7700
80046328 7700
8004679e 7700
80046556 7700
80046324 7700
8004659e 7700
800465a2 7700
800466fe 7700
80046320 7700
8004657a 7700
8004631c 7700
80046506 7700
80046318 7700
800467d6 7700
800466c2 7700
80046702 7700
80046576 7700
80046314 7700
8004681e 7700
800467c2 7700
800462cc 7700
800466f2 7700
80046712 7700
800464fa 7700
8004609e 7700
80046818 7700
800463ea 7700
800462c8 7700
8004681a 7700
80046340 7700
8004654e 7700
8004609a 7700
80046716 7700
800462d0 7700
800466be 7700
80046822 7700
80046826 7700
80046344 7700
8004671a 7700
80046348 7700
800464f6 7700
800462c4 7700
800462c0 7700
800462ba 7700
80046828 7700
8004671e 7700
800467be 7700
800464f2 7700
800467ca 7700
800462f0 7700
800467f6 7700
80046508 7700
800460d6 7700
800460b6 7700
800462ec 7700
8004670a 7700
80046552 7700
800465ae 7700
800460b2 7700
800467fa 7700
800467fe 7700
800462e8 7700
80046792 7700
800468ae 7700
800462e4 7700
800467c6 7700
80046802 7700
800462e0 7700
800462dc 7700
80046806 7700
800463e6 7700
8004680a 7700
800462d8 7700
8004680c 7700
80046810 7700
8004670e 7700
80046814 7700
800462d4 7700
80046746 7700
80046602 7700
80046526 7700
800468fe 7700
800465fe 7700
800461d0 7700
800461cc 7700
80046562 7700
800461c8 7700
80046742 7700
800461c4 7700
80046454 7700
80046532 7700
800461c0 7700
80046384 7700
80046606 7700
80046460 7700
800461bc 7700
80046522 7700
800466c6 7700
80046772 7700
8004674a 7700
800464e6 7700
800461b8 7700
8004651e 7700
80046906 7700
8004648a 7700
800465fa 7700
80046908 7700
800461b4 7700
80046622 7700
800461f8 7700
800461f4 7700
8004644a 7700
800467b2 7700
800461f0 7700
80046370 7700
800463a4 7700
80046374 7700
80046378 7700
8004637c 7700
8004673a 7700
80046496 7700
800468f8 7700
8004644e 7700
800465de 7700
800461ec 7700
800461e8 7700
80046830 7700
800461e4 7700
8004673e 7700
80046492 7700
8004660a 7700
800461e0 7700
80046380 7700
800461dc 7700
80046776 7700
80046452 7700
800461d8 7700
800461d4 7700
8004676a 7700
80046184 7700
8004647e 7700
8004675e 7700
80046180 7700
800466de 7700
80046482 7700
8004617c 7700
80046178 7700
80046914 7700
800463a0 7700
80046394 7700
80046916 7700
80046486 7700
80046174 7700
8004675a 7700
80046170 7700
8004691a 7700
80046766 7700
8004650e 7700
8004616c 7700
800466e2 7700
8004650c 7700
80046168 7700
80046398 7700
800468ec 7700
800468f0 7700
80046762 7700
8004691e 7700
8004639c 7700
8004638c 7700
8004646a 7700
80045fb2 7700
8004646e 7700
800461b0 7700
800465f6 7700
80046472 7700
800461ac 7700
80046476 7700
8004674e 7700
800461a8 7700
80046752 7700
800461a4 7700
80046388 7700
800461a0 7700
800468c2 7700
8004651a 7700
80046756 7700
8004619c 7700
80046516 7700
80046198 7700
80046390 7700
8004676e 7700
8004647a 7700
80046512 7700
80046194 7700
80046190 7700
800465e2 7700
8004618c 7700
80046188 7700
80046418 7700
80046686 7700
800468ea 7700
80046220 7700
80046656 7700
8004668a 7700
800465da 7700
8004649e 7700
80046652 7700
800468d4 7700
8004663a 7700
8004665a 7700
80046230 7700
80046432 7700
80046636 7700
80046732 7700
8004621c 7700
800465b6 7700
80046368 7700
80046834 7700
800468d0 7700
80046632 7700
80046228 7700
800464a6 7700
8004641c 7700
80046666 7700
800465d6 7700
800464a4 7700
800464a0 7700
80046662 7700
8004665e 7700
8004636c 7700
8004677e 7700
80046218 7700
80046782 7700
800465be 7700
80046364 7700
800468de 7700
8004622c 7700
800463a8 7700
80046420 7700
80046682 7700
8004652a 7700
800464ac 7700
80046214 7700
80046442 7700
8004620c 7700
8004649a 7700
80046234 7700
80046208 7700
800468e6 7700
80046204 7700
800468ca 7700
80046626 7700
80046200 7700
800468c6 7700
800468f4 7700
80046736 7700
80046238 7700
80046446 7700
800461fc 7700
80046224 7700
80045fc6 7700
8004662a 7700
800467ae 7700
800467b6 7700
800468ce 7700
80046880 7700
800463ac 7700
80046436 7700
800468e2 7700
8004677a 7700
8004667e 7700
8004662e 7700
8004643e 7700
8004672e 7700
8004668e 7700
800464a8 7700
8004643a 7700
80046360 7700
80046692 7700
80046414 7700
80046210 7700
800021f8 9403
800021f6 9403
80013170 11264
8001318c 11264
80013178 11264
80013188 11264
80013174 11264
800131ec 11264
80013184 11264
800131ac 11264
800131e8 11264
800131a0 11264
80013180 11264
8001317c 11264
8001319c 11264
800131e4 11264
800131bc 11264
800131ae 11264
800131dc 11264
8001316c 11264
800131f0 11264
800131f6 11264
800131d8 11264
800131b4 11264
800131b8 11264
800131b0 11264
800131c0 11264
80013194 11264
800131c4 11264
800131c8 11264
800131d4 11264
800131f2 11264
800131cc 11264
800131d0 11264
800131a4 11264
800131a8 11264
80013198 11264
80013190 11264
800131e0 11264
800131f4 11264
80001fc2 12688
80001fa0 12688
80001f9c 12688
80001fc4 12688
80001fa2 12688
80001f9a 12688
80001fa4 12688
80001f6a 12688
80001f64 12688
80001f98 12688
80001f68 12688
80001f92 12688
80001f94 12688
80001f66 12688
80001f8e 12688
80001f6c 12688
800025a0 12711
80002596 12711
8000259a 12711
8000259c 12711
80002592 12711
800025b8 12711
800025b4 12711
800025b2 12711
800025b6 12711
8004231e 13860
8004277c 13860
80042b5c 13860
800425fc 13860
8004266e 13860
80042228 13860
8004265a 13860
8004241a 13860
80042542 13860
80042b08 13860
80042b0c 13860
80042396 13860
80042386 13860
80042a80 13860
8004264e 13860
80042a84 13860
80042652 13860
8004238e 13860
80042a88 13860
80042656 13860
800428a4 13860
80042270 13860
8004222c 13860
8004265e 13860
8004296c 13860
8004253a 13860
80042a98 13860
80042666 13860
80042878 13860
80042446 13860
800423da 13860
80042a9c 13860
80042b1c 13860
80042202 13860
8004247e 13860
80042a5c 13860
80042900 13860
800424ce 13860
8004262a 13860
80042b98 13860
8004228c 13860
80042a60 13860
80042b94 13860
8004262e 13860
80042ac4 13860
80042280 13860
80042254 13860
80042a68 13860
80042372 13860
80042a6c 13860
80042a70 13860
8004237a 13860
80042a74 13860
80042b20 13860
80042ad8 13860
80042266 13860
80042870 13860
8004268a 13860
8004243e 13860
800423c6 13860
80042ac0 13860
800421c6 13860
800423ca 13860
800423e2 13860
800423d2 13860
80042b38 13860
80042686 13860
800428fc 13860
8004226e 13860
80042442 13860
80042352 13860
8004234e 13860
80042910 13860
800423d6 13860
8004234a 13860
80042250 13860
80042286 13860
80042aac 13860
80042246 13860
80042974 13860
800423aa 13860
8004224a 13860
80042aa4 13860
800421fe 13860
80042672 13860
80042ac8 13860
800423ae 13860
80042676 13860
80042918 13860
8004225a 13860
8004267a 13860
800425e0 13860
800423b6 13860
80042ab0 13860
80042262 13860
80042b10 13860
800421be 13860
800423be 13860
80042ab8 13860
80042510 13860
800421c2 13860
80042a34 13860
8004295c 13860
8004284c 13860
80042860 13860
80042874 13860
8004287c 13860
80042b44 13860
80042b3a 13860
80042af0 13860
8004245e 13860
8004241e 13860
800423f2 13860
8004244e 13860
80042ae8 13860
80042a20 13860
800425e8 13860
80042604 13860
8004246a 13860
80042634 13860
8004249e 13860
80042648 13860
80042ae4 13860
80042ad0 13860
80042abc 13860
80042142 13860
80042aa8 13860
80042a64 13860
80042a50 13860
80042b6c 13860
80042944 13860
80042126 13860
800425a2 13860
800421ce 13860
8004258e 13860
800422b6 13860
800421de 13860
800424ea 13860
8004257a 13860
800424d6 13860
80042b88 13860
80042b84 13860
8004277a 13860
80042b80 13860
800426a8 13860
8004244a 13860
800423de 13860
8004204c 13860
80042b58 13860
800421d2 13860
80042884 13860
80042452 13860
80042a7c 13860
800423e6 13860
800429c0 13860
8004240a 13860
8004212e 13860
80042772 13860
80042422 13860
800424a6 13860
8004289c 13860
800428b0 13860
8004275a 13860
80042068 13860
800428c4 13860
80042492 13860
80042632 13860
8004261e 13860
800428d8 13860
80042854 13860
800428e0 13860
80042516 13860
800428f4 13860
80042880 13860
800421ea 13860
80042908 13860
80042236 13860
80042232 13860
80042aec 13860
8004291c 13860
8004220a 13860
80042226 13860
80042222 13860
8004221a 13860
800428e8 13860
800428d4 13860
8004221e 13860
80042bb4 13860
8004249a 13860
80042af4 13860
80042890 13860
80042afa 13860
80042afe 13860
800428d0 13860
8004243a 13860
80042b12 13860
800424c2 13860
80042b30 13860
80042b1a 13860
8004270c 13860
80042b52 13860
80042b66 13860
80042b6a 13860
80042512 13860
80042748 13860
80042764 13860
80042bd2 13860
80042bda 13860
80042b34 13860
800424ae 13860
80042828 13860
800428cc 13860
80042970 13860
80042850 13860
8004286c 13860
8004252a 13860
8004205c 13860
800429d4 13860
80042ad4 13860
80042552 13860
8004260c 13860
8004207a 13860
800421da 13860
8004254a 13860
8004253e 13860
8004297c 13860
8004207e 13860
80042146 13860
80042082 13860
80042322 13860
8004208a 13860
800421b4 13860
80042adc 13860
80042a48 13860
80042acc 13860
8004208e 13860
80042546 13860
8004274c 13860
80042984 13860
8004230e 13860
80042096 13860
80042978 13860
800420a6 13860
80042532 13860
80042306 13860
800421a4 13860
80042964 13860
80042954 13860
80042b04 13860
80042600 13860
80042332 13860
80042770 13860
8004292c 13860
800423f6 13860
800427fe 13860
800425f8 13860
800425f0 13860
8004233a 13860
8004205e 13860
80042616 13860
80042062 13860
80042336 13860
80042998 13860
80042066 13860
80042a04 13860
80042768 13860
8004206e 13860
800428c8 13860
80042496 13860
80042608 13860
800429e8 13860
80042566 13860
80042b60 13860
80042760 13860
80042ae0 13860
80042592 13860
8004210a 13860
800429dc 13860
800422a6 13860
800426fc 13860
800425d2 13860
800420fe 13860
80042b70 13860
80042194 13860
80042190 13860
800426ae 13860
800429f0 13860
80042b74 13860
800422c2 13860
80042bb0 13860
80042bd6 13860
800420ea 13860
80042522 13860
8004229a 13860
8004251e 13860
80042950 13860
8004229e 13860
80042b9c 13860
800422ba 13860
80042a0c 13860
80042aa0 13860
8004251a 13860
8004294c 13860
8004215a 13860
80042178 13860
8004252e 13860
800422fe 13860
800420b2 13860
800420b6 13860
800420ba 13860
800429ac 13860
80042ab4 13860
800420be 13860
800422f2 13860
800420c2 13860
800429b4 13860
800420c6 13860
800422ea 13860
800420ce 13860
800420d2 13860
80042326 13860
800420d6 13860
80042710 13860
800422d6 13860
800429c8 13860
80042bc4 13860
80042708 13860
800422d2 13860
80042960 13860
80042704 13860
80042526 13860
800421a0 13860
800422ce 13860
80042958 13860
80042364 13860
800423a4 13860
8004239c 13860
800426f0 13860
8004238a 13860
80042388 13860
80042290 13860
800426ec 13860
80042bba 13860
800421c8 13860
800422cc 13860
80042370 13860
80042230 13860
800423c2 13860
800426e8 13860
80042382 13860
80042214 13860
80042210 13860
8004211e 13860
80042204 13860
80042344 13860
80042340 13860
80042330 13860
8004214e 13860
80042318 13860
80042b26 13860
80042b2a 13860
80042b2e 13860
80042b3e 13860
80042b42 13860
800421f0 13860
800426be 13860
80042920 13860
800426ba 13860
800424f6 13860
8004231c 13860
800422d8 13860
800422c4 13860
800422a2 13860
80042934 13860
800426b6 13860
8004228a 13860
8004226a 13860
80042258 13860
80042180 13860
800421fc 13860
80042938 13860
8004293c 13860
800421d8 13860
80042700 13860
80042240 13860
800421e0 13860
80042132 13860
800420f2 13860
80042050 13860
80042244 13860
80042208 13860
80042af6 13860
800426f4 13860
8004217a 13860
800423fa 13860
8004227c 13860
80042278 13860
80042274 13860
80042894 13860
80042462 13860
8004288c 13860
800423fe 13860
800421cc 13860
8004245a 13860
80042402 13860
80042406 13860
80042888 13860
8004240e 13860
8004268c 13860
80042456 13860
80042412 13860
80042072 13860
800421bc 13860
80042076 13860
80042898 13860
800421b2 13860
80042466 13860
80042092 13860
80042a90 13860
80042362 13860
800428a0 13860
800421a8 13860
8004209a 13860
800420ae 13860
800421f8 13860
800422fc 13860
800420da 13860
8004250c 13860
800421ec 13860
80042508 13860
80042504 13860
800422f8 13860
80042b7a 13860
80042b7e 13860
80042b8a 13860
800422f4 13860
80042b8e 13860
800421e4 13860
800426c2 13860
80042b9e 13860
800425be 13860
80042ba2 13860
800423ea 13860
800422e0 13860
80042baa 13860
800423ee 13860
800420a2 13860
800422dc 13860
80042bb6 13860
800421d4 13860
80042bbe 13860
80042bc2 13860
80042742 13860
8004273e 13860
80042048 13860
8004273a 13860
80042736 13860
800427b2 13860
800428b8 13860
8004272e 13860
8004272a 13860
800427b6 13860
800428bc 13860
80042726 13860
80042312 13860
8004279a 13860
80042756 13860
800427ae 13860
800423a6 13860
800427be 13860
80042722 13860
80042b4c 13860
800427c6 13860
8004271a 13860
80042b48 13860
800427d2 13860
80042716 13860
800427d6 13860
800427da 13860
80042392 13860
800427de 13860
800426fa 13860
800427a2 13860
80042782 13860
80042416 13860
80042948 13860
80042940 13860
80042bac 13860
800428c0 13860
800423ba 13860
8004278e 13860
80042b4e 13860
80042796 13860
8004206c 13860
8004279e 13860
80042bd0 13860
80042a94 13860
8004237e 13860
8004275e 13860
80042b56 13860
80042b92 13860
800427aa 13860
8004284a 13860
80042752 13860
80042822 13860
800427ca 13860
800427c2 13860
800423ce 13860
80042ba6 13860
80042366 13860
80042bc8 13860
800423a0 13860
800422b2 13860
800422a8 13860
8004290c 13860
8004281e 13860
8004282a 13860
800426e2 13860
80042832 13860
80042836 13860
8004283a 13860
8004283e 13860
80042294 13860
80042846 13860
80042216 13860
80042644 13860
8004281a 13860
800426de 13860
80042398 13860
8004220e 13860
8004235a 13860
80042640 13860
80042348 13860
8004233c 13860
800426d2 13860
80042638 13860
800426ce 13860
80042264 13860
80042750 13860
800426ca 13860
800427f6 13860
80042b24 13860
800427e2 13860
800426d6 13860
8004267e 13860
800428f0 13860
8004266a 13860
80042b62 13860
80042662 13860
8004263c 13860
800422be 13860
800427e6 13860
80042376 13860
800427ee 13860
800427f2 13860
800421b8 13860
800427fa 13860
80042802 13860
80042806 13860
80042316 13860
8004280a 13860
80042302 13860
800426e6 13860
8004280e 13860
8004225e 13860
80042b76 13860
800422ee 13860
80042816 13860
8004223a 13860
800425b2 13860
8004259a 13860
80042b16 13860
800429d0 13860
8004259e 13860
8004271e 13860
800429d8 13860
80042a3c 13860
800425aa 13860
8004216a 13860
800425ae 13860
800429e0 13860
800423b2 13860
800422e8 13860
80042282 13860
800429e4 13860
80042426 13860
800426a4 13860
800425a6 13860
800429ec 13860
800425ba 13860
8004269c 13860
800422e4 13860
80042186 13860
800429f4 13860
800425c2 13860
800429f8 13860
800425c6 13860
80042a78 13860
800429fc 13860
800425ca 13860
80042576 13860
80042732 13860
8004246e 13860
80042714 13860
8004299c 13860
8004256a 13860
80042b02 13860
800429a0 13860
8004256e 13860
80042968 13860
80042536 13860
800429a4 13860
80042572 13860
800426f6 13860
800429a8 13860
8004218a 13860
800429b0 13860
8004257e 13860
80042582 13860
800429b8 13860
80042586 13860
800426c6 13860
800429bc 13860
8004258a 13860
80042744 13860
800429c4 13860
8004276c 13860
80042596 13860
80042858 13860
800429cc 13860
800422ac 13860
8004236c 13860
8004223c 13860
80042a24 13860
800425ec 13860
8004277e 13860
80042a28 13860
80042a2c 13860
80042a30 13860
80042a38 13860
80042a40 13860
8004260e 13860
800425f4 13860
80042a44 13860
80042612 13860
8004224e 13860
80042a4c 13860
8004261a 13860
80042682 13860
80042296 13860
80042a54 13860
80042622 13860
8004235e 13860
800426da 13860
80042904 13860
80042a58 13860
800421f2 13860
800424d2 13860
80042626 13860
800421f6 13860
800425da 13860
80042a00 13860
800425ce 13860
80042bcc 13860
80042698 13860
80042196 13860
80042a08 13860
8004219a 13860
80042694 13860
80042354 13860
800421e6 13860
80042a8c 13860
800425d6 13860
800422c8 13860
8004219e 13860
80042562 13860
80042690 13860
80042a18 13860
800421aa 13860
800426b2 13860
80042a10 13860
800426aa 13860
800425de 13860
800425e4 13860
80042368 13860
800426a0 13860
80042a14 13860
800422b0 13860
80042786 13860
80042a1c 13860
8004210e 13860
800428ec 13860
800420f6 13860
800424ba 13860
800424be 13860
8004242e 13860
800428f8 13860
800424c6 13860
800424ca 13860
800424da 13860
800424de 13860
800420fa 13860
80042914 13860
80042102 13860
800424e2 13860
800421ae 13860
800424e6 13860
800424ee 13860
80042112 13860
80042924 13860
80042842 13860
8004211a 13860
800424f2 13860
8004282e 13860
80042826 13860
80042812 13860
80042122 13860
800425b6 13860
80042136 13860
800428ac 13860
80042864 13860
8004264c 13860
80042472 13860
8004209e 13860
8004218c 13860
800428a8 13860
800420aa 13860
8004217c 13860
800420de 13860
80042174 13860
800420e2 13860
800420e6 13860
80042432 13860
80042476 13860
8004212a 13860
800420ee 13860
8004247a 13860
800428b4 13860
80042482 13860
80042486 13860
8004248a 13860
8004248e 13860
800424a2 13860
800428dc 13860
800424aa 13860
800428e4 13860
800424b2 13860
800424b6 13860
80042502 13860
80042172 13860
80042776 13860
80042106 13860
80042182 13860
8004232c 13860
80042328 13860
800420ca 13860
80042086 13860
80042056 13860
80042868 13860
80042436 13860
8004230c 13860
80042308 13860
800424fe 13860
80042116 13860
8004285c 13860
80042980 13860
8004254e 13860
80042988 13860
80042556 13860
8004242a 13860
8004298c 13860
8004255a 13860
8004215e 13860
80042990 13860
8004255e 13860
80042162 13860
80042994 13860
800427ce 13860
8004213a 13860
8004213e 13860
8004214a 13860
80042152 13860
80042166 13860
80042928 13860
8004216e 13860
800427ea 13860
800424fa 13860
80042930 13860
80042156 13860
800427ba 13860
80042054 13860
8004278a 13860
80042358 13860
800427a6 13860
80042058 13860
80042792 13860
80001fbc 14362
80001fb2 14362
80001fbe 14362
80001fb4 14362
80001fb6 14362
80001fba 14362
80001a3c 16001
80001a20 16001
80001a30 16001
80001a14 16001
80001a18 16001
80001a24 16001
80001a28 16001
80001a2c 16001
80001a1c 16001
80001a34 16001
80001a38 16001
80001a0a 16001
80001922 16001
80001924 16001
80001928 16001
8000192a 16001
8000192e 16001
80001932 16001
80001934 16001
80001938 16001
8000193a 16001
8000193e 16001
80001a40 16001
80001a06 16001
80001920 16001
80001a0e 16001
80001a10 16001
80001a12 16001
80001a16 16001
80001a42 16001
80001a46 16001
80001a4a 16001
80001a4e 16001
80001a5a 16001
80001a64 16001
80001a6c 16001
80001a70 16001
80001a5c 16001
8000182c 16001
80001830 16001
8000185e 16001
80001860 16001
80001864 16001
80001866 16001
8000186a 16001
8000186c 16001
80001870 16001
80001a74 16001
80001a68 16001
80001a60 16001
80001a08 16001
80001a58 16001
80001a54 16001
80001a50 16001
80001a4c 16001
80001a48 16001
800018f2 16001
800018f6 16001
800018fa 16001
800018fe 16001
80001906 16001
8000191c 16001
80001a04 16001
8000190a 16001
8000190e 16001
80001912 16001
80001916 16001
8000191a 16001
8000191e 16001
80001926 16001
8000192c 16001
80001930 16001
80001936 16001
8000193c 16001
80001a0c 16001
80001902 16001
8000182e 16001
80001862 16001
80001868 16001
8000186e 16001
8004a9b4 17557
8004a9c6 17557
8004a9b8 17557
8004a9ac 17557
8004a992 17557
8004a996 17557
8004a9b0 17557
8004a9ca 17557
8004a98e 17557
8004a9ce 17557
8004a99c 17557
8004a9a4 17557
8004a9bc 17557
8004a9c0 17557
8004a998 17557
8004a9a0 17557
8004a9c4 17557
8004a9a8 17557
8004a828 18661
8004a818 18661
8004a814 18661
8004a82c 18661
8004a810 18661
8004a808 18661
8004a804 18661
8004a7fc 18661
8004a7c6 18661
8004a824 18661
8004a820 18661
8004a80c 18661
8004a7be 18661
8004a87e 18661
8004a844 18661
8004a83c 18661
8004a834 18661
8004a830 18661
8004a7c8 18661
8004a7c2 18661
8004a864 18661
8004a848 18661
8004a88c 18661
8004a882 18661
8004a886 18661
8004a840 18661
8004a7f8 18661
8004a800 18661
8004a81c 18661
8004a838 18661
8004a84c 18661
8004a874 18661
8004a870 18661
8004a86c 18661
8004a868 18661
8004a878 18661
8004a87c 18661
8004a860 18661
8004a85c 18661
8004a858 18661
8004a854 18661
8004a850 18661
8004a888 18661
8004a922 19712
8004a926 19712
8004a92a 19712
8004a936 19712
8004a932 19712
80016a6e 22528
8002422e 22528
8002108c 22528
8001be3e 22528
80016a74 22528
8001be46 22528
8001be54 22528
8001be5e 22528
80016a7c 22528
8001be7e 22528
80016a94 22528
80016a8c 22528
8001be86 22528
8001be8a 22528
8001bd7e 22528
80016a4a 22528
80016a4e 22528
8002a5de 22528
8002a5d2 22528
80016a58 22528
80021120 22528
8001bd34 22528
8001bd62 22528
8001bd6c 22528
8001bd76 22528
8001be3a 22528
8001bd82 22528
8001bd8c 22528
80016a5e 22528
8001bda0 22528
8001bddc 22528
8001be20 22528
80016a6a 22528
8001be24 22528
8001be36 22528
80027472 22528
8002744e 22528
80027452 22528
80027456 22528
8002745a 22528
8002745e 22528
80027462 22528
8001bdf0 22528
80027466 22528
80021082 22528
8002746a 22528
8002746e 22528
8002107a 22528
8001bdec 22528
80027476 22528
8001bdf4 22528
80021072 22528
8002747a 22528
8002747e 22528
80027482 22528
80027486 22528
8002748a 22528
8002748e 22528
80027492 22528
80027494 22528
8001df30 22528
8001df90 22528
8001df9c 22528
8001dfc6 22528
8001de96 22528
8001de9a 22528
8001dea6 22528
8001deae 22528
8001debe 22528
8001ded4 22528
8001dee0 22528
8001deec 22528
8001df28 22528
80027496 22528
8001df34 22528
8001df38 22528
80027438 22528
8001df48 22528
8001df54 22528
8001df68 22528
8002743a 22528
8002743e 22528
80027442 22528
80027446 22528
8002744a 22528
8001be10 22528
8001be04 22528
80015a54 22528
80015a3c 22528
80015a0c 22528
80015a04 22528
800159f8 22528
80018c72 22528
800159f4 22528
80018c76 22528
80018c7a 22528
800159f0 22528
80018c86 22528
8001be00 22528
8002114a 22528
80018caa 22528
8002114e 22528
80021152 22528
80021156 22528
8002115a 22528
80018cae 22528
8002115e 22528
80018cb2 22528
80021162 22528
80021166 22528
800274c6 22528
8002749a 22528
8002749e 22528
800274a2 22528
800274a6 22528
800274aa 22528
800274ae 22528
800274b2 22528
800274b6 22528
800274ba 22528
800274be 22528
800274c2 22528
80027434 22528
800274ca 22528
800274ce 22528
800274d2 22528
800274d6 22528
800274da 22528
800274de 22528
800274e2 22528
800274e6 22528
8001bdfc 22528
80021056 22528
800274e8 22528
80018c18 22528
8001bdc8 22528
80016b3a 22528
80016b32 22528
8001bdd8 22528
80018ba0 22528
8001bd38 22528
80018bb4 22528
80018bc8 22528
80018bf8 22528
80018c08 22528
80018c0c 22528
80018c10 22528
8001bdc4 22528
80018c1c 22528
80018c20 22528
80018c24 22528
80018c2c 22528
800274ec 22528
800274f0 22528
800274f4 22528
800274f8 22528
800274fc 22528
80027500 22528
80027504 22528
8001bd3e 22528
8001bd5a 22528
8001bd5e 22528
8002b778 22528
8001bd4a 22528
8001bd66 22528
8001bd46 22528
8001bd7a 22528
8001bd84 22528
8001bd42 22528
8002b77c 22528
8001bd88 22528
80021192 22528
80027508 22528
8001bd90 22528
8002b780 22528
8001bda4 22528
8001bda8 22528
8001bdac 22528
8002b75e 22528
8001bdbc 22528
8002b75a 22528
80021114 22528
8001bdc0 22528
8002b78c 22528
8002740c 22528
8002754e 22528
800273ea 22528
8001bde0 22528
800273ee 22528
800273f0 22528
800273f4 22528
800273f8 22528
8001bde4 22528
800273fc 22528
80027400 22528
80027404 22528
80027408 22528
8002754a 22528
80027410 22528
80027414 22528
80027418 22528
8002741c 22528
80027420 22528
80027422 22528
80027424 22528
80027428 22528
8002742c 22528
8002742e 22528
80027430 22528
8002752a 22528
8002750a 22528
8002750e 22528
80027514 22528
80027516 22528
80018c80 22528
80016b1e 22528
8002751a 22528
8002751e 22528
80027522 22528
80027526 22528
80018c94 22528
80021168 22528
8002752e 22528
80018cb4 22528
80027532 22528
80018cbc 22528
80027534 22528
80018cc0 22528
80027538 22528
8002753c 22528
80027540 22528
80027542 22528
80027546 22528
800210c4 22528
8002108a 22528
80021098 22528
8002109c 22528
800210a0 22528
800210a4 22528
800210a8 22528
800210ac 22528
800210b0 22528
800210b4 22528
800210b8 22528
800210bc 22528
800210c0 22528
8002104c 22528
800159c4 22528
800210c8 22528
800159c0 22528
800210cc 22528
800210d0 22528
80020102 22528
800210d4 22528
80020104 22528
80020108 22528
800210d8 22528
8002010c 22528
80023270 22528
80023246 22528
8002324a 22528
8002324e 22528
80023252 22528
80023256 22528
8002325a 22528
8002325e 22528
80023262 22528
80021196 22528
80023266 22528
8002326a 22528
8002326e 22528
800210dc 22528
8001be4a 22528
8001be4e 22528
8002119a 22528
8002119e 22528
8001be60 22528
8001be64 22528
8001be70 22528
8001be74 22528
8001be90 22528
8001be94 22528
80021048 22528
80021144 22528
80015914 22528
80021108 22528
8002110c 22528
80021110 22528
80021124 22528
80021128 22528
8002112c 22528
80021130 22528
80021134 22528
80021138 22528
8002113c 22528
80021140 22528
80021104 22528
80021146 22528
8002a602 22528
8002a5fe 22528
8002a5fa 22528
8002a5f2 22528
8002a5ee 22528
8002a5ea 22528
80016a26 22528
80016a32 22528
8002a5e6 22528
80016a36 22528
80015984 22528
80020110 22528
800210e0 22528
800210e4 22528
800210e8 22528
800210ec 22528
800159bc 22528
800159b4 22528
8001599c 22528
80015994 22528
8001598c 22528
80015988 22528
80023242 22528
80015980 22528
800210f0 22528
800210f2 22528
80015956 22528
800210f4 22528
8001594e 22528
8001594a 22528
800210f8 22528
800210fc 22528
80015926 22528
80021100 22528
800232d6 22528
800232ae 22528
800232b2 22528
800232b6 22528
800232ba 22528
800232bc 22528
80017bea 22528
800232c0 22528
800232c4 22528
800232c8 22528
800232ca 22528
800232ce 22528
800232d2 22528
80017c06 22528
80023172 22528
80023176 22528
80023178 22528
8002317c 22528
80023180 22528
80023184 22528
80017b7e 22528
80023188 22528
8002318c 22528
80023190 22528
80023194 22528
8002328c 22528
8002116c 22528
80021174 22528
80021178 22528
8001be14 22528
8002117c 22528
80023274 22528
80023278 22528
8002327c 22528
80021180 22528
80023280 22528
80023284 22528
80023288 22528
80023198 22528
80021184 22528
80023290 22528
80023292 22528
80023296 22528
80021188 22528
8002329c 22528
8002329e 22528
800232a2 22528
800232a6 22528
800232aa 22528
8002118c 22528
80023216 22528
800231ea 22528
800231ee 22528
800231f2 22528
800231f6 22528
800231fa 22528
8001be30 22528
800231fe 22528
80023202 22528
80023206 22528
8002320a 22528
8002320e 22528
80023212 22528
800231e6 22528
8002321a 22528
8002321c 22528
8002321e 22528
80023222 22528
80023226 22528
8002322a 22528
8002322e 22528
80023232 22528
80023236 22528
8002323a 22528
8002323e 22528
80021190 22528
8002319c 22528
800231a0 22528
800231a4 22528
800231a8 22528
800231aa 22528
800231ac 22528
800231b0 22528
800231b4 22528
800231b6 22528
800231b8 22528
800231bc 22528
80016a3a 22528
800231c0 22528
800231c2 22528
800231c6 22528
800231ca 22528
800231ce 22528
800231d2 22528
800231d6 22528
800231da 22528
800231de 22528
80017b1a 22528
800231e2 22528
8001ce4e 22528
8002851c 22528
80028518 22528
80028514 22528
80028510 22528
8002850c 22528
80028508 22528
80028504 22528
80028500 22528
800284fc 22528
800284f8 22528
800284f4 22528
8001ce52 22528
80017c02 22528
800284f0 22528
80028520 22528
800284ec 22528
80017bf6 22528
800284e8 22528
800284e4 22528
800284e0 22528
800284dc 22528
8001ce3e 22528
800284d8 22528
80017be2 22528
800284d6 22528
8001ce3a 22528
800284d2 22528
8001ce36 22528
8001ce32 22528
80028538 22528
80028560 22528
8002855c 22528
8001ceae 22528
80028558 22528
8001ceaa 22528
80028554 22528
8001cea2 22528
80028550 22528
8002854c 22528
80028548 22528
80028544 22528
8001ce92 22528
80028540 22528
8002853c 22528
800284ce 22528
8001ce8a 22528
80028534 22528
80028532 22528
8001ce86 22528
80028530 22528
8002852c 22528
8001ce7c 22528
80028528 22528
8001adfa 22528
80028524 22528
8001ce76 22528
8001adf6 22528
80017c1a 22528
8001ce72 22528
8002a618 22528
8002a70c 22528
8002a71c 22528
8001ce00 22528
800284aa 22528
8002a720 22528
8002a724 22528
8001cdfc 22528
800284a6 22528
8002a728 22528
8002a5c4 22528
8002a5c8 22528
8002a5fc 22528
8002a608 22528
8002a614 22528
8002a708 22528
8002a61c 22528
8002a620 22528
8002a624 22528
8002a628 22528
8002a62c 22528
8002a630 22528
8002a634 22528
8002a638 22528
8002a63c 22528
8002a640 22528
8002a644 22528
8002a648 22528
8002a64c 22528
8002a650 22528
8002a6f0 22528
800284cc 22528
800284ca 22528
800284c6 22528
800284c2 22528
8001ce20 22528
8001adec 22528
800284c0 22528
8001ce1c 22528
800284be 22528
80016b40 22528
8002a6e4 22528
8002a6e8 22528
8001ce18 22528
8001ce14 22528
80028564 22528
8002a6f4 22528
800284ba 22528
8001ce10 22528
8002a6f8 22528
800284b6 22528
8001ce0c 22528
800284b2 22528
8002a6fc 22528
8002a700 22528
8001ce08 22528
8002a704 22528
800284ae 22528
80016b18 22528
8001ce04 22528
8001ce22 22528
80017b0c 22528
80017b68 22528
80017bba 22528
80015978 22528
80015974 22528
80015970 22528
8001596c 22528
80015968 22528
80015964 22528
80015960 22528
80015954 22528
80015948 22528
8001cdd2 22528
8001ce16 22528
80017b04 22528
8001ce2a 22528
8001ce6a 22528
8001ce6e 22528
8001ce7e 22528
8001ce82 22528
8001ce8e 22528
8001ceb2 22528
8001cebe 22528
8001ceca 22528
8001ced0 22528
8001cedc 22528
8001cefe 22528
8001cf02 22528
8001cf1c 22528
8002960e 22528
800295d6 22528
800295da 22528
800295de 22528
800295e2 22528
800295e6 22528
800295ea 22528
800295ee 22528
800295f2 22528
800295f6 22528
800295fa 22528
800295fe 22528
80029602 22528
80029606 22528
8002960a 22528
8001cf20 22528
80029612 22528
80029616 22528
8002961a 22528
8002961e 22528
80029622 22528
80029624 22528
80016b68 22528
80016b58 22528
80016b44 22528
80016b08 22528
80017bde 22528
80017c0c 22528
80017ac4 22528
80017acc 22528
8001ceec 22528
8001aca4 22528
8001ad06 22528
8001ad16 22528
8001ad1e 22528
8001ad46 22528
8001ad4a 22528
8001cf2e 22528
8001ada8 22528
8001adba 22528
8001adde 22528
8001cf24 22528
8001cf1a 22528
8001cef6 22528
8001cef0 22528
80018b9a 22528
8001cee8 22528
80028586 22528
80028584 22528
8001ced8 22528
8001ced4 22528
80028580 22528
8002857c 22528
80028578 22528
80028574 22528
8001cec6 22528
80028570 22528
8001cec2 22528
8002856c 22528
80028568 22528
80019c30 22528
8001cf28 22528
8001cf32 22528
8001cf36 22528
80019d4c 22528
80019d44 22528
80019d24 22528
80019d14 22528
80019d10 22528
80019d08 22528
80019d00 22528
80019cfc 22528
80019c44 22528
80019c40 22528
80019c3c 22528
8002a654 22528
80019c2c 22528
80019c28 22528
80019c1c 22528
80019c18 22528
80019c14 22528
80018c62 22528
80018c88 22528
80018c90 22528
80018ca4 22528
80018cb8 22528
80018b6a 22528
80018b7e 22528
80018b86 22528
80018bcc 22528
8001dfb4 22528
80015a16 22528
8001dfb8 22528
80018bdc 22528
80018b5c 22528
800285e0 22528
80016a64 22528
800285de 22528
800285da 22528
80015a12 22528
800285d6 22528
80015a0e 22528
80018bd4 22528
800285d2 22528
800285e4 22528
800285d0 22528
800159ec 22528
800285cc 22528
800285c8 22528
800159e8 22528
800285c4 22528
800285c0 22528
80015a50 22528
800285bc 22528
800159e4 22528
800285b8 22528
800285b4 22528
80015a4c 22528
800285b2 22528
8001df5c 22528
8001df1c 22528
8001ad72 22528
8001df20 22528
8001ad6e 22528
8001df24 22528
8001df2c 22528
8001ad6a 22528
8001df3c 22528
8001df40 22528
8001df44 22528
8001ad66 22528
8001df4c 22528
8001df50 22528
8001df58 22528
800159e0 22528
8001df60 22528
8001df64 22528
80016a98 22528
8001df6c 22528
8001ad52 22528
800285e8 22528
80015a22 22528
8001ad4e 22528
8001df94 22528
8001dfa0 22528
8001dfa4 22528
8001dfa8 22528
8001dfac 22528
8001dfb0 22528
8001ad42 22528
80015a26 22528
80018b9e 22528
80015a2a 22528
80018ba2 22528
80019c00 22528
80015a2e 22528
80018ba6 22528
800221e8 22528
800221ec 22528
800221f0 22528
800221f4 22528
800221f8 22528
800221fc 22528
80022200 22528
80018c06 22528
80022204 22528
8001ad40 22528
80022206 22528
8002220a 22528
80022210 22528
80022212 22528
80022216 22528
8002221a 22528
8001ad2e 22528
8002221e 22528
80022222 22528
8001ad2a 22528
80022226 22528
8002222a 22528
8002858a 22528
800285ac 22528
800285a8 22528
800285a6 22528
80017b4a 22528
80017b42 22528
800285a2 22528
8002859e 22528
8002859a 22528
80028596 22528
80017b56 22528
80017b5a 22528
80017b52 22528
80028592 22528
8002858e 22528
8001df18 22528
80015946 22528
80015942 22528
80017b2a 22528
80016a88 22528
80017b12 22528
80015a30 22528
80017b32 22528
80016a80 22528
80018b60 22528
800159ba 22528
80019c04 22528
80018baa 22528
80015a48 22528
800159d8 22528
800284a2 22528
8001cdf0 22528
8002849e 22528
8001cdec 22528
8002849a 22528
8001cde8 22528
80028496 22528
8001cde4 22528
8001ade8 22528
80015a08 22528
80015a1a 22528
80015a1e 22528
800159dc 22528
80015a34 22528
8001cdf4 22528
8001cde0 22528
80016a62 22528
80015a5a 22528
80028492 22528
80015a5e 22528
800159d4 22528
80015a62 22528
8001adda 22528
80015a66 22528
800159d0 22528
80016a5a 22528
80015910 22528
8001add6 22528
800159cc 22528
8002a690 22528
8002a658 22528
8002a65c 22528
8002a660 22528
8002a664 22528
8002a668 22528
8002a66c 22528
8002a670 22528
8002a674 22528
8002a678 22528
8002a67c 22528
8002a680 22528
8002a684 22528
8002a688 22528
8002a68c 22528
8001cddc 22528
8002a694 22528
8002a698 22528
8002a69c 22528
8002a6a0 22528
8002a6a4 22528
8002a6a8 22528
8002a6ac 22528
8002a6b0 22528
8002a6b4 22528
8002a6b8 22528
8001cdf8 22528
8002a6bc 22528
8002a6c0 22528
80016b14 22528
8001deb2 22528
80015990 22528
800159b8 22528
8001ada0 22528
800159fc 22528
80015998 22528
80015a00 22528
8001ad9c 22528
8001ad92 22528
8001ad8e 22528
8002848c 22528
8001ad8a 22528
8001de74 22528
8001dea2 22528
8001deaa 22528
8001597c 22528
8001deb6 22528
8001deba 22528
8001ded0 22528
8001ded8 22528
8001dedc 22528
8001dee4 22528
8001dee8 22528
8001def0 22528
8001def4 22528
80028488 22528
8001def8 22528
8001df10 22528
8001df14 22528
8001ad76 22528
800159ac 22528
800159c8 22528
80016a46 22528
8001cdd8 22528
80019d36 22528
80019d52 22528
8001adc2 22528
80019bfe 22528
80019c56 22528
80019c5e 22528
800159b0 22528
80019c72 22528
80019c86 22528
8001adb6 22528
80019cb6 22528
800295d2 22528
80019cca 22528
80019cde 22528
8001adb0 22528
80019cf2 22528
800159a8 22528
8001adac 22528
80015952 22528
800159a4 22528
8002848e 22528
8001ada4 22528
8001595a 22528
800159a0 22528
8001595e 22528
80016ac4 22528
80016a2a 22528
80016a2e 22528
80016a3e 22528
80016a42 22528
80016a52 22528
80016a56 22528
80016a66 22528
80016a78 22528
80016a84 22528
80016a90 22528
80016a9c 22528
80016aa8 22528
80016ab4 22528
80016ac0 22528
80016a24 22528
80016ac8 22528
80016ad8 22528
80016adc 22528
80016aec 22528
80016af0 22528
80016b00 22528
80016b04 22528
80016b0c 22528
80016b10 22528
80019d5e 22528
80019d1a 22528
80019cc2 22528
80019cae 22528
80019c7e 22528
80019ca4 22528
8001be6c 22528
8001be78 22528
8002b7ba 22528
8001be7c 22528
8001be8c 22528
8002b7c2 22528
8001be98 22528
8002b7c6 22528
8001aca0 22528
8001acac 22528
80019d48 22528
80019d18 22528
80019d04 22528
8001acc4 22528
80019c6a 22528
80019c9a 22528
80019c38 22528
80019c24 22528
80019c10 22528
80019c08 22528
8001ace4 22528
80016b2a 22528
80016b2e 22528
80016b3e 22528
80016b4a 22528
80016b50 22528
80016b54 22528
80016b76 22528
80016a20 22528
80017afc 22528
800264ac 22528
800264b0 22528
8002634c 22528
80026350 22528
80026352 22528
80026356 22528
8002635a 22528
8002635e 22528
80021052 22528
8002104e 22528
80026362 22528
80026366 22528
80017b08 22528
80017b00 22528
800264a8 22528
80017af8 22528
800253ac 22528
80017af4 22528
800253aa 22528
800253a6 22528
800253a2 22528
80017af0 22528
8002539e 22528
80017aec 22528
8002539a 22528
80025396 22528
80025392 22528
8002538e 22528
8002538a 22528
80026480 22528
8002644e 22528
80026452 22528
80026456 22528
8002645a 22528
8002645e 22528
80026462 22528
80026466 22528
8002646a 22528
8002646c 22528
80026470 22528
80026476 22528
80026478 22528
80018c6e 22528
8002647c 22528
8001be68 22528
80026484 22528
80026488 22528
8001acce 22528
80018c5a 22528
8002648c 22528
8001acd8 22528
80026490 22528
8001acdc 22528
80026494 22528
80026496 22528
8002649a 22528
8002649e 22528
800264a2 22528
800264a4 22528
8001de82 22528
80018c58 22528
80018ca6 22528
8001decc 22528
8001dec8 22528
8001dec4 22528
8001dec0 22528
8001deb4 22528
8001dea8 22528
8001de9e 22528
8001de92 22528
8002b760 22528
8001de8e 22528
8001de8a 22528
8001de86 22528
8001defc 22528
8001de7e 22528
8001de7a 22528
8001de76 22528
8001de70 22528
80019c32 22528
80019c5a 22528
80019c6e 22528
80019c76 22528
80019c8a 22528
80019c9e 22528
80019d5a 22528
80019d56 22528
80019cb2 22528
80019d42 22528
8001df72 22528
8001dfd4 22528
8001dfcc 22528
8001dfc8 22528
8001dfc2 22528
8001dfbe 22528
8001dfba 22528
8001df9a 22528
8001df8e 22528
8001df8a 22528
8001df86 22528
8001df82 22528
8001df7e 22528
8001df7a 22528
8001df76 22528
80019d3e 22528
8001df6e 22528
8002b7aa 22528
8002b7a6 22528
8001df1a 22528
8001df0c 22528
8001df08 22528
8002b79a 22528
8001df04 22528
8001df00 22528
80018c14 22528
80018c28 22528
8002b796 22528
80018c30 22528
80018c44 22528
8001bde8 22528
80019c4e 22528
80019c4a 22528
80019c3e 22528
8001bd3a 22528
8001bd4e 22528
8001bd6a 22528
8001bd72 22528
8001bd78 22528
8001bd94 22528
8001bd98 22528
8001bd9c 22528
80015a58 22528
8001bdb0 22528
8001bdb4 22528
80019c52 22528
80015a68 22528
80015a6c 22528
80015a70 22528
8001bdf8 22528
80015a74 22528
80019bfa 22528
8001be08 22528
8001be0c 22528
8001be18 22528
8001be1c 22528
8001be28 22528
8001be2c 22528
8001be42 22528
8001be58 22528
80019d26 22528
80019cce 22528
80019d32 22528
80019d2e 22528
80019d2a 22528
80019d1e 22528
80019ce2 22528
80019cf6 22528
80019cee 22528
80019cea 22528
80019ce6 22528
80019cda 22528
80019cd6 22528
80019cd2 22528
80019cc6 22528
80025386 22528
80019cbe 22528
80019cba 22528
80019caa 22528
80019d3a 22528
80019ca6 22528
80019ca2 22528
80019c96 22528
80019c92 22528
80019c8e 22528
80019c82 22528
80019c7a 22528
80019c66 22528
80019c62 22528
80029646 22528
800253c8 22528
800253c4 22528
800253c0 22528
800253bc 22528
80029628 22528
8002962c 22528
80029630 22528
80029634 22528
80029638 22528
8002963c 22528
80029640 22528
80016ae0 22528
80029644 22528
800253b8 22528
800253cc 22528
8002964a 22528
80029650 22528
80029652 22528
800253b4 22528
80029656 22528
8002965a 22528
8002965e 22528
800253b0 22528
80029662 22528
80029666 22528
8002966a 22528
8002966e 22528
80029670 22528
80029674 22528
80025404 22528
80026430 22528
8002540e 22528
80026434 22528
80026438 22528
8002643c 22528
8002540a 22528
80026440 22528
80026444 22528
80019cf8 22528
80026448 22528
80019d0c 22528
8002644a 22528
80019d50 22528
80025406 22528
80016b26 22528
80025400 22528
800253fc 22528
800253f8 22528
800253f6 22528
800253f2 22528
800253ee 22528
800253ea 22528
800253e6 22528
800253e2 22528
800253de 22528
800253da 22528
800253d8 22528
800253d2 22528
800253ce 22528
8002959a 22528
80029568 22528
8002956a 22528
8002956c 22528
80029570 22528
80029574 22528
80029576 22528
8002957a 22528
8002957e 22528
80029582 22528
80029586 22528
8002958a 22528
8002958e 22528
80029592 22528
80029596 22528
80029564 22528
8002959e 22528
800295a2 22528
800295a6 22528
800295aa 22528
800295ae 22528
800295b2 22528
800295b6 22528
800295ba 22528
800295be 22528
800295c2 22528
800295c6 22528
800295ca 22528
800295ce 22528
800295d0 22528
80029530 22528
80016b22 22528
80016af4 22528
80029678 22528
8002967c 22528
8002967e 22528
80029682 22528
80016abc 22528
80029686 22528
8002968a 22528
80016aa4 22528
80016aa0 22528
80029526 22528
8002952a 22528
8002952c 22528
80025412 22528
80029534 22528
80029538 22528
8002953c 22528
80029540 22528
80029544 22528
80029548 22528
8002954c 22528
80029550 22528
80029554 22528
80029558 22528
8002955c 22528
8002955e 22528
80029560 22528
8002638e 22528
80026376 22528
8002637a 22528
8002637e 22528
80026382 22528
80026384 22528
80026386 22528
80025326 22528
80025322 22528
8002531e 22528
8002531a 22528
80025316 22528
80025312 22528
8002638a 22528
8002530e 22528
80026372 22528
8002530a 22528
80026390 22528
80026392 22528
80025306 22528
80026396 22528
8002639a 22528
80025302 22528
8002639c 22528
800252fe 22528
800263a0 22528
800263a4 22528
800252fc 22528
800252f8 22528
800252f4 22528
80025358 22528
80025382 22528
80017ad4 22528
8002537e 22528
8002537a 22528
80025376 22528
80025372 22528
80017ad0 22528
8002536e 22528
8002536a 22528
80017ac8 22528
80025366 22528
80025362 22528
8002535e 22528
8002535a 22528
800263a8 22528
8002636a 22528
80025356 22528
80025352 22528
8002636e 22528
8002534e 22528
8002534a 22528
80025346 22528
80025342 22528
8002533e 22528
8002533a 22528
80025336 22528
80025332 22528
8002532e 22528
8002532a 22528
80019c20 22528
800252dc 22528
80026400 22528
80026404 22528
80026408 22528
8002640c 22528
80026410 22528
800252d8 22528
800252d4 22528
80026414 22528
800252d0 22528
80019c0c 22528
800252cc 22528
80026418 22528
800252c8 22528
800252e0 22528
800252c4 22528
80019c34 22528
800252c0 22528
800252bc 22528
80019c48 22528
8002641c 22528
800252b8 22528
80026420 22528
800252b4 22528
80026424 22528
800252b2 22528
80026428 22528
800252ae 22528
8002642c 22528
800263d4 22528
800252f2 22528
800252f0 22528
800263ac 22528
800252ec 22528
800252e8 22528
800263b0 22528
800263b4 22528
800263b8 22528
800263bc 22528
800263c0 22528
800263c4 22528
800263c8 22528
800263cc 22528
800263d0 22528
800285ec 22528
800263d8 22528
800263dc 22528
800263e0 22528
800263e4 22528
800263e8 22528
800263ec 22528
800263f0 22528
800252e6 22528
800263f4 22528
800252e4 22528
800263f6 22528
800263f8 22528
800263fc 22528
800200f0 22528
800200d0 22528
800200d6 22528
800200d8 22528
800200dc 22528
8001cf2a 22528
800200e0 22528
800200e4 22528
800200e8 22528
80018be4 22528
800200ec 22528
8002a6d6 22528
800200cc 22528
80018b62 22528
800200f4 22528
8001f028 22528
8002a6ce 22528
8001f02c 22528
800200f6 22528
800200fa 22528
8002a6ca 22528
800200fe 22528
8002a6c6 22528
8001f02e 22528
80017b76 22528
80018b94 22528
8001cece 22528
8001cee0 22528
8001cee4 22528
8001cef2 22528
80017adc 22528
8001cefc 22528
8001cf06 22528
80017b2e 22528
8001cf0a 22528
8001cf0e 22528
8001f032 22528
80017bd0 22528
8001f024 22528
80017bd8 22528
800200ae 22528
800200b2 22528
800200b6 22528
800200ba 22528
800200be 22528
800200c2 22528
800200c6 22528
800200ca 22528
80018c5e 22528
8001f06a 22528
8001f06e 22528
8001f072 22528
8001ef0e 22528
8001ef12 22528
80018b96 22528
8001ffb0 22528
8001ffb2 22528
8001ffb6 22528
8001ffba 22528
8001ffbe 22528
8001f066 22528
80018c66 22528
80018c6a 22528
8001ef14 22528
8001ef18 22528
8001ef1c 22528
8001ffc2 22528
8001ffc6 22528
8001ef20 22528
8002b756 22528
8001ef24 22528
8001ef28 22528
80018b72 22528
8001ffac 22528
8001f038 22528
8001f03a 22528
8001f03e 22528
8001f042 22528
80018b66 22528
8001f046 22528
8001f04a 22528
8001f04e 22528
80018b6e 22528
8001f052 22528
80018bac 22528
80018b76 22528
80018b7a 22528
80018b82 22528
8001f056 22528
8001f058 22528
8001f05c 22528
80018b8a 22528
80018b8e 22528
80018b92 22528
8001f060 22528
8001f064 22528
80018c50 22528
8002108e 22528
80021080 22528
80021076 22528
8002106e 22528
80021066 22528
80018ca0 22528
80018c9c 22528
80018c98 22528
80018c8c 22528
80018c7c 22528
80018c54 22528
80021092 22528
8001ce4a 22528
80018c4c 22528
800200aa 22528
80018c48 22528
80018c40 22528
800200a8 22528
800200a4 22528
800200a0 22528
80018c38 22528
8002009c 22528
80018c34 22528
8001acb0 22528
80017bb6 22528
80017bb2 22528
80017bae 22528
80017baa 22528
80017ba6 22528
80017ba2 22528
80021096 22528
8001adc0 22528
8001ade0 22528
8001ade4 22528
8001adf2 22528
80020098 22528
8001acb4 22528
8001acb8 22528
8001acbc 22528
8001acd4 22528
8001ace6 22528
8001acee 22528
8001acf2 22528
8001ad56 22528
8001ad5a 22528
8001ad7e 22528
8001ad86 22528
8001f010 22528
80018bf4 22528
80020088 22528
80020084 22528
80020080 22528
8002007c 22528
80020078 22528
80018bf0 22528
80018bec 22528
80018be8 22528
80018be0 22528
80018bd8 22528
8002008c 22528
8001f014 22528
8001f018 22528
80018bd0 22528
8001f01c 22528
8001f020 22528
8001ceb6 22528
80018bc4 22528
8001ceba 22528
80018bc0 22528
80018bbc 22528
80018bb0 22528
8001ce96 22528
8001ce5e 22528
8001ce62 22528
8001ce66 22528
80020094 22528
8001ce7a 22528
80018c04 22528
8001be32 22528
8001bdde 22528
80018c00 22528
8001bdd4 22528
8001bdd0 22528
8001ffca 22528
8001bdcc 22528
8001bdb8 22528
80018bfc 22528
8001bd6e 22528
8001bd56 22528
80020090 22528
8001bd52 22528
8001be82 22528
8001be52 22528
8001ce9e 22528
80020030 22528
8002b6b6 22528
80020054 22528
8001ffea 22528
80020050 22528
8002004c 22528
80020048 22528
80020044 22528
80020040 22528
8002003c 22528
80020038 22528
80020034 22528
8001ffe6 22528
8002002c 22528
80020028 22528
80020024 22528
80020020 22528
8002001c 22528
80020018 22528
80020014 22528
80020010 22528
8002000c 22528
80020008 22528
80020004 22528
8002b6de 22528
80020064 22528
8001ffe4 22528
8002b6fa 22528
80020060 22528
8002005c 22528
8002b6f6 22528
8002b6f2 22528
8002b6ee 22528
8002b6ea 22528
8002b6e6 22528
8002b6e2 22528
80020000 22528
8002b6da 22528
8002b6d6 22528
8002b6d2 22528
8002b6ce 22528
8002b6ca 22528
80020058 22528
8002b6c6 22528
8002b6c2 22528
8002b6be 22528
80020056 22528
8002b6ba 22528
8002b69a 22528
8002b670 22528
8002b674 22528
8002b678 22528
8002b67c 22528
8002b680 22528
8002b684 22528
8002b688 22528
8002b68c 22528
8002b690 22528
8002b694 22528
8002b698 22528
8002b66c 22528
8001fff0 22528
8002a5f6 22528
8002b69c 22528
8002b6a0 22528
8002b6a4 22528
8002b6a6 22528
8002b6b2 22528
8002b6b0 22528
8002b6ac 22528
8001ffee 22528
8002b6a8 22528
8002b78e 22528
8001fffc 22528
8001fffa 22528
8001fff6 22528
8001fff2 22528
8002a5e2 22528
8002b764 22528
8002b76c 22528
8002b770 22528
8002b774 22528
8002b782 22528
8002b786 22528
8002b6fe 22528
8002b792 22528
8002b79e 22528
8002b7ac 22528
8002b7b0 22528
8002b7b4 22528
8002b7b8 22528
8002b7be 22528
8002b662 22528
8002b666 22528
8002b668 22528
8001ef82 22528
8001ef58 22528
8001ef5c 22528
8001ef5e 22528
8001ef62 22528
8001ef66 22528
8001ef6a 22528
8001ef6e 22528
8001ef72 22528
8001ef76 22528
8001ef7a 22528
8001ef7e 22528
8001ef54 22528
8001ef86 22528
8001ef8a 22528
8001ef8e 22528
8001ef92 22528
8001ef96 22528
8001ef9a 22528
8002b72e 22528
8001ef9e 22528
8001efa2 22528
8001efa6 22528
8002b72a 22528
8001ef34 22528
8002b752 22528
8002b74e 22528
80015936 22528
8002b74a 22528
8002b746 22528
8002b742 22528
8002b73e 22528
8002b73a 22528
8002b736 22528
8001ef2c 22528
8001ef30 22528
8001efaa 22528
8001ef38 22528
8001ef3c 22528
8001ef40 22528
8001ef44 22528
8001ef46 22528
8001ef48 22528
8001ef4c 22528
8001ef50 22528
8001ffce 22528
8001ef52 22528
8002b732 22528
8002b716 22528
8001eff6 22528
8001effa 22528
8001effe 22528
8001f002 22528
8001f006 22528
8001f00a 22528
8001f00c 22528
80020074 22528
80020070 22528
8002006c 22528
8002b71a 22528
8001eff2 22528
8001ffd6 22528
8002b712 22528
8002b70e 22528
8002b70c 22528
8001ffda 22528
8002b70a 22528
8002b706 22528
8001ffde 22528
8002b702 22528
80020068 22528
8001ffe2 22528
8001efca 22528
8002b726 22528
8001efae 22528
8001efb2 22528
8002b722 22528
8001efb6 22528
8001efb8 22528
8002b71e 22528
8001efba 22528
8001efbe 22528
8001efc2 22528
8001efc6 22528
80016aac 22528
8001ffd2 22528
8001efce 22528
8001efd2 22528
8001efd6 22528
8001efda 22528
8001efde 22528
8001efe2 22528
8001efe6 22528
8001efea 22528
8001efee 22528
800221b2 22528
80022196 22528
8002219a 22528
8002219e 22528
8001ce9a 22528
800221a2 22528
800221a6 22528
80015a3a 22528
800221aa 22528
8001ce5a 22528
800221ae 22528
8001ce56 22528
8001ce46 22528
80022192 22528
800221b6 22528
8001ce42 22528
800221ba 22528
800221be 22528
8001ce2e 22528
800221c2 22528
8001ce26 22528
800221c6 22528
800221ca 22528
800221ce 22528
8001ce0a 22528
800221d2 22528
8002217e 22528
80016acc 22528
8002216a 22528
80016ad0 22528
8002216e 22528
80017b26 22528
80022172 22528
80016ad4 22528
8002a6d2 22528
80017b22 22528
80017b1e 22528
80022176 22528
8002217a 22528
8001cdd6 22528
80022182 22528
80017b02 22528
8001592e 22528
80017af6 22528
80017ae8 22528
80022186 22528
8002218a 22528
8001cea6 22528
80015932 22528
8002218e 22528
80022190 22528
80016b4c 22528
800242e8 22528
800242e4 22528
80016af8 22528
800242e0 22528
800242dc 22528
800242d8 22528
80016afc 22528
800242d4 22528
800242d0 22528
8001ac9c 22528
800242cc 22528
80016b1c 22528
800242ec 22528
800242c8 22528
80016b5c 22528
80016b60 22528
80016b64 22528
800242c4 22528
80016b6a 22528
800242c0 22528
800242bc 22528
80016b6e 22528
800242ba 22528
800242b8 22528
8002430c 22528
800221d6 22528
800221da 22528
8001cf16 22528
8001cf12 22528
80017ae4 22528
800221de 22528
80017ae0 22528
80017bf2 22528
800221e2 22528
800221e4 22528
80017ad8 22528
8002430e 22528
80022166 22528
80024308 22528
80024304 22528
80016ae4 22528
80024300 22528
800242fc 22528
80016ae8 22528
800242f8 22528
80017ac2 22528
80017abe 22528
800242f4 22528
800242f0 22528
80017bfe 22528
80015916 22528
8002106a 22528
800220f4 22528
800220f8 22528
80017c08 22528
8001ad02 22528
80021062 22528
800220fc 22528
8001acfe 22528
80022100 22528
80016ab8 22528
80022104 22528
800220f0 22528
80022108 22528
8002210c 22528
80022110 22528
8001acfa 22528
80022114 22528
80022118 22528
8001591a 22528
80017bfa 22528
80017bee 22528
80017be8 22528
8002211c 22528
80022242 22528
8002222e 22528
80016ab0 22528
8001ad26 22528
80022230 22528
80022234 22528
8001ad22 22528
80021086 22528
80018c3c 22528
80022238 22528
8002107e 22528
8002223c 22528
8002223e 22528
80017bdc 22528
80022246 22528
8002224a 22528
800220e6 22528
800220ea 22528
80017c22 22528
80018bb8 22528
8001593a 22528
80017c1e 22528
8001593e 22528
800220ec 22528
80017c14 22528
80017b5e 22528
8002213a 22528
80017b86 22528
80017b82 22528
80017b7a 22528
80017b72 22528
8002213e 22528
80015a44 22528
80022142 22528
80022146 22528
80017b6a 22528
8002214a 22528
80015922 22528
8001591e 22528
80017b4e 22528
80017b46 22528
8002a6c2 22528
80017b3a 22528
8002214e 22528
80022152 22528
80022156 22528
8002215a 22528
8002215e 22528
80022162 22528
8001592a 22528
8002a71a 22528
80017bd4 22528
80017bcc 22528
80017bc8 22528
8002211e 22528
80017bc4 22528
80017bc0 22528
80017bbc 22528
80015a40 22528
80022120 22528
80016aca 22528
80017b9e 22528
80022124 22528
80017c16 22528
80022128 22528
80017b9a 22528
8002212a 22528
8002212c 22528
80017b96 22528
80017b92 22528
80022130 22528
80017b8e 22528
80017b8a 22528
80022134 22528
80022136 22528
800211a0 22528
80024330 22528
8002432e 22528
8002432a 22528
80024326 22528
80024322 22528
8002431e 22528
8002431a 22528
80024316 22528
80024312 22528
800211a4 22528
80017b3e 22528
80024334 22528
80017b36 22528
80017b62 22528
80017b6e 22528
80017b66 22528
8002a6ee 22528
8001acf6 22528
8002a6e2 22528
8002a6de 22528
8002a6da 22528
8001acda 22528
80024350 22528
80017b16 22528
8002436c 22528
80024368 22528
80016b80 22528
80024366 22528
80024362 22528
8002435e 22528
8002435a 22528
80024358 22528
80024354 22528
8001acd0 22528
8002105a 22528
8002434c 22528
80024348 22528
80016b84 22528
80024344 22528
80024340 22528
8002433c 22528
8002433a 22528
8002105e 22528
8002a70e 22528
8001ad3a 22528
80016a70 22528
8001adb4 22528
8001ad98 22528
8001ad94 22528
8001ad82 22528
8001ad7a 22528
8001ad62 22528
8001ad5e 22528
8002a5ce 22528
8001ad3e 22528
8001adc6 22528
8002a5ca 22528
8001ad36 22528
8001ad32 22528
8001ad1a 22528
8001ad12 22528
8001ad0e 22528
8001ad0a 22528
8002111c 22528
80021118 22528
80017c10 22528
8001aca8 22528
8001acc8 22528
8002a66e 22528
8001acc0 22528
8001ace0 22528
8001acea 22528
8002a612 22528
8002a60e 22528
8002a60a 22528
8002a606 22528
8002a5da 22528
800242b0 22528
8001ac9a 22528
8002b7a2 22528
8002b768 22528
8001ac96 22528
8002a5d6 22528
8001adee 22528
8001add2 22528
8001adce 22528
8001adca 22528
80021172 22528
8002423a 22528
8002421e 22528
80024222 22528
80024278 22528
80024274 22528
80024226 22528
80024270 22528
8002422a 22528
8002426c 22528
8001dfd0 22528
80024268 22528
80017b0e 22528
80024232 22528
800211a8 22528
8002a716 22528
80024236 22528
80016b72 22528
8002423e 22528
80024264 22528
80024242 22528
80024260 22528
8002425e 22528
80024246 22528
8002425a 22528
80024256 22528
80024248 22528
8002424a 22528
8001accc 22528
8002424e 22528
80024252 22528
80024254 22528
80024298 22528
800242b4 22528
80024370 22528
800242ac 22528
80016b78 22528
800242a8 22528
80024374 22528
800242a4 22528
80016b7c 22528
80024210 22528
80016b36 22528
800242a0 22528
8002429c 22528
8002427c 22528
80024294 22528
800211ac 22528
80024214 22528
80024280 22528
8002421a 22528
8002a712 22528
80024284 22528
80024216 22528
80024288 22528
8002428c 22528
80024290 22528
8004a79e 25344
8004a896 25344
8004a186 25344
8004a7a2 25344
8004a7ba 25344
8004a192 25344
8004a7a6 25344
8004a18e 25344
8004a7aa 25344
8004a17c 25344
8004a7b6 25344
8004a7ae 25344
8004a18a 25344
8004a180 25344
8004a7b2 25344
8004a178 25344
8004a89a 25344
8004a184 25344
80001f80 38048
80001f82 38048
80001f8a 38048
80001f6e 38048
80001f7e 38048
80001f88 38048
80001f86 38048
80001f74 38048
80001f78 38048
80001f72 38048
80001f7a 38048
800150f4 45056
8004a19a 45056
8004a788 45056
8004a196 45056
800150fc 45056
800150f8 45056
800151e2 45056
800150e0 45056
8004a78e 45056
8004a176 45056
800150f0 45056
80015206 45056
8004a77c 45056
800150ec 45056
8004a19c 45056
800150e8 45056
80015108 45056
8004a172 45056
800151de 45056
80015104 45056
8004a15e 45056
8004a15a 45056
80015100 45056
800151fe 45056
8004a1a0 45056
8004a58c 45056
800151ea 45056
800151ee 45056
800151f2 45056
800151f6 45056
800151fa 45056
80015202 45056
8004a166 45056
8004a79a 45056
8004a162 45056
8001510a 45056
8004a194 45056
8004a792 45056
8004a584 45056
800150e2 45056
8004a780 45056
8004a19e 45056
8004a588 45056
8004a78a 45056
8004a590 45056
800151e6 45056
8004a15c 45056
8004a164 45056
800150e6 45056
8004a784 45056
8004a796 45056
8004a16e 45056
8004a16a 45056
8002baa0 64000
8002ba98 64000
8002ba9c 64000
8002baa8 64000
8002baa2 64000
8002baa4 64000
8002baac 64000
8002bab0 64000
8002bab4 64000
8002baf8 64000
8002bafa 64000
8002baf6 64000
8002baf2 64000
8002baee 64000
8002baea 64000
8002bae6 64000
8002bae2 64000
8002bade 64000
8002bada 64000
8002bad6 64000
8002bad2 64000
8002bace 64000
8002baca 64000
8002bac6 64000
8002bac2 64000
8002babe 64000
8002baba 64000
8002bab6 64000
80012ea0 90112
80012ee8 90112
80012ef4 90112
80012ef0 90112
80012e94 90112
80012e98 90112
80012e9c 90112
80012ea4 90112
80012ea8 90112
80012eac 90112
80012eb0 90112
80012eb4 90112
80012eb8 90112
80012ebc 90112
80012eec 90112
80012ec0 90112
80012ee4 90112
80012ec4 90112
80012ec8 90112
80012ecc 90112
80012ed0 90112
80012ed4 90112
80012ee0 90112
80012edc 90112
80012ed8 90112
80012ed6 90112
80012ef8 90112
80012f14 90112
80012f10 90112
80012f0c 90112
80012f08 90112
80012f18 90112
80012f1a 90112
80012f04 90112
80012f00 90112
80012f1c 90112
80012f1e 90112
80012efc 90112
8001259a 92160
8001259e 92160
80012596 92160
800125f8 92160
800125d2 92160
800125f4 92160
800125f0 92160
800125ee 92160
800125fc 92160
800125ea 92160
800125de 92160
800125da 92160
80012608 92160
8001260c 92160
8001260e 92160
800125a2 92160
800125ae 92160
800125b2 92160
800125b4 92160
800125b8 92160
8001261a 92160
80012616 92160
800125d6 92160
800125d0 92160
80012612 92160
800125bc 92160
800125c0 92160
800125cc 92160
8001255e 92160
80012548 92160
80012544 92160
80012540 92160
8001253c 92160
80012594 92160
8001253a 92160
80012536 92160
80012554 92160
80012558 92160
8001255a 92160
80012562 92160
80012566 92160
80012572 92160
80012576 92160
80012578 92160
80012580 92160
8001257c 92160
80012590 92160
80012584 92160
80000048 140762
80000044 140762
8000004a 140762
80000040 140763
8000003c 140763
80000038 140763
8001511c 180224
8001392e 180224
80015194 180224
8001392a 180224
8001510c 180224
800151a0 180224
800138d6 180224
800138e2 180224
800138de 180224
80013926 180224
800138da 180224
8001390a 180224
80013922 180224
8001390e 180224
800151ce 180224
8001391e 180224
8001391a 180224
80013916 180224
80013912 180224
8001395a 180224
80013952 180224
8001394e 180224
8001394a 180224
80013946 180224
80013942 180224
800138fa 180224
80013956 180224
8001393e 180224
800138fe 180224
8001393a 180224
80013902 180224
80013936 180224
80013906 180224
800138f6 180224
8001395c 180224
80013960 180224
80013964 180224
80013932 180224
80013968 180224
800151d2 180224
800138f2 180224
800138ee 180224
800138ea 180224
800138e6 180224
8001389a 180224
8001515c 180224
800151d6 180224
80015160 180224
80015164 180224
80015168 180224
8001513c 180224
800151da 180224
8001516c 180224
8001512c 180224
8001389e 180224
8001518c 180224
800138a2 180224
80015178 180224
80015190 180224
800138a6 180224
80015114 180224
80015188 180224
80015144 180224
800151cc 180224
800151c8 180224
80015148 180224
8001514c 180224
80015184 180224
80015180 180224
8001517c 180224
80015118 180224
80015110 180224
80015150 180224
80015154 180224
80015158 180224
80015120 180224
80015124 180224
80015128 180224
80015170 180224
800138ce 180224
800138ca 180224
800151c4 180224
800151c0 180224
800151bc 180224
800151b8 180224
800151b4 180224
800151b0 180224
800151ac 180224
800151a8 180224
800151a4 180224
8001519c 180224
80015198 180224
800138c6 180224
80015174 180224
80015140 180224
800138aa 180224
80015130 180224
800138ae 180224
800138b2 180224
80015134 180224
800138b6 180224
800138ba 180224
800138be 180224
80015138 180224
800138c2 180224
800138d2 180224
800025a2 205828
800025ae 205828
800025a6 205828
800025aa 205828
800025a8 205828
800017de 240001
8000180a 240001
80001b44 255992
80001b3e 255992
80001b4e 255992
80001b4c 255992
80001b40 255992
80001b3a 255992
80001b82 256000
80001b80 256000
80001b86 256000
80001bdc 256000
80001b8a 256000
80001b7c 256000
80001bda 256000
80001c14 256000
80001c10 256000
80001c0c 256000
80001c08 256000
80001c04 256000
80001bf8 256000
80001bf0 256000
80001bec 256000
80001be4 256000
80001bd8 256000
80001bde 256000
80001be2 256000
80001c0e 256000
80001be6 256000
80001bea 256000
80001bf2 256000
80001bf6 256000
80001bfa 256000
80001bfe 256000
80001c02 256000
80001c06 256000
80001c0a 256000
800017ce 256002
800017ec 256002
800025ba 256002
8000179a 256002
80001784 256002
800017f0 256002
800017f4 256002
800017fa 256002
80001802 256002
80001806 256002
8000180e 256002
80001812 256002
80001816 256002
8000181a 256002
8000181e 256002
80001822 256002
80001798 256002
800025bc 256002
80001826 256002
8000182a 256002
800017c6 256002
8000179e 256002
800017a2 256002
800017a6 256002
800017aa 256002
800017ae 256002
800017b2 256002
800017b6 256002
800017ba 256002
800017be 256002
800017c2 256002
800017ea 256002
800017c8 256002
800017ca 256002
80001820 256002
800017d2 256002
800017d6 256002
800017da 256002
800017e2 256002
800017e4 256002
800017e6 256002
800017d8 256002
800017e8 256002
800017f8 256002
800017fe 256002
8000178e 256002
80001792 256002
80001810 256002
80001794 256002
80001814 256002
80001818 256002
8000181c 256002
800017e0 256002
80001824 256002
80001828 256002
800017b0 256002
800017ac 256002
800017a8 256002
800017a4 256002
80002576 256002
800017a0 256002
8000179c 256002
80001796 256002
80001790 256002
8000178a 256002
80001786 256002
80001788 256002
80002574 256002
8000184c 256016
80001836 256016
8000183a 256016
8000183e 256016
80001842 256016
80001846 256016
8000184a 256016
80001852 256016
8000185a 256016
80001856 256016
80001858 256016
80001854 256016
8000184e 256016
80001832 256016
8000258c 268713
80002550 268713
80002558 268713
80002552 268713
80002556 268713
8000258e 268713
8000255a 268713
8000260c 366895
8000260a 366895
8000260e 366895
80002578 512004
8000258a 512004
8000254c 524715
8000254e 524715
80002548 524715
80001896 768048
800018d6 768048
8000189a 768048
8000189e 768048
800018e6 768048
800018a2 768048
800018a6 768048
800018aa 768048
800018ae 768048
800018b2 768048
800018b6 768048
800018ba 768048
800018e2 768048
800018de 768048
800018c0 768048
800018da 768048
800018ca 768048
800018ce 768048
800018d0 768048
80001878 768048
800018d2 768048
800018c6 768048
800018c2 768048
800018bc 768048
80001892 768048
8000188e 768048
8000188a 768048
80001886 768048
80001882 768048
8000187e 768048
8000187a 768048
80001874 768048
800018ee 768048
800018ea 768048
8000194a 1008063
80001948 1008063
80001946 1008063
80001944 1008063
80001942 1008063
80001940 1008063
800019b2 1024064
8000195a 1024064
8000199e 1024064
800019fa 1024064
800019a2 1024064
800019f6 1024064
800019ee 1024064
800019a6 1024064
800019ea 1024064
8000195e 1024064
80001962 1024064
80001966 1024064
80001996 1024064
8000199a 1024064
80001992 1024064
800019aa 1024064
800019ae 1024064
800019bc 1024064
800019c0 1024064
800019e6 1024064
800019b6 1024064
800019e2 1024064
800019ba 1024064
800019c4 1024064
800019c8 1024064
800019cc 1024064
800019d0 1024064
800019d4 1024064
800019e4 1024064
800019fe 1024064
800019f4 1024064
800019f0 1024064
800019d6 1024064
800019e8 1024064
800019da 1024064
8000194c 1024064
80001950 1024064
800019de 1024064
800019e0 1024064
8000198e 1024064
80001a00 1024064
80001954 1024064
80001958 1024064
8000196a 1024064
8000196e 1024064
80001972 1024064
80001976 1024064
8000197a 1024064
8000197e 1024064
80001982 1024064
80001986 1024064
8000198a 1024064
80002586 2048072
8000257e 2048072
80002582 2048072
8000257a 2048072
80002580 2048072
